@!@!@STARTMSG 2262:0 @!@!@
TLC2 Version 2.16 of 31 December 2020 (rev: cdddf55)
@!@!@ENDMSG 2262 @!@!@
@!@!@STARTMSG 2187:0 @!@!@
Running breadth-first search Model-Checking with fp 30 and seed -3104812663487500090 with 5 workers on 10 cores with 1214MB heap and 2730MB offheap memory [pid: 2792] (Mac OS X 10.16 x86_64, AdoptOpenJDK 14.0.1 x86_64, OffHeapDiskFPSet, DiskStateQueue).
@!@!@ENDMSG 2187 @!@!@
@!@!@STARTMSG 2220:0 @!@!@
Starting SANY...
@!@!@ENDMSG 2220 @!@!@
Parsing file /Users/junhaohu/Desktop/Files/twoPhaseSingleShard.toolbox/twoPhaseSingleShard/MC.tla
Parsing file /Users/junhaohu/Desktop/Files/twoPhaseSingleShard.toolbox/twoPhaseSingleShard/twoPhaseSingleShard.tla
Parsing file /private/var/folders/6x/qls53vqx0s58w_mhxknhtyp80000gn/T/AppTranslocation/434B3DA0-BDC6-4BD9-A577-35069A415426/d/TLA+ Toolbox.app/Contents/Eclipse/plugins/org.lamport.tlatools_1.0.0.202012311918/tla2sany/StandardModules/TLC.tla
Parsing file /private/var/folders/6x/qls53vqx0s58w_mhxknhtyp80000gn/T/AppTranslocation/434B3DA0-BDC6-4BD9-A577-35069A415426/d/TLA+ Toolbox.app/Contents/Eclipse/plugins/org.lamport.tlatools_1.0.0.202012311918/tla2sany/StandardModules/Integers.tla
Parsing file /private/var/folders/6x/qls53vqx0s58w_mhxknhtyp80000gn/T/AppTranslocation/434B3DA0-BDC6-4BD9-A577-35069A415426/d/TLA+ Toolbox.app/Contents/Eclipse/plugins/org.lamport.tlatools_1.0.0.202012311918/tla2sany/StandardModules/Sequences.tla
Parsing file /private/var/folders/6x/qls53vqx0s58w_mhxknhtyp80000gn/T/AppTranslocation/434B3DA0-BDC6-4BD9-A577-35069A415426/d/TLA+ Toolbox.app/Contents/Eclipse/plugins/org.lamport.tlatools_1.0.0.202012311918/tla2sany/StandardModules/FiniteSets.tla
Parsing file /Users/junhaohu/Desktop/Files/twoPhaseSingleShard.toolbox/twoPhaseSingleShard/FiniteSetsExt.tla
Parsing file /Users/junhaohu/Desktop/Files/twoPhaseSingleShard.toolbox/twoPhaseSingleShard/SequencesExt.tla
Parsing file /Users/junhaohu/Desktop/Files/twoPhaseSingleShard.toolbox/twoPhaseSingleShard/TLCExt.tla
Parsing file /private/var/folders/6x/qls53vqx0s58w_mhxknhtyp80000gn/T/AppTranslocation/434B3DA0-BDC6-4BD9-A577-35069A415426/d/TLA+ Toolbox.app/Contents/Eclipse/plugins/org.lamport.tlatools_1.0.0.202012311918/tla2sany/StandardModules/Naturals.tla
Parsing file /Users/junhaohu/Desktop/Files/twoPhaseSingleShard.toolbox/twoPhaseSingleShard/Folds.tla
Parsing file /Users/junhaohu/Desktop/Files/twoPhaseSingleShard.toolbox/twoPhaseSingleShard/Functions.tla
Semantic processing of module Naturals
Semantic processing of module Integers
Semantic processing of module Sequences
Semantic processing of module FiniteSets
Semantic processing of module TLC
Semantic processing of module Folds
Semantic processing of module Functions
Semantic processing of module FiniteSetsExt
Semantic processing of module SequencesExt
Semantic processing of module TLCExt
Semantic processing of module twoPhaseSingleShard
Semantic processing of module MC
@!@!@STARTMSG 2219:0 @!@!@
SANY finished.
@!@!@ENDMSG 2219 @!@!@
@!@!@STARTMSG 2185:0 @!@!@
Starting... (2025-08-11 14:17:32)
@!@!@ENDMSG 2185 @!@!@
@!@!@STARTMSG 2189:0 @!@!@
Computing initial states...
@!@!@ENDMSG 2189 @!@!@
@!@!@STARTMSG 2190:0 @!@!@
Finished computing initial states: 1 distinct state generated at 2025-08-11 14:17:33.
@!@!@ENDMSG 2190 @!@!@
@!@!@STARTMSG 2200:0 @!@!@
Progress(12) at 2025-08-11 14:17:36: 15,559 states generated (15,559 s/min), 5,591 distinct states found (5,591 ds/min), 3,020 states left on queue.
@!@!@ENDMSG 2200 @!@!@
@!@!@STARTMSG 2200:0 @!@!@
Progress(18) at 2025-08-11 14:18:36: 383,622 states generated (368,063 s/min), 130,685 distinct states found (125,094 ds/min), 35,825 states left on queue.
@!@!@ENDMSG 2200 @!@!@
@!@!@STARTMSG 2200:0 @!@!@
Progress(22) at 2025-08-11 14:19:36: 571,388 states generated (187,766 s/min), 196,087 distinct states found (65,402 ds/min), 2,136 states left on queue.
@!@!@ENDMSG 2200 @!@!@
@!@!@STARTMSG 2193:0 @!@!@
Model checking completed. No error has been found.
  Estimates of the probability that TLC did not check all reachable states
  because two distinct states had the same fingerprint:
  calculated (optimistic):  val = 4.0E-9
  based on the actual fingerprints:  val = 8.8E-10
@!@!@ENDMSG 2193 @!@!@
@!@!@STARTMSG 2201:0 @!@!@
The coverage statistics at 2025-08-11 14:19:41
@!@!@ENDMSG 2201 @!@!@
@!@!@STARTMSG 2773:0 @!@!@
<Init line 1344, col 2 to line 1344, col 5 of module twoPhaseSingleShard>: 1:1
@!@!@ENDMSG 2773 @!@!@
@!@!@STARTMSG 2775:0 @!@!@
  line 1351, col 16 to line 1351, col 80 of module twoPhaseSingleShard: 1:18
@!@!@ENDMSG 2775 @!@!@
@!@!@STARTMSG 2221:0 @!@!@
  |line 1351, col 23 to line 1351, col 26 of module twoPhaseSingleShard: 1
@!@!@ENDMSG 2221 @!@!@
@!@!@STARTMSG 2775:0 @!@!@
  ||line 1346, col 17 to line 1346, col 75 of module twoPhaseSingleShard: 1:25
@!@!@ENDMSG 2775 @!@!@
@!@!@STARTMSG 2221:0 @!@!@
  |||line 1346, col 19 to line 1346, col 39 of module twoPhaseSingleShard: 3
@!@!@ENDMSG 2221 @!@!@
@!@!@STARTMSG 2221:0 @!@!@
  |||line 1346, col 49 to line 1346, col 73 of module twoPhaseSingleShard: 1
@!@!@ENDMSG 2221 @!@!@
@!@!@STARTMSG 2221:0 @!@!@
  |line 1351, col 35 to line 1351, col 39 of module twoPhaseSingleShard: 1
@!@!@ENDMSG 2221 @!@!@
@!@!@STARTMSG 2221:0 @!@!@
  |line 1351, col 48 to line 1351, col 64 of module twoPhaseSingleShard: 1
@!@!@ENDMSG 2221 @!@!@
@!@!@STARTMSG 2221:0 @!@!@
  line 1352, col 6 to line 1352, col 28 of module twoPhaseSingleShard: 1
@!@!@ENDMSG 2221 @!@!@
@!@!@STARTMSG 2221:0 @!@!@
  line 1353, col 6 to line 1353, col 45 of module twoPhaseSingleShard: 1
@!@!@ENDMSG 2221 @!@!@
@!@!@STARTMSG 2221:0 @!@!@
  line 1354, col 6 to line 1354, col 44 of module twoPhaseSingleShard: 1
@!@!@ENDMSG 2221 @!@!@
@!@!@STARTMSG 2221:0 @!@!@
  line 1355, col 6 to line 1355, col 43 of module twoPhaseSingleShard: 1
@!@!@ENDMSG 2221 @!@!@
@!@!@STARTMSG 2221:0 @!@!@
  line 1356, col 6 to line 1360, col 6 of module twoPhaseSingleShard: 1
@!@!@ENDMSG 2221 @!@!@
@!@!@STARTMSG 2221:0 @!@!@
  line 1362, col 6 to line 1362, col 66 of module twoPhaseSingleShard: 1
@!@!@ENDMSG 2221 @!@!@
@!@!@STARTMSG 2221:0 @!@!@
  line 1363, col 6 to line 1363, col 36 of module twoPhaseSingleShard: 1
@!@!@ENDMSG 2221 @!@!@
@!@!@STARTMSG 2221:0 @!@!@
  line 1365, col 6 to line 1365, col 21 of module twoPhaseSingleShard: 1
@!@!@ENDMSG 2221 @!@!@
@!@!@STARTMSG 2221:0 @!@!@
  line 1367, col 6 to line 1367, col 13 of module twoPhaseSingleShard: 1
@!@!@ENDMSG 2221 @!@!@
@!@!@STARTMSG 2772:0 @!@!@
<Next line 1370, col 3 to line 1370, col 6 of module twoPhaseSingleShard (1371 8 1373 35)>: 37411:140445
@!@!@ENDMSG 2772 @!@!@
@!@!@STARTMSG 2221:0 @!@!@
  line 1210, col 7 to line 1210, col 26 of module twoPhaseSingleShard: 12103068
@!@!@ENDMSG 2221 @!@!@
@!@!@STARTMSG 2221:0 @!@!@
  |line 1210, col 7 to line 1210, col 14 of module twoPhaseSingleShard: 11962623
@!@!@ENDMSG 2221 @!@!@
@!@!@STARTMSG 2221:0 @!@!@
  line 1211, col 7 to line 1211, col 39 of module twoPhaseSingleShard: 1904445
@!@!@ENDMSG 2221 @!@!@
@!@!@STARTMSG 2221:0 @!@!@
  |line 1211, col 7 to line 1211, col 7 of module twoPhaseSingleShard: 1764000
@!@!@ENDMSG 2221 @!@!@
@!@!@STARTMSG 2221:0 @!@!@
  |line 1211, col 13 to line 1211, col 39 of module twoPhaseSingleShard: 1764000
@!@!@ENDMSG 2221 @!@!@
@!@!@STARTMSG 2221:0 @!@!@
  line 72, col 12 to line 72, col 39 of module twoPhaseSingleShard: 0
@!@!@ENDMSG 2221 @!@!@
@!@!@STARTMSG 2221:0 @!@!@
  line 72, col 12 to line 72, col 39 of module twoPhaseSingleShard: 0
@!@!@ENDMSG 2221 @!@!@
@!@!@STARTMSG 2221:0 @!@!@
  line 635, col 10 to line 635, col 53 of module twoPhaseSingleShard: 1764000
@!@!@ENDMSG 2221 @!@!@
@!@!@STARTMSG 2221:0 @!@!@
  line 637, col 12 to line 637, col 61 of module twoPhaseSingleShard: 1499360
@!@!@ENDMSG 2221 @!@!@
@!@!@STARTMSG 2221:0 @!@!@
  line 603, col 16 to line 609, col 77 of module twoPhaseSingleShard: 922670
@!@!@ENDMSG 2221 @!@!@
@!@!@STARTMSG 2221:0 @!@!@
  line 610, col 16 to line 610, col 28 of module twoPhaseSingleShard: 922670
@!@!@ENDMSG 2221 @!@!@
@!@!@STARTMSG 2221:0 @!@!@
  |line 610, col 17 to line 610, col 28 of module twoPhaseSingleShard: 922670
@!@!@ENDMSG 2221 @!@!@
@!@!@STARTMSG 2221:0 @!@!@
  ||line 594, col 25 to line 594, col 52 of module twoPhaseSingleShard: 922670
@!@!@ENDMSG 2221 @!@!@
@!@!@STARTMSG 2221:0 @!@!@
  |||line 594, col 25 to line 594, col 48 of module twoPhaseSingleShard: 922670
@!@!@ENDMSG 2221 @!@!@
@!@!@STARTMSG 2221:0 @!@!@
  ||||line 594, col 37 to line 594, col 47 of module twoPhaseSingleShard: 922670
@!@!@ENDMSG 2221 @!@!@
@!@!@STARTMSG 2221:0 @!@!@
  |||||line 589, col 24 to line 593, col 20 of module twoPhaseSingleShard: 922670
@!@!@ENDMSG 2221 @!@!@
@!@!@STARTMSG 2221:0 @!@!@
  ||||||line 589, col 52 to line 592, col 50 of module twoPhaseSingleShard: 19544464
@!@!@ENDMSG 2221 @!@!@
@!@!@STARTMSG 2221:0 @!@!@
  |||||||line 589, col 52 to line 591, col 55 of module twoPhaseSingleShard: 19544464
@!@!@ENDMSG 2221 @!@!@
@!@!@STARTMSG 2221:0 @!@!@
  ||||||||line 589, col 52 to line 590, col 50 of module twoPhaseSingleShard: 19544464
@!@!@ENDMSG 2221 @!@!@
@!@!@STARTMSG 2221:0 @!@!@
  |||||||||line 589, col 52 to line 589, col 73 of module twoPhaseSingleShard: 19544464
@!@!@ENDMSG 2221 @!@!@
@!@!@STARTMSG 2221:0 @!@!@
  |||||||||line 590, col 42 to line 590, col 50 of module twoPhaseSingleShard: 6880071
@!@!@ENDMSG 2221 @!@!@
@!@!@STARTMSG 2221:0 @!@!@
  ||||||||line 591, col 42 to line 591, col 55 of module twoPhaseSingleShard: 3794008
@!@!@ENDMSG 2221 @!@!@
@!@!@STARTMSG 2221:0 @!@!@
  |||||||line 592, col 42 to line 592, col 50 of module twoPhaseSingleShard: 2560361
@!@!@ENDMSG 2221 @!@!@
@!@!@STARTMSG 2221:0 @!@!@
  ||||||line 589, col 31 to line 589, col 48 of module twoPhaseSingleShard: 922670
@!@!@ENDMSG 2221 @!@!@
@!@!@STARTMSG 2775:0 @!@!@
  |||||||line 58, col 5 to line 58, col 47 of module twoPhaseSingleShard: 922670:20467134
@!@!@ENDMSG 2775 @!@!@
@!@!@STARTMSG 2221:0 @!@!@
  ||||||||line 58, col 31 to line 58, col 45 of module twoPhaseSingleShard: 19544464
@!@!@ENDMSG 2221 @!@!@
@!@!@STARTMSG 2221:0 @!@!@
  ||||||||line 58, col 13 to line 58, col 27 of module twoPhaseSingleShard: 922670
@!@!@ENDMSG 2221 @!@!@
@!@!@STARTMSG 2221:0 @!@!@
  |||||||line 589, col 44 to line 589, col 47 of module twoPhaseSingleShard: 922670
@!@!@ENDMSG 2221 @!@!@
@!@!@STARTMSG 2221:0 @!@!@
  line 72, col 12 to line 72, col 39 of module twoPhaseSingleShard: 0
@!@!@ENDMSG 2221 @!@!@
@!@!@STARTMSG 2221:0 @!@!@
  line 646, col 16 to line 646, col 31 of module twoPhaseSingleShard: 0
@!@!@ENDMSG 2221 @!@!@
@!@!@STARTMSG 2221:0 @!@!@
  line 647, col 16 to line 647, col 195 of module twoPhaseSingleShard: 0
@!@!@ENDMSG 2221 @!@!@
@!@!@STARTMSG 2221:0 @!@!@
  line 648, col 18 to line 648, col 120 of module twoPhaseSingleShard: 576690
@!@!@ENDMSG 2221 @!@!@
@!@!@STARTMSG 2221:0 @!@!@
  |line 648, col 18 to line 648, col 66 of module twoPhaseSingleShard: 576690
@!@!@ENDMSG 2221 @!@!@
@!@!@STARTMSG 2221:0 @!@!@
  |line 648, col 71 to line 648, col 120 of module twoPhaseSingleShard: 214716
@!@!@ENDMSG 2221 @!@!@
@!@!@STARTMSG 2221:0 @!@!@
  line 603, col 16 to line 609, col 77 of module twoPhaseSingleShard: 361974
@!@!@ENDMSG 2221 @!@!@
@!@!@STARTMSG 2221:0 @!@!@
  line 610, col 16 to line 610, col 28 of module twoPhaseSingleShard: 129366
@!@!@ENDMSG 2221 @!@!@
@!@!@STARTMSG 2221:0 @!@!@
  |line 610, col 17 to line 610, col 28 of module twoPhaseSingleShard: 129366
@!@!@ENDMSG 2221 @!@!@
@!@!@STARTMSG 2221:0 @!@!@
  ||line 594, col 25 to line 594, col 52 of module twoPhaseSingleShard: 129366
@!@!@ENDMSG 2221 @!@!@
@!@!@STARTMSG 2221:0 @!@!@
  |||line 594, col 25 to line 594, col 48 of module twoPhaseSingleShard: 129366
@!@!@ENDMSG 2221 @!@!@
@!@!@STARTMSG 2221:0 @!@!@
  ||||line 594, col 37 to line 594, col 47 of module twoPhaseSingleShard: 129366
@!@!@ENDMSG 2221 @!@!@
@!@!@STARTMSG 2221:0 @!@!@
  |||||line 589, col 24 to line 593, col 20 of module twoPhaseSingleShard: 129366
@!@!@ENDMSG 2221 @!@!@
@!@!@STARTMSG 2221:0 @!@!@
  ||||||line 589, col 52 to line 592, col 50 of module twoPhaseSingleShard: 2639673
@!@!@ENDMSG 2221 @!@!@
@!@!@STARTMSG 2221:0 @!@!@
  |||||||line 589, col 52 to line 591, col 55 of module twoPhaseSingleShard: 2639673
@!@!@ENDMSG 2221 @!@!@
@!@!@STARTMSG 2221:0 @!@!@
  ||||||||line 589, col 52 to line 590, col 50 of module twoPhaseSingleShard: 2639673
@!@!@ENDMSG 2221 @!@!@
@!@!@STARTMSG 2221:0 @!@!@
  |||||||||line 589, col 52 to line 589, col 73 of module twoPhaseSingleShard: 2639673
@!@!@ENDMSG 2221 @!@!@
@!@!@STARTMSG 2221:0 @!@!@
  |||||||||line 590, col 42 to line 590, col 50 of module twoPhaseSingleShard: 964320
@!@!@ENDMSG 2221 @!@!@
@!@!@STARTMSG 2221:0 @!@!@
  ||||||||line 591, col 42 to line 591, col 55 of module twoPhaseSingleShard: 480965
@!@!@ENDMSG 2221 @!@!@
@!@!@STARTMSG 2221:0 @!@!@
  |||||||line 592, col 42 to line 592, col 50 of module twoPhaseSingleShard: 332786
@!@!@ENDMSG 2221 @!@!@
@!@!@STARTMSG 2221:0 @!@!@
  ||||||line 589, col 31 to line 589, col 48 of module twoPhaseSingleShard: 129366
@!@!@ENDMSG 2221 @!@!@
@!@!@STARTMSG 2775:0 @!@!@
  |||||||line 58, col 5 to line 58, col 47 of module twoPhaseSingleShard: 129366:2769039
@!@!@ENDMSG 2775 @!@!@
@!@!@STARTMSG 2221:0 @!@!@
  ||||||||line 58, col 31 to line 58, col 45 of module twoPhaseSingleShard: 2639673
@!@!@ENDMSG 2221 @!@!@
@!@!@STARTMSG 2221:0 @!@!@
  ||||||||line 58, col 13 to line 58, col 27 of module twoPhaseSingleShard: 129366
@!@!@ENDMSG 2221 @!@!@
@!@!@STARTMSG 2221:0 @!@!@
  |||||||line 589, col 44 to line 589, col 47 of module twoPhaseSingleShard: 129366
@!@!@ENDMSG 2221 @!@!@
@!@!@STARTMSG 2221:0 @!@!@
  line 72, col 12 to line 72, col 39 of module twoPhaseSingleShard: 0
@!@!@ENDMSG 2221 @!@!@
@!@!@STARTMSG 2221:0 @!@!@
  line 651, col 20 to line 651, col 35 of module twoPhaseSingleShard: 0
@!@!@ENDMSG 2221 @!@!@
@!@!@STARTMSG 2221:0 @!@!@
  line 652, col 20 to line 652, col 199 of module twoPhaseSingleShard: 0
@!@!@ENDMSG 2221 @!@!@
@!@!@STARTMSG 2221:0 @!@!@
  line 603, col 16 to line 609, col 77 of module twoPhaseSingleShard: 214716
@!@!@ENDMSG 2221 @!@!@
@!@!@STARTMSG 2221:0 @!@!@
  line 610, col 16 to line 610, col 28 of module twoPhaseSingleShard: 126092
@!@!@ENDMSG 2221 @!@!@
@!@!@STARTMSG 2221:0 @!@!@
  |line 610, col 17 to line 610, col 28 of module twoPhaseSingleShard: 126092
@!@!@ENDMSG 2221 @!@!@
@!@!@STARTMSG 2221:0 @!@!@
  ||line 594, col 25 to line 594, col 52 of module twoPhaseSingleShard: 126092
@!@!@ENDMSG 2221 @!@!@
@!@!@STARTMSG 2221:0 @!@!@
  |||line 594, col 25 to line 594, col 48 of module twoPhaseSingleShard: 126092
@!@!@ENDMSG 2221 @!@!@
@!@!@STARTMSG 2221:0 @!@!@
  ||||line 594, col 37 to line 594, col 47 of module twoPhaseSingleShard: 126092
@!@!@ENDMSG 2221 @!@!@
@!@!@STARTMSG 2221:0 @!@!@
  |||||line 589, col 24 to line 593, col 20 of module twoPhaseSingleShard: 126092
@!@!@ENDMSG 2221 @!@!@
@!@!@STARTMSG 2221:0 @!@!@
  ||||||line 589, col 52 to line 592, col 50 of module twoPhaseSingleShard: 2455113
@!@!@ENDMSG 2221 @!@!@
@!@!@STARTMSG 2221:0 @!@!@
  |||||||line 589, col 52 to line 591, col 55 of module twoPhaseSingleShard: 2455113
@!@!@ENDMSG 2221 @!@!@
@!@!@STARTMSG 2221:0 @!@!@
  ||||||||line 589, col 52 to line 590, col 50 of module twoPhaseSingleShard: 2455113
@!@!@ENDMSG 2221 @!@!@
@!@!@STARTMSG 2221:0 @!@!@
  |||||||||line 589, col 52 to line 589, col 73 of module twoPhaseSingleShard: 2455113
@!@!@ENDMSG 2221 @!@!@
@!@!@STARTMSG 2221:0 @!@!@
  |||||||||line 590, col 42 to line 590, col 50 of module twoPhaseSingleShard: 895696
@!@!@ENDMSG 2221 @!@!@
@!@!@STARTMSG 2221:0 @!@!@
  ||||||||line 591, col 42 to line 591, col 55 of module twoPhaseSingleShard: 500366
@!@!@ENDMSG 2221 @!@!@
@!@!@STARTMSG 2221:0 @!@!@
  |||||||line 592, col 42 to line 592, col 50 of module twoPhaseSingleShard: 255490
@!@!@ENDMSG 2221 @!@!@
@!@!@STARTMSG 2221:0 @!@!@
  ||||||line 589, col 31 to line 589, col 48 of module twoPhaseSingleShard: 126092
@!@!@ENDMSG 2221 @!@!@
@!@!@STARTMSG 2775:0 @!@!@
  |||||||line 58, col 5 to line 58, col 47 of module twoPhaseSingleShard: 126092:2581205
@!@!@ENDMSG 2775 @!@!@
@!@!@STARTMSG 2221:0 @!@!@
  ||||||||line 58, col 31 to line 58, col 45 of module twoPhaseSingleShard: 2455113
@!@!@ENDMSG 2221 @!@!@
@!@!@STARTMSG 2221:0 @!@!@
  ||||||||line 58, col 13 to line 58, col 27 of module twoPhaseSingleShard: 126092
@!@!@ENDMSG 2221 @!@!@
@!@!@STARTMSG 2221:0 @!@!@
  |||||||line 589, col 44 to line 589, col 47 of module twoPhaseSingleShard: 126092
@!@!@ENDMSG 2221 @!@!@
@!@!@STARTMSG 2221:0 @!@!@
  line 72, col 12 to line 72, col 39 of module twoPhaseSingleShard: 0
@!@!@ENDMSG 2221 @!@!@
@!@!@STARTMSG 2221:0 @!@!@
  line 655, col 20 to line 655, col 35 of module twoPhaseSingleShard: 0
@!@!@ENDMSG 2221 @!@!@
@!@!@STARTMSG 2221:0 @!@!@
  line 656, col 20 to line 656, col 199 of module twoPhaseSingleShard: 0
@!@!@ENDMSG 2221 @!@!@
@!@!@STARTMSG 2221:0 @!@!@
  line 658, col 10 to line 658, col 115 of module twoPhaseSingleShard: 264640
@!@!@ENDMSG 2221 @!@!@
@!@!@STARTMSG 2221:0 @!@!@
  line 661, col 14 to line 661, col 53 of module twoPhaseSingleShard: 254216
@!@!@ENDMSG 2221 @!@!@
@!@!@STARTMSG 2221:0 @!@!@
  |line 661, col 15 to line 661, col 53 of module twoPhaseSingleShard: 254216
@!@!@ENDMSG 2221 @!@!@
@!@!@STARTMSG 2221:0 @!@!@
  ||line 257, col 26 to line 257, col 73 of module twoPhaseSingleShard: 254216
@!@!@ENDMSG 2221 @!@!@
@!@!@STARTMSG 2221:0 @!@!@
  |||line 257, col 51 to line 257, col 73 of module twoPhaseSingleShard: 126515
@!@!@ENDMSG 2221 @!@!@
@!@!@STARTMSG 2221:0 @!@!@
  |||line 257, col 35 to line 257, col 47 of module twoPhaseSingleShard: 254216
@!@!@ENDMSG 2221 @!@!@
@!@!@STARTMSG 2221:0 @!@!@
  ||line 253, col 22 to line 253, col 82 of module twoPhaseSingleShard: 116725
@!@!@ENDMSG 2221 @!@!@
@!@!@STARTMSG 2221:0 @!@!@
  |||line 253, col 23 to line 253, col 51 of module twoPhaseSingleShard: 161089
@!@!@ENDMSG 2221 @!@!@
@!@!@STARTMSG 2221:0 @!@!@
  |||line 253, col 62 to line 253, col 81 of module twoPhaseSingleShard: 116725
@!@!@ENDMSG 2221 @!@!@
@!@!@STARTMSG 2221:0 @!@!@
  ||line 254, col 21 to line 254, col 58 of module twoPhaseSingleShard: 254216
@!@!@ENDMSG 2221 @!@!@
@!@!@STARTMSG 2775:0 @!@!@
  ||line 256, col 24 to line 256, col 50 of module twoPhaseSingleShard: 254216:380731
@!@!@ENDMSG 2775 @!@!@
@!@!@STARTMSG 2221:0 @!@!@
  |||line 256, col 26 to line 256, col 29 of module twoPhaseSingleShard: 128847
@!@!@ENDMSG 2221 @!@!@
@!@!@STARTMSG 2221:0 @!@!@
  ||||line 255, col 15 to line 255, col 79 of module twoPhaseSingleShard: 128847
@!@!@ENDMSG 2221 @!@!@
@!@!@STARTMSG 2221:0 @!@!@
  |||||line 255, col 16 to line 255, col 46 of module twoPhaseSingleShard: 248509
@!@!@ENDMSG 2221 @!@!@
@!@!@STARTMSG 2221:0 @!@!@
  |||||line 255, col 56 to line 255, col 78 of module twoPhaseSingleShard: 128847
@!@!@ENDMSG 2221 @!@!@
@!@!@STARTMSG 2221:0 @!@!@
  ||||line 256, col 28 to line 256, col 28 of module twoPhaseSingleShard: 128847
@!@!@ENDMSG 2221 @!@!@
@!@!@STARTMSG 2221:0 @!@!@
  |||line 256, col 39 to line 256, col 48 of module twoPhaseSingleShard: 254216
@!@!@ENDMSG 2221 @!@!@
@!@!@STARTMSG 2221:0 @!@!@
  ||line 262, col 7 to line 262, col 21 of module twoPhaseSingleShard: 254216
@!@!@ENDMSG 2221 @!@!@
@!@!@STARTMSG 2221:0 @!@!@
  ||line 661, col 38 to line 661, col 38 of module twoPhaseSingleShard: 254216
@!@!@ENDMSG 2221 @!@!@
@!@!@STARTMSG 2221:0 @!@!@
  ||line 661, col 41 to line 661, col 52 of module twoPhaseSingleShard: 116725
@!@!@ENDMSG 2221 @!@!@
@!@!@STARTMSG 2221:0 @!@!@
  line 664, col 16 to line 666, col 177 of module twoPhaseSingleShard: 111989
@!@!@ENDMSG 2221 @!@!@
@!@!@STARTMSG 2221:0 @!@!@
  |line 664, col 43 to line 666, col 177 of module twoPhaseSingleShard: 184887
@!@!@ENDMSG 2221 @!@!@
@!@!@STARTMSG 2221:0 @!@!@
  ||line 664, col 44 to line 664, col 66 of module twoPhaseSingleShard: 184887
@!@!@ENDMSG 2221 @!@!@
@!@!@STARTMSG 2221:0 @!@!@
  ||line 664, col 75 to line 664, col 130 of module twoPhaseSingleShard: 184887
@!@!@ENDMSG 2221 @!@!@
@!@!@STARTMSG 2221:0 @!@!@
  ||line 665, col 76 to line 665, col 119 of module twoPhaseSingleShard: 184887
@!@!@ENDMSG 2221 @!@!@
@!@!@STARTMSG 2221:0 @!@!@
  ||line 666, col 76 to line 666, col 176 of module twoPhaseSingleShard: 184887
@!@!@ENDMSG 2221 @!@!@
@!@!@STARTMSG 2221:0 @!@!@
  ||line 666, col 98 to line 666, col 176 of module twoPhaseSingleShard: 184887
@!@!@ENDMSG 2221 @!@!@
@!@!@STARTMSG 2221:0 @!@!@
  |||line 666, col 99 to line 666, col 153 of module twoPhaseSingleShard: 184887
@!@!@ENDMSG 2221 @!@!@
@!@!@STARTMSG 2221:0 @!@!@
  ||||line 666, col 103 to line 666, col 153 of module twoPhaseSingleShard: 184887
@!@!@ENDMSG 2221 @!@!@
@!@!@STARTMSG 2221:0 @!@!@
  |||||line 578, col 3 to line 578, col 30 of module twoPhaseSingleShard: 184887
@!@!@ENDMSG 2221 @!@!@
@!@!@STARTMSG 2221:0 @!@!@
  ||||||line 578, col 9 to line 578, col 30 of module twoPhaseSingleShard: 184887
@!@!@ENDMSG 2221 @!@!@
@!@!@STARTMSG 2221:0 @!@!@
  |||||||line 578, col 10 to line 578, col 15 of module twoPhaseSingleShard: 1678
@!@!@ENDMSG 2221 @!@!@
@!@!@STARTMSG 2221:0 @!@!@
  |||||||line 578, col 25 to line 578, col 29 of module twoPhaseSingleShard: 184887
@!@!@ENDMSG 2221 @!@!@
@!@!@STARTMSG 2221:0 @!@!@
  |||||line 666, col 111 to line 666, col 124 of module twoPhaseSingleShard: 184887
@!@!@ENDMSG 2221 @!@!@
@!@!@STARTMSG 2221:0 @!@!@
  |||||line 666, col 127 to line 666, col 152 of module twoPhaseSingleShard: 1678
@!@!@ENDMSG 2221 @!@!@
@!@!@STARTMSG 2221:0 @!@!@
  |||line 666, col 163 to line 666, col 176 of module twoPhaseSingleShard: 184887
@!@!@ENDMSG 2221 @!@!@
@!@!@STARTMSG 2221:0 @!@!@
  line 667, col 16 to line 667, col 129 of module twoPhaseSingleShard: 111989
@!@!@ENDMSG 2221 @!@!@
@!@!@STARTMSG 2221:0 @!@!@
  |line 667, col 35 to line 667, col 129 of module twoPhaseSingleShard: 184887
@!@!@ENDMSG 2221 @!@!@
@!@!@STARTMSG 2221:0 @!@!@
  ||line 667, col 36 to line 667, col 50 of module twoPhaseSingleShard: 184887
@!@!@ENDMSG 2221 @!@!@
@!@!@STARTMSG 2221:0 @!@!@
  ||line 667, col 59 to line 667, col 128 of module twoPhaseSingleShard: 184887
@!@!@ENDMSG 2221 @!@!@
@!@!@STARTMSG 2221:0 @!@!@
  ||line 667, col 66 to line 667, col 128 of module twoPhaseSingleShard: 184887
@!@!@ENDMSG 2221 @!@!@
@!@!@STARTMSG 2221:0 @!@!@
  |||line 242, col 5 to line 242, col 38 of module twoPhaseSingleShard: 184887
@!@!@ENDMSG 2221 @!@!@
@!@!@STARTMSG 2221:0 @!@!@
  ||||line 228, col 5 to line 237, col 13 of module twoPhaseSingleShard: 186565
@!@!@ENDMSG 2221 @!@!@
@!@!@STARTMSG 2221:0 @!@!@
  |||||line 228, col 8 to line 228, col 41 of module twoPhaseSingleShard: 186565
@!@!@ENDMSG 2221 @!@!@
@!@!@STARTMSG 2221:0 @!@!@
  |||||line 230, col 9 to line 235, col 116 of module twoPhaseSingleShard: 186565
@!@!@ENDMSG 2221 @!@!@
@!@!@STARTMSG 2221:0 @!@!@
  ||||||line 230, col 12 to line 230, col 28 of module twoPhaseSingleShard: 186565
@!@!@ENDMSG 2221 @!@!@
@!@!@STARTMSG 2221:0 @!@!@
  ||||||line 230, col 35 to line 230, col 35 of module twoPhaseSingleShard: 184887
@!@!@ENDMSG 2221 @!@!@
@!@!@STARTMSG 2221:0 @!@!@
  ||||||line 231, col 14 to line 235, col 116 of module twoPhaseSingleShard: 1678
@!@!@ENDMSG 2221 @!@!@
@!@!@STARTMSG 2221:0 @!@!@
  |||||||line 231, col 17 to line 231, col 81 of module twoPhaseSingleShard: 1678
@!@!@ENDMSG 2221 @!@!@
@!@!@STARTMSG 2221:0 @!@!@
  |||||||line 235, col 9 to line 235, col 116 of module twoPhaseSingleShard: 1678
@!@!@ENDMSG 2221 @!@!@
@!@!@STARTMSG 2221:0 @!@!@
  ||||||||line 235, col 18 to line 235, col 33 of module twoPhaseSingleShard: 1678
@!@!@ENDMSG 2221 @!@!@
@!@!@STARTMSG 2221:0 @!@!@
  ||||||||line 235, col 44 to line 235, col 104 of module twoPhaseSingleShard: 1678
@!@!@ENDMSG 2221 @!@!@
@!@!@STARTMSG 2221:0 @!@!@
  |||||||||line 214, col 5 to line 219, col 13 of module twoPhaseSingleShard: 6208
@!@!@ENDMSG 2221 @!@!@
@!@!@STARTMSG 2221:0 @!@!@
  ||||||||||line 214, col 8 to line 214, col 48 of module twoPhaseSingleShard: 6208
@!@!@ENDMSG 2221 @!@!@
@!@!@STARTMSG 2221:0 @!@!@
  ||||||||||line 216, col 9 to line 217, col 90 of module twoPhaseSingleShard: 6208
@!@!@ENDMSG 2221 @!@!@
@!@!@STARTMSG 2221:0 @!@!@
  |||||||||||line 216, col 12 to line 216, col 21 of module twoPhaseSingleShard: 6208
@!@!@ENDMSG 2221 @!@!@
@!@!@STARTMSG 2221:0 @!@!@
  |||||||||||line 216, col 28 to line 216, col 28 of module twoPhaseSingleShard: 1678
@!@!@ENDMSG 2221 @!@!@
@!@!@STARTMSG 2221:0 @!@!@
  |||||||||||line 217, col 14 to line 217, col 90 of module twoPhaseSingleShard: 4530
@!@!@ENDMSG 2221 @!@!@
@!@!@STARTMSG 2221:0 @!@!@
  ||||||||||||line 217, col 30 to line 217, col 38 of module twoPhaseSingleShard: 4530
@!@!@ENDMSG 2221 @!@!@
@!@!@STARTMSG 2221:0 @!@!@
  ||||||||||||line 217, col 41 to line 217, col 46 of module twoPhaseSingleShard: 2852
@!@!@ENDMSG 2221 @!@!@
@!@!@STARTMSG 2221:0 @!@!@
  ||||||||||||line 217, col 50 to line 217, col 78 of module twoPhaseSingleShard: 4530
@!@!@ENDMSG 2221 @!@!@
@!@!@STARTMSG 2221:0 @!@!@
  |||||||||||||line 170, col 5 to line 210, col 9 of module twoPhaseSingleShard: 4530
@!@!@ENDMSG 2221 @!@!@
@!@!@STARTMSG 2221:0 @!@!@
  ||||||||||||||line 170, col 8 to line 170, col 44 of module twoPhaseSingleShard: 4530
@!@!@ENDMSG 2221 @!@!@
@!@!@STARTMSG 2221:0 @!@!@
  ||||||||||||||line 172, col 9 to line 208, col 39 of module twoPhaseSingleShard: 4530
@!@!@ENDMSG 2221 @!@!@
@!@!@STARTMSG 2221:0 @!@!@
  |||||||||||||||line 172, col 14 to line 172, col 54 of module twoPhaseSingleShard: 4530
@!@!@ENDMSG 2221 @!@!@
@!@!@STARTMSG 2221:0 @!@!@
  ||||||||||||||||line 172, col 14 to line 172, col 30 of module twoPhaseSingleShard: 4530
@!@!@ENDMSG 2221 @!@!@
@!@!@STARTMSG 2221:0 @!@!@
  ||||||||||||||||line 172, col 35 to line 172, col 54 of module twoPhaseSingleShard: 3104
@!@!@ENDMSG 2221 @!@!@
@!@!@STARTMSG 2221:0 @!@!@
  |||||||||||||||line 172, col 61 to line 172, col 119 of module twoPhaseSingleShard: 2852
@!@!@ENDMSG 2221 @!@!@
@!@!@STARTMSG 2221:0 @!@!@
  |||||||||||||||line 173, col 12 to line 173, col 55 of module twoPhaseSingleShard: 1678
@!@!@ENDMSG 2221 @!@!@
@!@!@STARTMSG 2221:0 @!@!@
  ||||||||||||||||line 173, col 12 to line 173, col 28 of module twoPhaseSingleShard: 1678
@!@!@ENDMSG 2221 @!@!@
@!@!@STARTMSG 2221:0 @!@!@
  ||||||||||||||||line 173, col 33 to line 173, col 55 of module twoPhaseSingleShard: 252
@!@!@ENDMSG 2221 @!@!@
@!@!@STARTMSG 2221:0 @!@!@
  |||||||||||||||line 180, col 21 to line 180, col 57 of module twoPhaseSingleShard: 252
@!@!@ENDMSG 2221 @!@!@
@!@!@STARTMSG 2775:0 @!@!@
  |||||||||||||||line 177, col 40 to line 177, col 86 of module twoPhaseSingleShard: 252:252
@!@!@ENDMSG 2775 @!@!@
@!@!@STARTMSG 2221:0 @!@!@
  |||||||||||||||line 175, col 21 to line 175, col 129 of module twoPhaseSingleShard: 252
@!@!@ENDMSG 2221 @!@!@
@!@!@STARTMSG 2221:0 @!@!@
  |||||||||||||||line 178, col 43 to line 178, col 92 of module twoPhaseSingleShard: 252
@!@!@ENDMSG 2221 @!@!@
@!@!@STARTMSG 2221:0 @!@!@
  |||||||||||||||line 179, col 24 to line 179, col 130 of module twoPhaseSingleShard: 252
@!@!@ENDMSG 2221 @!@!@
@!@!@STARTMSG 2221:0 @!@!@
  |||||||||||||||line 182, col 15 to line 184, col 20 of module twoPhaseSingleShard: 252
@!@!@ENDMSG 2221 @!@!@
@!@!@STARTMSG 2221:0 @!@!@
  ||||||||||||||||line 182, col 18 to line 182, col 72 of module twoPhaseSingleShard: 252
@!@!@ENDMSG 2221 @!@!@
@!@!@STARTMSG 2221:0 @!@!@
  |||||||||||||||||line 182, col 18 to line 182, col 68 of module twoPhaseSingleShard: 252
@!@!@ENDMSG 2221 @!@!@
@!@!@STARTMSG 2221:0 @!@!@
  ||||||||||||||||||line 182, col 30 to line 182, col 67 of module twoPhaseSingleShard: 252
@!@!@ENDMSG 2221 @!@!@
@!@!@STARTMSG 2221:0 @!@!@
  |||||||||||||||||||line 182, col 41 to line 182, col 66 of module twoPhaseSingleShard: 504
@!@!@ENDMSG 2221 @!@!@
@!@!@STARTMSG 2221:0 @!@!@
  |||||||||||||||||||line 182, col 37 to line 182, col 37 of module twoPhaseSingleShard: 252
@!@!@ENDMSG 2221 @!@!@
@!@!@STARTMSG 2221:0 @!@!@
  ||||||||||||||||line 183, col 20 to line 183, col 21 of module twoPhaseSingleShard: 252
@!@!@ENDMSG 2221 @!@!@
@!@!@STARTMSG 2221:0 @!@!@
  |||||||||||||||line 185, col 12 to line 185, col 52 of module twoPhaseSingleShard: 1426
@!@!@ENDMSG 2221 @!@!@
@!@!@STARTMSG 2775:0 @!@!@
  |||||||||||||||line 194, col 9 to line 194, col 30 of module twoPhaseSingleShard: 1426:352
@!@!@ENDMSG 2775 @!@!@
@!@!@STARTMSG 2221:0 @!@!@
  ||||||||||||||||line 194, col 10 to line 194, col 19 of module twoPhaseSingleShard: 2852
@!@!@ENDMSG 2221 @!@!@
@!@!@STARTMSG 2221:0 @!@!@
  |||||||||||||||||line 188, col 17 to line 192, col 26 of module twoPhaseSingleShard: 2852
@!@!@ENDMSG 2221 @!@!@
@!@!@STARTMSG 2221:0 @!@!@
  ||||||||||||||||||line 188, col 20 to line 188, col 45 of module twoPhaseSingleShard: 2852
@!@!@ENDMSG 2221 @!@!@
@!@!@STARTMSG 2221:0 @!@!@
  ||||||||||||||||||line 189, col 25 to line 189, col 96 of module twoPhaseSingleShard: 1426
@!@!@ENDMSG 2221 @!@!@
@!@!@STARTMSG 2221:0 @!@!@
  ||||||||||||||||||line 192, col 26 to line 192, col 26 of module twoPhaseSingleShard: 1426
@!@!@ENDMSG 2221 @!@!@
@!@!@STARTMSG 2221:0 @!@!@
  |||||||||||||||||line 194, col 18 to line 194, col 18 of module twoPhaseSingleShard: 2852
@!@!@ENDMSG 2221 @!@!@
@!@!@STARTMSG 2221:0 @!@!@
  ||||||||||||||||line 194, col 29 to line 194, col 29 of module twoPhaseSingleShard: 1426
@!@!@ENDMSG 2221 @!@!@
@!@!@STARTMSG 2221:0 @!@!@
  |||||||||||||line 217, col 58 to line 217, col 66 of module twoPhaseSingleShard: 4530
@!@!@ENDMSG 2221 @!@!@
@!@!@STARTMSG 2221:0 @!@!@
  |||||||||||||line 217, col 69 to line 217, col 74 of module twoPhaseSingleShard: 4530
@!@!@ENDMSG 2221 @!@!@
@!@!@STARTMSG 2221:0 @!@!@
  |||||||||||||line 217, col 77 to line 217, col 77 of module twoPhaseSingleShard: 4530
@!@!@ENDMSG 2221 @!@!@
@!@!@STARTMSG 2221:0 @!@!@
  ||||||||||||line 217, col 81 to line 217, col 89 of module twoPhaseSingleShard: 4530
@!@!@ENDMSG 2221 @!@!@
@!@!@STARTMSG 2221:0 @!@!@
  |||||||||line 235, col 60 to line 235, col 89 of module twoPhaseSingleShard: 1678
@!@!@ENDMSG 2221 @!@!@
@!@!@STARTMSG 2221:0 @!@!@
  |||||||||line 235, col 92 to line 235, col 97 of module twoPhaseSingleShard: 1678
@!@!@ENDMSG 2221 @!@!@
@!@!@STARTMSG 2221:0 @!@!@
  |||||||||line 235, col 100 to line 235, col 100 of module twoPhaseSingleShard: 1678
@!@!@ENDMSG 2221 @!@!@
@!@!@STARTMSG 2221:0 @!@!@
  ||||||||line 235, col 107 to line 235, col 115 of module twoPhaseSingleShard: 1678
@!@!@ENDMSG 2221 @!@!@
@!@!@STARTMSG 2221:0 @!@!@
  ||||line 242, col 14 to line 242, col 23 of module twoPhaseSingleShard: 184887
@!@!@ENDMSG 2221 @!@!@
@!@!@STARTMSG 2221:0 @!@!@
  ||||line 242, col 26 to line 242, col 31 of module twoPhaseSingleShard: 1678
@!@!@ENDMSG 2221 @!@!@
@!@!@STARTMSG 2221:0 @!@!@
  ||||line 242, col 34 to line 242, col 34 of module twoPhaseSingleShard: 184887
@!@!@ENDMSG 2221 @!@!@
@!@!@STARTMSG 2221:0 @!@!@
  |||line 667, col 81 to line 667, col 104 of module twoPhaseSingleShard: 184887
@!@!@ENDMSG 2221 @!@!@
@!@!@STARTMSG 2221:0 @!@!@
  ||||line 27, col 3 to line 27, col 56 of module SequencesExt: 184887
@!@!@ENDMSG 2221 @!@!@
@!@!@STARTMSG 2221:0 @!@!@
  |||||line 27, col 43 to line 27, col 56 of module SequencesExt: 184887
@!@!@ENDMSG 2221 @!@!@
@!@!@STARTMSG 2221:0 @!@!@
  ||||||line 108, col 19 to line 108, col 60 of module Functions: 184887
@!@!@ENDMSG 2221 @!@!@
@!@!@STARTMSG 2221:0 @!@!@
  |||||||line 108, col 41 to line 108, col 60 of module Functions: 1678
@!@!@ENDMSG 2221 @!@!@
@!@!@STARTMSG 2221:0 @!@!@
  |||||||line 108, col 30 to line 108, col 37 of module Functions: 184887
@!@!@ENDMSG 2221 @!@!@
@!@!@STARTMSG 2221:0 @!@!@
  ||||||line 27, col 55 to line 27, col 55 of module SequencesExt: 184887
@!@!@ENDMSG 2221 @!@!@
@!@!@STARTMSG 2775:0 @!@!@
  |||||line 27, col 16 to line 27, col 39 of module SequencesExt: 184887:559695
@!@!@ENDMSG 2775 @!@!@
@!@!@STARTMSG 2221:0 @!@!@
  ||||line 667, col 90 to line 667, col 103 of module twoPhaseSingleShard: 184887
@!@!@ENDMSG 2221 @!@!@
@!@!@STARTMSG 2221:0 @!@!@
  |||line 667, col 107 to line 667, col 107 of module twoPhaseSingleShard: 1678
@!@!@ENDMSG 2221 @!@!@
@!@!@STARTMSG 2221:0 @!@!@
  |||line 667, col 110 to line 667, col 127 of module twoPhaseSingleShard: 184887
@!@!@ENDMSG 2221 @!@!@
@!@!@STARTMSG 2221:0 @!@!@
  line 668, col 16 to line 668, col 121 of module twoPhaseSingleShard: 111989
@!@!@ENDMSG 2221 @!@!@
@!@!@STARTMSG 2221:0 @!@!@
  |line 668, col 44 to line 668, col 121 of module twoPhaseSingleShard: 184887
@!@!@ENDMSG 2221 @!@!@
@!@!@STARTMSG 2221:0 @!@!@
  line 669, col 16 to line 669, col 28 of module twoPhaseSingleShard: 296876
@!@!@ENDMSG 2221 @!@!@
@!@!@STARTMSG 2221:0 @!@!@
  |line 669, col 17 to line 669, col 28 of module twoPhaseSingleShard: 184887
@!@!@ENDMSG 2221 @!@!@
@!@!@STARTMSG 2221:0 @!@!@
  ||line 594, col 25 to line 594, col 52 of module twoPhaseSingleShard: 184887
@!@!@ENDMSG 2221 @!@!@
@!@!@STARTMSG 2221:0 @!@!@
  |||line 594, col 25 to line 594, col 48 of module twoPhaseSingleShard: 184887
@!@!@ENDMSG 2221 @!@!@
@!@!@STARTMSG 2221:0 @!@!@
  ||||line 594, col 37 to line 594, col 47 of module twoPhaseSingleShard: 184887
@!@!@ENDMSG 2221 @!@!@
@!@!@STARTMSG 2221:0 @!@!@
  |||||line 589, col 24 to line 593, col 20 of module twoPhaseSingleShard: 184887
@!@!@ENDMSG 2221 @!@!@
@!@!@STARTMSG 2221:0 @!@!@
  ||||||line 589, col 52 to line 592, col 50 of module twoPhaseSingleShard: 3579430
@!@!@ENDMSG 2221 @!@!@
@!@!@STARTMSG 2221:0 @!@!@
  |||||||line 589, col 52 to line 591, col 55 of module twoPhaseSingleShard: 3579430
@!@!@ENDMSG 2221 @!@!@
@!@!@STARTMSG 2221:0 @!@!@
  ||||||||line 589, col 52 to line 590, col 50 of module twoPhaseSingleShard: 3579430
@!@!@ENDMSG 2221 @!@!@
@!@!@STARTMSG 2221:0 @!@!@
  |||||||||line 589, col 52 to line 589, col 73 of module twoPhaseSingleShard: 3579430
@!@!@ENDMSG 2221 @!@!@
@!@!@STARTMSG 2221:0 @!@!@
  |||||||||line 590, col 42 to line 590, col 50 of module twoPhaseSingleShard: 1209074
@!@!@ENDMSG 2221 @!@!@
@!@!@STARTMSG 2221:0 @!@!@
  ||||||||line 591, col 42 to line 591, col 55 of module twoPhaseSingleShard: 611998
@!@!@ENDMSG 2221 @!@!@
@!@!@STARTMSG 2221:0 @!@!@
  |||||||line 592, col 42 to line 592, col 50 of module twoPhaseSingleShard: 290688
@!@!@ENDMSG 2221 @!@!@
@!@!@STARTMSG 2221:0 @!@!@
  ||||||line 589, col 31 to line 589, col 48 of module twoPhaseSingleShard: 184887
@!@!@ENDMSG 2221 @!@!@
@!@!@STARTMSG 2775:0 @!@!@
  |||||||line 58, col 5 to line 58, col 47 of module twoPhaseSingleShard: 184887:3764317
@!@!@ENDMSG 2775 @!@!@
@!@!@STARTMSG 2221:0 @!@!@
  ||||||||line 58, col 31 to line 58, col 45 of module twoPhaseSingleShard: 3579430
@!@!@ENDMSG 2221 @!@!@
@!@!@STARTMSG 2221:0 @!@!@
  ||||||||line 58, col 13 to line 58, col 27 of module twoPhaseSingleShard: 184887
@!@!@ENDMSG 2221 @!@!@
@!@!@STARTMSG 2221:0 @!@!@
  |||||||line 589, col 44 to line 589, col 47 of module twoPhaseSingleShard: 184887
@!@!@ENDMSG 2221 @!@!@
@!@!@STARTMSG 2221:0 @!@!@
  line 670, col 16 to line 670, col 27 of module twoPhaseSingleShard: 296876
@!@!@ENDMSG 2221 @!@!@
@!@!@STARTMSG 2221:0 @!@!@
  |line 670, col 17 to line 670, col 27 of module twoPhaseSingleShard: 184887
@!@!@ENDMSG 2221 @!@!@
@!@!@STARTMSG 2221:0 @!@!@
  ||line 600, col 24 to line 600, col 44 of module twoPhaseSingleShard: 184887
@!@!@ENDMSG 2221 @!@!@
@!@!@STARTMSG 2221:0 @!@!@
  |||line 600, col 24 to line 600, col 40 of module twoPhaseSingleShard: 184887
@!@!@ENDMSG 2221 @!@!@
@!@!@STARTMSG 2221:0 @!@!@
  ||||line 600, col 36 to line 600, col 39 of module twoPhaseSingleShard: 184887
@!@!@ENDMSG 2221 @!@!@
@!@!@STARTMSG 2221:0 @!@!@
  |||||line 595, col 17 to line 599, col 20 of module twoPhaseSingleShard: 184887
@!@!@ENDMSG 2221 @!@!@
@!@!@STARTMSG 2221:0 @!@!@
  ||||||line 595, col 45 to line 598, col 50 of module twoPhaseSingleShard: 3579430
@!@!@ENDMSG 2221 @!@!@
@!@!@STARTMSG 2221:0 @!@!@
  |||||||line 595, col 45 to line 597, col 55 of module twoPhaseSingleShard: 3579430
@!@!@ENDMSG 2221 @!@!@
@!@!@STARTMSG 2221:0 @!@!@
  ||||||||line 595, col 45 to line 596, col 50 of module twoPhaseSingleShard: 3579430
@!@!@ENDMSG 2221 @!@!@
@!@!@STARTMSG 2221:0 @!@!@
  |||||||||line 595, col 45 to line 595, col 65 of module twoPhaseSingleShard: 3579430
@!@!@ENDMSG 2221 @!@!@
@!@!@STARTMSG 2221:0 @!@!@
  |||||||||line 596, col 42 to line 596, col 50 of module twoPhaseSingleShard: 240098
@!@!@ENDMSG 2221 @!@!@
@!@!@STARTMSG 2221:0 @!@!@
  ||||||||line 597, col 42 to line 597, col 55 of module twoPhaseSingleShard: 175143
@!@!@ENDMSG 2221 @!@!@
@!@!@STARTMSG 2221:0 @!@!@
  |||||||line 598, col 42 to line 598, col 50 of module twoPhaseSingleShard: 137129
@!@!@ENDMSG 2221 @!@!@
@!@!@STARTMSG 2221:0 @!@!@
  ||||||line 595, col 24 to line 595, col 41 of module twoPhaseSingleShard: 184887
@!@!@ENDMSG 2221 @!@!@
@!@!@STARTMSG 2775:0 @!@!@
  |||||||line 58, col 5 to line 58, col 47 of module twoPhaseSingleShard: 184887:3764317
@!@!@ENDMSG 2775 @!@!@
@!@!@STARTMSG 2221:0 @!@!@
  ||||||||line 58, col 31 to line 58, col 45 of module twoPhaseSingleShard: 3579430
@!@!@ENDMSG 2221 @!@!@
@!@!@STARTMSG 2221:0 @!@!@
  ||||||||line 58, col 13 to line 58, col 27 of module twoPhaseSingleShard: 184887
@!@!@ENDMSG 2221 @!@!@
@!@!@STARTMSG 2221:0 @!@!@
  |||||||line 595, col 37 to line 595, col 40 of module twoPhaseSingleShard: 184887
@!@!@ENDMSG 2221 @!@!@
@!@!@STARTMSG 2221:0 @!@!@
  line 72, col 12 to line 72, col 39 of module twoPhaseSingleShard: 111989
@!@!@ENDMSG 2221 @!@!@
@!@!@STARTMSG 2221:0 @!@!@
  line 623, col 18 to line 630, col 17 of module twoPhaseSingleShard: 111989
@!@!@ENDMSG 2221 @!@!@
@!@!@STARTMSG 2221:0 @!@!@
  |line 623, col 19 to line 623, col 34 of module twoPhaseSingleShard: 111989
@!@!@ENDMSG 2221 @!@!@
@!@!@STARTMSG 2221:0 @!@!@
  |line 624, col 20 to line 624, col 33 of module twoPhaseSingleShard: 111989
@!@!@ENDMSG 2221 @!@!@
@!@!@STARTMSG 2221:0 @!@!@
  |line 625, col 20 to line 625, col 28 of module twoPhaseSingleShard: 111989
@!@!@ENDMSG 2221 @!@!@
@!@!@STARTMSG 2221:0 @!@!@
  |line 626, col 20 to line 626, col 28 of module twoPhaseSingleShard: 111989
@!@!@ENDMSG 2221 @!@!@
@!@!@STARTMSG 2221:0 @!@!@
  |line 627, col 20 to line 627, col 40 of module twoPhaseSingleShard: 111989
@!@!@ENDMSG 2221 @!@!@
@!@!@STARTMSG 2221:0 @!@!@
  |line 628, col 20 to line 628, col 38 of module twoPhaseSingleShard: 111989
@!@!@ENDMSG 2221 @!@!@
@!@!@STARTMSG 2221:0 @!@!@
  |line 629, col 36 to line 629, col 53 of module twoPhaseSingleShard: 111989
@!@!@ENDMSG 2221 @!@!@
@!@!@STARTMSG 2221:0 @!@!@
  ||line 620, col 31 to line 620, col 149 of module twoPhaseSingleShard: 111989
@!@!@ENDMSG 2221 @!@!@
@!@!@STARTMSG 2221:0 @!@!@
  |||line 620, col 32 to line 620, col 126 of module twoPhaseSingleShard: 111989
@!@!@ENDMSG 2221 @!@!@
@!@!@STARTMSG 2221:0 @!@!@
  ||||line 620, col 32 to line 620, col 72 of module twoPhaseSingleShard: 111989
@!@!@ENDMSG 2221 @!@!@
@!@!@STARTMSG 2221:0 @!@!@
  ||||line 620, col 76 to line 620, col 126 of module twoPhaseSingleShard: 111989
@!@!@ENDMSG 2221 @!@!@
@!@!@STARTMSG 2221:0 @!@!@
  |||||line 578, col 3 to line 578, col 30 of module twoPhaseSingleShard: 111989
@!@!@ENDMSG 2221 @!@!@
@!@!@STARTMSG 2221:0 @!@!@
  ||||||line 578, col 9 to line 578, col 30 of module twoPhaseSingleShard: 111989
@!@!@ENDMSG 2221 @!@!@
@!@!@STARTMSG 2221:0 @!@!@
  |||||||line 578, col 10 to line 578, col 15 of module twoPhaseSingleShard: 958
@!@!@ENDMSG 2221 @!@!@
@!@!@STARTMSG 2221:0 @!@!@
  |||||||line 578, col 25 to line 578, col 29 of module twoPhaseSingleShard: 111989
@!@!@ENDMSG 2221 @!@!@
@!@!@STARTMSG 2221:0 @!@!@
  |||||line 620, col 84 to line 620, col 97 of module twoPhaseSingleShard: 111989
@!@!@ENDMSG 2221 @!@!@
@!@!@STARTMSG 2221:0 @!@!@
  |||||line 620, col 100 to line 620, col 125 of module twoPhaseSingleShard: 958
@!@!@ENDMSG 2221 @!@!@
@!@!@STARTMSG 2221:0 @!@!@
  |||line 620, col 136 to line 620, col 149 of module twoPhaseSingleShard: 111989
@!@!@ENDMSG 2221 @!@!@
@!@!@STARTMSG 2221:0 @!@!@
  line 672, col 16 to line 672, col 31 of module twoPhaseSingleShard: 111989
@!@!@ENDMSG 2221 @!@!@
@!@!@STARTMSG 2221:0 @!@!@
  line 673, col 16 to line 674, col 74 of module twoPhaseSingleShard: 111989
@!@!@ENDMSG 2221 @!@!@
@!@!@STARTMSG 2221:0 @!@!@
  line 72, col 12 to line 72, col 39 of module twoPhaseSingleShard: 24584
@!@!@ENDMSG 2221 @!@!@
@!@!@STARTMSG 2221:0 @!@!@
  |line 72, col 20 to line 72, col 39 of module twoPhaseSingleShard: 69329
@!@!@ENDMSG 2221 @!@!@
@!@!@STARTMSG 2221:0 @!@!@
  ||line 61, col 5 to line 64, col 28 of module twoPhaseSingleShard: 69329
@!@!@ENDMSG 2221 @!@!@
@!@!@STARTMSG 2221:0 @!@!@
  |||line 61, col 8 to line 61, col 28 of module twoPhaseSingleShard: 69329
@!@!@ENDMSG 2221 @!@!@
@!@!@STARTMSG 2221:0 @!@!@
  |||line 62, col 9 to line 62, col 48 of module twoPhaseSingleShard: 28012
@!@!@ENDMSG 2221 @!@!@
@!@!@STARTMSG 2221:0 @!@!@
  |||line 64, col 9 to line 64, col 28 of module twoPhaseSingleShard: 41317
@!@!@ENDMSG 2221 @!@!@
@!@!@STARTMSG 2221:0 @!@!@
  ||line 72, col 32 to line 72, col 32 of module twoPhaseSingleShard: 69329
@!@!@ENDMSG 2221 @!@!@
@!@!@STARTMSG 2221:0 @!@!@
  ||line 72, col 35 to line 72, col 38 of module twoPhaseSingleShard: 69329
@!@!@ENDMSG 2221 @!@!@
@!@!@STARTMSG 2221:0 @!@!@
  line 623, col 18 to line 630, col 17 of module twoPhaseSingleShard: 69329
@!@!@ENDMSG 2221 @!@!@
@!@!@STARTMSG 2221:0 @!@!@
  |line 623, col 19 to line 623, col 34 of module twoPhaseSingleShard: 69329
@!@!@ENDMSG 2221 @!@!@
@!@!@STARTMSG 2221:0 @!@!@
  |line 624, col 20 to line 624, col 33 of module twoPhaseSingleShard: 69329
@!@!@ENDMSG 2221 @!@!@
@!@!@STARTMSG 2221:0 @!@!@
  |line 625, col 20 to line 625, col 28 of module twoPhaseSingleShard: 69329
@!@!@ENDMSG 2221 @!@!@
@!@!@STARTMSG 2221:0 @!@!@
  |line 626, col 20 to line 626, col 28 of module twoPhaseSingleShard: 69329
@!@!@ENDMSG 2221 @!@!@
@!@!@STARTMSG 2221:0 @!@!@
  |line 627, col 20 to line 627, col 40 of module twoPhaseSingleShard: 69329
@!@!@ENDMSG 2221 @!@!@
@!@!@STARTMSG 2221:0 @!@!@
  |line 628, col 20 to line 628, col 38 of module twoPhaseSingleShard: 69329
@!@!@ENDMSG 2221 @!@!@
@!@!@STARTMSG 2221:0 @!@!@
  |line 629, col 36 to line 629, col 53 of module twoPhaseSingleShard: 69329
@!@!@ENDMSG 2221 @!@!@
@!@!@STARTMSG 2221:0 @!@!@
  ||line 620, col 31 to line 620, col 149 of module twoPhaseSingleShard: 69329
@!@!@ENDMSG 2221 @!@!@
@!@!@STARTMSG 2221:0 @!@!@
  |||line 620, col 32 to line 620, col 126 of module twoPhaseSingleShard: 69329
@!@!@ENDMSG 2221 @!@!@
@!@!@STARTMSG 2221:0 @!@!@
  ||||line 620, col 32 to line 620, col 72 of module twoPhaseSingleShard: 69329
@!@!@ENDMSG 2221 @!@!@
@!@!@STARTMSG 2221:0 @!@!@
  ||||line 620, col 76 to line 620, col 126 of module twoPhaseSingleShard: 69329
@!@!@ENDMSG 2221 @!@!@
@!@!@STARTMSG 2221:0 @!@!@
  |||||line 578, col 3 to line 578, col 30 of module twoPhaseSingleShard: 69329
@!@!@ENDMSG 2221 @!@!@
@!@!@STARTMSG 2221:0 @!@!@
  ||||||line 578, col 9 to line 578, col 30 of module twoPhaseSingleShard: 69329
@!@!@ENDMSG 2221 @!@!@
@!@!@STARTMSG 2221:0 @!@!@
  |||||||line 578, col 10 to line 578, col 15 of module twoPhaseSingleShard: 25172
@!@!@ENDMSG 2221 @!@!@
@!@!@STARTMSG 2221:0 @!@!@
  |||||||line 578, col 25 to line 578, col 29 of module twoPhaseSingleShard: 69329
@!@!@ENDMSG 2221 @!@!@
@!@!@STARTMSG 2221:0 @!@!@
  |||||line 620, col 84 to line 620, col 97 of module twoPhaseSingleShard: 69329
@!@!@ENDMSG 2221 @!@!@
@!@!@STARTMSG 2221:0 @!@!@
  |||||line 620, col 100 to line 620, col 125 of module twoPhaseSingleShard: 25172
@!@!@ENDMSG 2221 @!@!@
@!@!@STARTMSG 2221:0 @!@!@
  |||line 620, col 136 to line 620, col 149 of module twoPhaseSingleShard: 69329
@!@!@ENDMSG 2221 @!@!@
@!@!@STARTMSG 2221:0 @!@!@
  line 678, col 16 to line 678, col 27 of module twoPhaseSingleShard: 93913
@!@!@ENDMSG 2221 @!@!@
@!@!@STARTMSG 2221:0 @!@!@
  |line 678, col 17 to line 678, col 27 of module twoPhaseSingleShard: 69329
@!@!@ENDMSG 2221 @!@!@
@!@!@STARTMSG 2221:0 @!@!@
  ||line 600, col 24 to line 600, col 44 of module twoPhaseSingleShard: 69329
@!@!@ENDMSG 2221 @!@!@
@!@!@STARTMSG 2221:0 @!@!@
  |||line 600, col 24 to line 600, col 40 of module twoPhaseSingleShard: 69329
@!@!@ENDMSG 2221 @!@!@
@!@!@STARTMSG 2221:0 @!@!@
  ||||line 600, col 36 to line 600, col 39 of module twoPhaseSingleShard: 69329
@!@!@ENDMSG 2221 @!@!@
@!@!@STARTMSG 2221:0 @!@!@
  |||||line 595, col 17 to line 599, col 20 of module twoPhaseSingleShard: 69329
@!@!@ENDMSG 2221 @!@!@
@!@!@STARTMSG 2221:0 @!@!@
  ||||||line 595, col 45 to line 598, col 50 of module twoPhaseSingleShard: 1287374
@!@!@ENDMSG 2221 @!@!@
@!@!@STARTMSG 2221:0 @!@!@
  |||||||line 595, col 45 to line 597, col 55 of module twoPhaseSingleShard: 1287374
@!@!@ENDMSG 2221 @!@!@
@!@!@STARTMSG 2221:0 @!@!@
  ||||||||line 595, col 45 to line 596, col 50 of module twoPhaseSingleShard: 1287374
@!@!@ENDMSG 2221 @!@!@
@!@!@STARTMSG 2221:0 @!@!@
  |||||||||line 595, col 45 to line 595, col 65 of module twoPhaseSingleShard: 1287374
@!@!@ENDMSG 2221 @!@!@
@!@!@STARTMSG 2221:0 @!@!@
  |||||||||line 596, col 42 to line 596, col 50 of module twoPhaseSingleShard: 113776
@!@!@ENDMSG 2221 @!@!@
@!@!@STARTMSG 2221:0 @!@!@
  ||||||||line 597, col 42 to line 597, col 55 of module twoPhaseSingleShard: 113028
@!@!@ENDMSG 2221 @!@!@
@!@!@STARTMSG 2221:0 @!@!@
  |||||||line 598, col 42 to line 598, col 50 of module twoPhaseSingleShard: 88220
@!@!@ENDMSG 2221 @!@!@
@!@!@STARTMSG 2221:0 @!@!@
  ||||||line 595, col 24 to line 595, col 41 of module twoPhaseSingleShard: 69329
@!@!@ENDMSG 2221 @!@!@
@!@!@STARTMSG 2775:0 @!@!@
  |||||||line 58, col 5 to line 58, col 47 of module twoPhaseSingleShard: 69329:1356703
@!@!@ENDMSG 2775 @!@!@
@!@!@STARTMSG 2221:0 @!@!@
  ||||||||line 58, col 31 to line 58, col 45 of module twoPhaseSingleShard: 1287374
@!@!@ENDMSG 2221 @!@!@
@!@!@STARTMSG 2221:0 @!@!@
  ||||||||line 58, col 13 to line 58, col 27 of module twoPhaseSingleShard: 69329
@!@!@ENDMSG 2221 @!@!@
@!@!@STARTMSG 2221:0 @!@!@
  |||||||line 595, col 37 to line 595, col 40 of module twoPhaseSingleShard: 69329
@!@!@ENDMSG 2221 @!@!@
@!@!@STARTMSG 2221:0 @!@!@
  line 679, col 16 to line 679, col 31 of module twoPhaseSingleShard: 24584
@!@!@ENDMSG 2221 @!@!@
@!@!@STARTMSG 2221:0 @!@!@
  line 680, col 16 to line 681, col 140 of module twoPhaseSingleShard: 24584
@!@!@ENDMSG 2221 @!@!@
@!@!@STARTMSG 2221:0 @!@!@
  line 683, col 13 to line 683, col 28 of module twoPhaseSingleShard: 3872
@!@!@ENDMSG 2221 @!@!@
@!@!@STARTMSG 2221:0 @!@!@
  |line 683, col 21 to line 683, col 28 of module twoPhaseSingleShard: 10424
@!@!@ENDMSG 2221 @!@!@
@!@!@STARTMSG 2221:0 @!@!@
  line 685, col 14 to line 685, col 25 of module twoPhaseSingleShard: 14296
@!@!@ENDMSG 2221 @!@!@
@!@!@STARTMSG 2221:0 @!@!@
  |line 685, col 15 to line 685, col 25 of module twoPhaseSingleShard: 10424
@!@!@ENDMSG 2221 @!@!@
@!@!@STARTMSG 2221:0 @!@!@
  ||line 600, col 24 to line 600, col 44 of module twoPhaseSingleShard: 10424
@!@!@ENDMSG 2221 @!@!@
@!@!@STARTMSG 2221:0 @!@!@
  |||line 600, col 24 to line 600, col 40 of module twoPhaseSingleShard: 10424
@!@!@ENDMSG 2221 @!@!@
@!@!@STARTMSG 2221:0 @!@!@
  ||||line 600, col 36 to line 600, col 39 of module twoPhaseSingleShard: 10424
@!@!@ENDMSG 2221 @!@!@
@!@!@STARTMSG 2221:0 @!@!@
  |||||line 595, col 17 to line 599, col 20 of module twoPhaseSingleShard: 10424
@!@!@ENDMSG 2221 @!@!@
@!@!@STARTMSG 2221:0 @!@!@
  ||||||line 595, col 45 to line 598, col 50 of module twoPhaseSingleShard: 193364
@!@!@ENDMSG 2221 @!@!@
@!@!@STARTMSG 2221:0 @!@!@
  |||||||line 595, col 45 to line 597, col 55 of module twoPhaseSingleShard: 193364
@!@!@ENDMSG 2221 @!@!@
@!@!@STARTMSG 2221:0 @!@!@
  ||||||||line 595, col 45 to line 596, col 50 of module twoPhaseSingleShard: 193364
@!@!@ENDMSG 2221 @!@!@
@!@!@STARTMSG 2221:0 @!@!@
  |||||||||line 595, col 45 to line 595, col 65 of module twoPhaseSingleShard: 193364
@!@!@ENDMSG 2221 @!@!@
@!@!@STARTMSG 2221:0 @!@!@
  |||||||||line 596, col 42 to line 596, col 50 of module twoPhaseSingleShard: 10982
@!@!@ENDMSG 2221 @!@!@
@!@!@STARTMSG 2221:0 @!@!@
  ||||||||line 597, col 42 to line 597, col 55 of module twoPhaseSingleShard: 8654
@!@!@ENDMSG 2221 @!@!@
@!@!@STARTMSG 2221:0 @!@!@
  |||||||line 598, col 42 to line 598, col 50 of module twoPhaseSingleShard: 8654
@!@!@ENDMSG 2221 @!@!@
@!@!@STARTMSG 2221:0 @!@!@
  ||||||line 595, col 24 to line 595, col 41 of module twoPhaseSingleShard: 10424
@!@!@ENDMSG 2221 @!@!@
@!@!@STARTMSG 2775:0 @!@!@
  |||||||line 58, col 5 to line 58, col 47 of module twoPhaseSingleShard: 10424:203788
@!@!@ENDMSG 2775 @!@!@
@!@!@STARTMSG 2221:0 @!@!@
  ||||||||line 58, col 31 to line 58, col 45 of module twoPhaseSingleShard: 193364
@!@!@ENDMSG 2221 @!@!@
@!@!@STARTMSG 2221:0 @!@!@
  ||||||||line 58, col 13 to line 58, col 27 of module twoPhaseSingleShard: 10424
@!@!@ENDMSG 2221 @!@!@
@!@!@STARTMSG 2221:0 @!@!@
  |||||||line 595, col 37 to line 595, col 40 of module twoPhaseSingleShard: 10424
@!@!@ENDMSG 2221 @!@!@
@!@!@STARTMSG 2221:0 @!@!@
  line 686, col 14 to line 686, col 180 of module twoPhaseSingleShard: 3872
@!@!@ENDMSG 2221 @!@!@
@!@!@STARTMSG 2221:0 @!@!@
  line 687, col 14 to line 687, col 194 of module twoPhaseSingleShard: 3872
@!@!@ENDMSG 2221 @!@!@
@!@!@STARTMSG 2221:0 @!@!@
  line 1216, col 18 to line 1216, col 23 of module twoPhaseSingleShard: 1764000
@!@!@ENDMSG 2221 @!@!@
@!@!@STARTMSG 2221:0 @!@!@
  line 1216, col 26 to line 1216, col 26 of module twoPhaseSingleShard: 1764000
@!@!@ENDMSG 2221 @!@!@
@!@!@STARTMSG 2221:0 @!@!@
  line 1216, col 29 to line 1216, col 35 of module twoPhaseSingleShard: 1764000
@!@!@ENDMSG 2221 @!@!@
@!@!@STARTMSG 2221:0 @!@!@
  line 1216, col 38 to line 1216, col 51 of module twoPhaseSingleShard: 264640
@!@!@ENDMSG 2221 @!@!@
@!@!@STARTMSG 2221:0 @!@!@
  line 1216, col 54 to line 1216, col 67 of module twoPhaseSingleShard: 116725
@!@!@ENDMSG 2221 @!@!@
@!@!@STARTMSG 2221:0 @!@!@
  line 1216, col 70 to line 1216, col 79 of module twoPhaseSingleShard: 1684550
@!@!@ENDMSG 2221 @!@!@
@!@!@STARTMSG 2221:0 @!@!@
  line 1216, col 82 to line 1216, col 90 of module twoPhaseSingleShard: 1684550
@!@!@ENDMSG 2221 @!@!@
@!@!@STARTMSG 2221:0 @!@!@
  line 1372, col 28 to line 1372, col 28 of module twoPhaseSingleShard: 1764000
@!@!@ENDMSG 2221 @!@!@
@!@!@STARTMSG 2221:0 @!@!@
  line 1372, col 30 to line 1372, col 30 of module twoPhaseSingleShard: 11962623
@!@!@ENDMSG 2221 @!@!@
@!@!@STARTMSG 2221:0 @!@!@
  line 1373, col 16 to line 1373, col 35 of module twoPhaseSingleShard: 140445
@!@!@ENDMSG 2221 @!@!@
@!@!@STARTMSG 2221:0 @!@!@
  line 1371, col 17 to line 1371, col 21 of module twoPhaseSingleShard: 196318
@!@!@ENDMSG 2221 @!@!@
@!@!@STARTMSG 2221:0 @!@!@
  line 1371, col 30 to line 1371, col 47 of module twoPhaseSingleShard: 196318
@!@!@ENDMSG 2221 @!@!@
@!@!@STARTMSG 2775:0 @!@!@
  |line 58, col 5 to line 58, col 47 of module twoPhaseSingleShard: 196318:4183859
@!@!@ENDMSG 2775 @!@!@
@!@!@STARTMSG 2221:0 @!@!@
  ||line 58, col 31 to line 58, col 45 of module twoPhaseSingleShard: 3987541
@!@!@ENDMSG 2221 @!@!@
@!@!@STARTMSG 2221:0 @!@!@
  ||line 58, col 13 to line 58, col 27 of module twoPhaseSingleShard: 196318
@!@!@ENDMSG 2221 @!@!@
@!@!@STARTMSG 2221:0 @!@!@
  |line 1371, col 43 to line 1371, col 46 of module twoPhaseSingleShard: 196318
@!@!@ENDMSG 2221 @!@!@
@!@!@STARTMSG 2772:0 @!@!@
<Next line 1370, col 3 to line 1370, col 6 of module twoPhaseSingleShard (1374 8 1376 35)>: 94657:264833
@!@!@ENDMSG 2772 @!@!@
@!@!@STARTMSG 2221:0 @!@!@
  line 1235, col 7 to line 1235, col 25 of module twoPhaseSingleShard: 12227456
@!@!@ENDMSG 2221 @!@!@
@!@!@STARTMSG 2221:0 @!@!@
  |line 1235, col 7 to line 1235, col 14 of module twoPhaseSingleShard: 11962623
@!@!@ENDMSG 2221 @!@!@
@!@!@STARTMSG 2221:0 @!@!@
  line 1236, col 7 to line 1236, col 39 of module twoPhaseSingleShard: 1530632
@!@!@ENDMSG 2221 @!@!@
@!@!@STARTMSG 2221:0 @!@!@
  |line 1236, col 7 to line 1236, col 7 of module twoPhaseSingleShard: 1265799
@!@!@ENDMSG 2221 @!@!@
@!@!@STARTMSG 2221:0 @!@!@
  |line 1236, col 13 to line 1236, col 39 of module twoPhaseSingleShard: 1265799
@!@!@ENDMSG 2221 @!@!@
@!@!@STARTMSG 2221:0 @!@!@
  line 730, col 6 to line 730, col 49 of module twoPhaseSingleShard: 1265799
@!@!@ENDMSG 2221 @!@!@
@!@!@STARTMSG 2221:0 @!@!@
  line 732, col 6 to line 732, col 45 of module twoPhaseSingleShard: 1354260
@!@!@ENDMSG 2221 @!@!@
@!@!@STARTMSG 2221:0 @!@!@
  |line 732, col 6 to line 732, col 34 of module twoPhaseSingleShard: 1138465
@!@!@ENDMSG 2221 @!@!@
@!@!@STARTMSG 2221:0 @!@!@
  line 733, col 6 to line 733, col 54 of module twoPhaseSingleShard: 1354260
@!@!@ENDMSG 2221 @!@!@
@!@!@STARTMSG 2221:0 @!@!@
  |line 733, col 6 to line 733, col 11 of module twoPhaseSingleShard: 1138465
@!@!@ENDMSG 2221 @!@!@
@!@!@STARTMSG 2221:0 @!@!@
  |line 733, col 17 to line 733, col 54 of module twoPhaseSingleShard: 1138465
@!@!@ENDMSG 2221 @!@!@
@!@!@STARTMSG 2221:0 @!@!@
  line 736, col 6 to line 738, col 195 of module twoPhaseSingleShard: 215795
@!@!@ENDMSG 2221 @!@!@
@!@!@STARTMSG 2221:0 @!@!@
  line 739, col 6 to line 739, col 98 of module twoPhaseSingleShard: 215795
@!@!@ENDMSG 2221 @!@!@
@!@!@STARTMSG 2221:0 @!@!@
  |line 739, col 25 to line 739, col 98 of module twoPhaseSingleShard: 215795
@!@!@ENDMSG 2221 @!@!@
@!@!@STARTMSG 2221:0 @!@!@
  ||line 739, col 26 to line 739, col 40 of module twoPhaseSingleShard: 215795
@!@!@ENDMSG 2221 @!@!@
@!@!@STARTMSG 2221:0 @!@!@
  ||line 739, col 48 to line 739, col 97 of module twoPhaseSingleShard: 215795
@!@!@ENDMSG 2221 @!@!@
@!@!@STARTMSG 2221:0 @!@!@
  ||line 739, col 56 to line 739, col 97 of module twoPhaseSingleShard: 215795
@!@!@ENDMSG 2221 @!@!@
@!@!@STARTMSG 2221:0 @!@!@
  |||line 222, col 3 to line 222, col 36 of module twoPhaseSingleShard: 215795
@!@!@ENDMSG 2221 @!@!@
@!@!@STARTMSG 2221:0 @!@!@
  ||||line 214, col 5 to line 219, col 13 of module twoPhaseSingleShard: 549008
@!@!@ENDMSG 2221 @!@!@
@!@!@STARTMSG 2221:0 @!@!@
  |||||line 214, col 8 to line 214, col 48 of module twoPhaseSingleShard: 549008
@!@!@ENDMSG 2221 @!@!@
@!@!@STARTMSG 2221:0 @!@!@
  |||||line 216, col 9 to line 217, col 90 of module twoPhaseSingleShard: 549008
@!@!@ENDMSG 2221 @!@!@
@!@!@STARTMSG 2221:0 @!@!@
  ||||||line 216, col 12 to line 216, col 21 of module twoPhaseSingleShard: 549008
@!@!@ENDMSG 2221 @!@!@
@!@!@STARTMSG 2221:0 @!@!@
  ||||||line 216, col 28 to line 216, col 28 of module twoPhaseSingleShard: 215795
@!@!@ENDMSG 2221 @!@!@
@!@!@STARTMSG 2221:0 @!@!@
  ||||||line 217, col 14 to line 217, col 90 of module twoPhaseSingleShard: 333213
@!@!@ENDMSG 2221 @!@!@
@!@!@STARTMSG 2221:0 @!@!@
  |||||||line 217, col 30 to line 217, col 38 of module twoPhaseSingleShard: 333213
@!@!@ENDMSG 2221 @!@!@
@!@!@STARTMSG 2221:0 @!@!@
  |||||||line 217, col 41 to line 217, col 46 of module twoPhaseSingleShard: 117418
@!@!@ENDMSG 2221 @!@!@
@!@!@STARTMSG 2221:0 @!@!@
  |||||||line 217, col 50 to line 217, col 78 of module twoPhaseSingleShard: 333213
@!@!@ENDMSG 2221 @!@!@
@!@!@STARTMSG 2221:0 @!@!@
  ||||||||line 170, col 5 to line 210, col 9 of module twoPhaseSingleShard: 333213
@!@!@ENDMSG 2221 @!@!@
@!@!@STARTMSG 2221:0 @!@!@
  |||||||||line 170, col 8 to line 170, col 44 of module twoPhaseSingleShard: 333213
@!@!@ENDMSG 2221 @!@!@
@!@!@STARTMSG 2221:0 @!@!@
  |||||||||line 172, col 9 to line 208, col 39 of module twoPhaseSingleShard: 333213
@!@!@ENDMSG 2221 @!@!@
@!@!@STARTMSG 2221:0 @!@!@
  ||||||||||line 172, col 14 to line 172, col 54 of module twoPhaseSingleShard: 333213
@!@!@ENDMSG 2221 @!@!@
@!@!@STARTMSG 2221:0 @!@!@
  |||||||||||line 172, col 14 to line 172, col 30 of module twoPhaseSingleShard: 333213
@!@!@ENDMSG 2221 @!@!@
@!@!@STARTMSG 2221:0 @!@!@
  |||||||||||line 172, col 35 to line 172, col 54 of module twoPhaseSingleShard: 274504
@!@!@ENDMSG 2221 @!@!@
@!@!@STARTMSG 2221:0 @!@!@
  ||||||||||line 172, col 61 to line 172, col 119 of module twoPhaseSingleShard: 229573
@!@!@ENDMSG 2221 @!@!@
@!@!@STARTMSG 2221:0 @!@!@
  ||||||||||line 173, col 12 to line 173, col 55 of module twoPhaseSingleShard: 103640
@!@!@ENDMSG 2221 @!@!@
@!@!@STARTMSG 2221:0 @!@!@
  |||||||||||line 173, col 12 to line 173, col 28 of module twoPhaseSingleShard: 103640
@!@!@ENDMSG 2221 @!@!@
@!@!@STARTMSG 2221:0 @!@!@
  |||||||||||line 173, col 33 to line 173, col 55 of module twoPhaseSingleShard: 44931
@!@!@ENDMSG 2221 @!@!@
@!@!@STARTMSG 2221:0 @!@!@
  ||||||||||line 180, col 21 to line 180, col 57 of module twoPhaseSingleShard: 44931
@!@!@ENDMSG 2221 @!@!@
@!@!@STARTMSG 2775:0 @!@!@
  ||||||||||line 177, col 40 to line 177, col 86 of module twoPhaseSingleShard: 44931:44931
@!@!@ENDMSG 2775 @!@!@
@!@!@STARTMSG 2221:0 @!@!@
  |||||||||||line 177, col 54 to line 177, col 85 of module twoPhaseSingleShard: 72356
@!@!@ENDMSG 2221 @!@!@
@!@!@STARTMSG 2221:0 @!@!@
  |||||||||||line 177, col 48 to line 177, col 49 of module twoPhaseSingleShard: 44931
@!@!@ENDMSG 2221 @!@!@
@!@!@STARTMSG 2221:0 @!@!@
  ||||||||||line 175, col 21 to line 175, col 129 of module twoPhaseSingleShard: 44931
@!@!@ENDMSG 2221 @!@!@
@!@!@STARTMSG 2221:0 @!@!@
  ||||||||||line 178, col 43 to line 178, col 92 of module twoPhaseSingleShard: 44931
@!@!@ENDMSG 2221 @!@!@
@!@!@STARTMSG 2221:0 @!@!@
  |||||||||||line 178, col 57 to line 178, col 91 of module twoPhaseSingleShard: 72356
@!@!@ENDMSG 2221 @!@!@
@!@!@STARTMSG 2221:0 @!@!@
  |||||||||||line 178, col 51 to line 178, col 52 of module twoPhaseSingleShard: 44931
@!@!@ENDMSG 2221 @!@!@
@!@!@STARTMSG 2221:0 @!@!@
  ||||||||||line 179, col 24 to line 179, col 130 of module twoPhaseSingleShard: 44931
@!@!@ENDMSG 2221 @!@!@
@!@!@STARTMSG 2221:0 @!@!@
  ||||||||||line 182, col 15 to line 184, col 20 of module twoPhaseSingleShard: 44931
@!@!@ENDMSG 2221 @!@!@
@!@!@STARTMSG 2221:0 @!@!@
  |||||||||||line 182, col 18 to line 182, col 72 of module twoPhaseSingleShard: 44931
@!@!@ENDMSG 2221 @!@!@
@!@!@STARTMSG 2221:0 @!@!@
  ||||||||||||line 182, col 18 to line 182, col 68 of module twoPhaseSingleShard: 44931
@!@!@ENDMSG 2221 @!@!@
@!@!@STARTMSG 2221:0 @!@!@
  |||||||||||||line 182, col 30 to line 182, col 67 of module twoPhaseSingleShard: 44931
@!@!@ENDMSG 2221 @!@!@
@!@!@STARTMSG 2221:0 @!@!@
  ||||||||||||||line 182, col 41 to line 182, col 66 of module twoPhaseSingleShard: 117287
@!@!@ENDMSG 2221 @!@!@
@!@!@STARTMSG 2221:0 @!@!@
  ||||||||||||||line 182, col 37 to line 182, col 37 of module twoPhaseSingleShard: 44931
@!@!@ENDMSG 2221 @!@!@
@!@!@STARTMSG 2221:0 @!@!@
  |||||||||||line 183, col 20 to line 183, col 21 of module twoPhaseSingleShard: 44931
@!@!@ENDMSG 2221 @!@!@
@!@!@STARTMSG 2221:0 @!@!@
  ||||||||||line 185, col 12 to line 185, col 52 of module twoPhaseSingleShard: 58709
@!@!@ENDMSG 2221 @!@!@
@!@!@STARTMSG 2775:0 @!@!@
  ||||||||||line 194, col 9 to line 194, col 30 of module twoPhaseSingleShard: 58709:7511
@!@!@ENDMSG 2775 @!@!@
@!@!@STARTMSG 2221:0 @!@!@
  |||||||||||line 194, col 10 to line 194, col 19 of module twoPhaseSingleShard: 157202
@!@!@ENDMSG 2221 @!@!@
@!@!@STARTMSG 2221:0 @!@!@
  ||||||||||||line 188, col 17 to line 192, col 26 of module twoPhaseSingleShard: 157202
@!@!@ENDMSG 2221 @!@!@
@!@!@STARTMSG 2221:0 @!@!@
  |||||||||||||line 188, col 20 to line 188, col 45 of module twoPhaseSingleShard: 157202
@!@!@ENDMSG 2221 @!@!@
@!@!@STARTMSG 2221:0 @!@!@
  |||||||||||||line 189, col 25 to line 189, col 96 of module twoPhaseSingleShard: 58709
@!@!@ENDMSG 2221 @!@!@
@!@!@STARTMSG 2221:0 @!@!@
  |||||||||||||line 192, col 26 to line 192, col 26 of module twoPhaseSingleShard: 98493
@!@!@ENDMSG 2221 @!@!@
@!@!@STARTMSG 2221:0 @!@!@
  ||||||||||||line 194, col 18 to line 194, col 18 of module twoPhaseSingleShard: 157202
@!@!@ENDMSG 2221 @!@!@
@!@!@STARTMSG 2221:0 @!@!@
  |||||||||||line 194, col 29 to line 194, col 29 of module twoPhaseSingleShard: 58709
@!@!@ENDMSG 2221 @!@!@
@!@!@STARTMSG 2221:0 @!@!@
  ||||||||line 217, col 58 to line 217, col 66 of module twoPhaseSingleShard: 333213
@!@!@ENDMSG 2221 @!@!@
@!@!@STARTMSG 2221:0 @!@!@
  ||||||||line 217, col 69 to line 217, col 74 of module twoPhaseSingleShard: 333213
@!@!@ENDMSG 2221 @!@!@
@!@!@STARTMSG 2221:0 @!@!@
  ||||||||line 217, col 77 to line 217, col 77 of module twoPhaseSingleShard: 333213
@!@!@ENDMSG 2221 @!@!@
@!@!@STARTMSG 2221:0 @!@!@
  |||||||line 217, col 81 to line 217, col 89 of module twoPhaseSingleShard: 333213
@!@!@ENDMSG 2221 @!@!@
@!@!@STARTMSG 2221:0 @!@!@
  ||||line 222, col 19 to line 222, col 21 of module twoPhaseSingleShard: 215795
@!@!@ENDMSG 2221 @!@!@
@!@!@STARTMSG 2221:0 @!@!@
  ||||line 222, col 24 to line 222, col 29 of module twoPhaseSingleShard: 215795
@!@!@ENDMSG 2221 @!@!@
@!@!@STARTMSG 2221:0 @!@!@
  ||||line 222, col 32 to line 222, col 32 of module twoPhaseSingleShard: 215795
@!@!@ENDMSG 2221 @!@!@
@!@!@STARTMSG 2221:0 @!@!@
  |||line 739, col 62 to line 739, col 73 of module twoPhaseSingleShard: 215795
@!@!@ENDMSG 2221 @!@!@
@!@!@STARTMSG 2221:0 @!@!@
  |||line 739, col 76 to line 739, col 76 of module twoPhaseSingleShard: 215795
@!@!@ENDMSG 2221 @!@!@
@!@!@STARTMSG 2221:0 @!@!@
  |||line 739, col 79 to line 739, col 96 of module twoPhaseSingleShard: 215795
@!@!@ENDMSG 2221 @!@!@
@!@!@STARTMSG 2221:0 @!@!@
  line 740, col 6 to line 745, col 37 of module twoPhaseSingleShard: 431590
@!@!@ENDMSG 2221 @!@!@
@!@!@STARTMSG 2221:0 @!@!@
  |line 740, col 7 to line 745, col 37 of module twoPhaseSingleShard: 215795
@!@!@ENDMSG 2221 @!@!@
@!@!@STARTMSG 2221:0 @!@!@
  line 746, col 6 to line 751, col 31 of module twoPhaseSingleShard: 215795
@!@!@ENDMSG 2221 @!@!@
@!@!@STARTMSG 2221:0 @!@!@
  line 753, col 6 to line 753, col 21 of module twoPhaseSingleShard: 215795
@!@!@ENDMSG 2221 @!@!@
@!@!@STARTMSG 2221:0 @!@!@
  line 754, col 6 to line 755, col 63 of module twoPhaseSingleShard: 215795
@!@!@ENDMSG 2221 @!@!@
@!@!@STARTMSG 2221:0 @!@!@
  line 717, col 7 to line 717, col 27 of module twoPhaseSingleShard: 49038
@!@!@ENDMSG 2221 @!@!@
@!@!@STARTMSG 2221:0 @!@!@
  |line 717, col 7 to line 717, col 23 of module twoPhaseSingleShard: 127334
@!@!@ENDMSG 2221 @!@!@
@!@!@STARTMSG 2221:0 @!@!@
  ||line 717, col 19 to line 717, col 22 of module twoPhaseSingleShard: 127334
@!@!@ENDMSG 2221 @!@!@
@!@!@STARTMSG 2221:0 @!@!@
  |||line 710, col 14 to line 714, col 20 of module twoPhaseSingleShard: 127334
@!@!@ENDMSG 2221 @!@!@
@!@!@STARTMSG 2221:0 @!@!@
  ||||line 710, col 42 to line 713, col 50 of module twoPhaseSingleShard: 2549241
@!@!@ENDMSG 2221 @!@!@
@!@!@STARTMSG 2221:0 @!@!@
  |||||line 710, col 42 to line 712, col 61 of module twoPhaseSingleShard: 2549241
@!@!@ENDMSG 2221 @!@!@
@!@!@STARTMSG 2221:0 @!@!@
  ||||||line 710, col 42 to line 711, col 52 of module twoPhaseSingleShard: 2549241
@!@!@ENDMSG 2221 @!@!@
@!@!@STARTMSG 2221:0 @!@!@
  |||||||line 710, col 42 to line 710, col 62 of module twoPhaseSingleShard: 2549241
@!@!@ENDMSG 2221 @!@!@
@!@!@STARTMSG 2221:0 @!@!@
  |||||||line 711, col 42 to line 711, col 52 of module twoPhaseSingleShard: 203952
@!@!@ENDMSG 2221 @!@!@
@!@!@STARTMSG 2221:0 @!@!@
  ||||||line 712, col 42 to line 712, col 61 of module twoPhaseSingleShard: 78296
@!@!@ENDMSG 2221 @!@!@
@!@!@STARTMSG 2221:0 @!@!@
  |||||line 713, col 42 to line 713, col 50 of module twoPhaseSingleShard: 78296
@!@!@ENDMSG 2221 @!@!@
@!@!@STARTMSG 2221:0 @!@!@
  ||||line 710, col 21 to line 710, col 38 of module twoPhaseSingleShard: 127334
@!@!@ENDMSG 2221 @!@!@
@!@!@STARTMSG 2775:0 @!@!@
  |||||line 58, col 5 to line 58, col 47 of module twoPhaseSingleShard: 127334:2676575
@!@!@ENDMSG 2775 @!@!@
@!@!@STARTMSG 2221:0 @!@!@
  ||||||line 58, col 31 to line 58, col 45 of module twoPhaseSingleShard: 2549241
@!@!@ENDMSG 2221 @!@!@
@!@!@STARTMSG 2221:0 @!@!@
  ||||||line 58, col 13 to line 58, col 27 of module twoPhaseSingleShard: 127334
@!@!@ENDMSG 2221 @!@!@
@!@!@STARTMSG 2221:0 @!@!@
  |||||line 710, col 34 to line 710, col 37 of module twoPhaseSingleShard: 127334
@!@!@ENDMSG 2221 @!@!@
@!@!@STARTMSG 2221:0 @!@!@
  line 718, col 7 to line 718, col 156 of module twoPhaseSingleShard: 49038
@!@!@ENDMSG 2221 @!@!@
@!@!@STARTMSG 2221:0 @!@!@
  line 719, col 7 to line 719, col 50 of module twoPhaseSingleShard: 49038
@!@!@ENDMSG 2221 @!@!@
@!@!@STARTMSG 2221:0 @!@!@
  line 757, col 20 to line 757, col 20 of module twoPhaseSingleShard: 127334
@!@!@ENDMSG 2221 @!@!@
@!@!@STARTMSG 2221:0 @!@!@
  line 757, col 23 to line 757, col 31 of module twoPhaseSingleShard: 127334
@!@!@ENDMSG 2221 @!@!@
@!@!@STARTMSG 2221:0 @!@!@
  line 757, col 34 to line 757, col 34 of module twoPhaseSingleShard: 49038
@!@!@ENDMSG 2221 @!@!@
@!@!@STARTMSG 2221:0 @!@!@
  line 757, col 38 to line 757, col 43 of module twoPhaseSingleShard: 127334
@!@!@ENDMSG 2221 @!@!@
@!@!@STARTMSG 2221:0 @!@!@
  line 758, col 8 to line 758, col 23 of module twoPhaseSingleShard: 49038
@!@!@ENDMSG 2221 @!@!@
@!@!@STARTMSG 2221:0 @!@!@
  line 759, col 8 to line 760, col 94 of module twoPhaseSingleShard: 147114
@!@!@ENDMSG 2221 @!@!@
@!@!@STARTMSG 2221:0 @!@!@
  line 1237, col 20 to line 1237, col 20 of module twoPhaseSingleShard: 1265799
@!@!@ENDMSG 2221 @!@!@
@!@!@STARTMSG 2221:0 @!@!@
  line 1237, col 23 to line 1237, col 29 of module twoPhaseSingleShard: 1187503
@!@!@ENDMSG 2221 @!@!@
@!@!@STARTMSG 2221:0 @!@!@
  line 1237, col 32 to line 1237, col 37 of module twoPhaseSingleShard: 1265799
@!@!@ENDMSG 2221 @!@!@
@!@!@STARTMSG 2221:0 @!@!@
  line 1237, col 40 to line 1237, col 53 of module twoPhaseSingleShard: 215795
@!@!@ENDMSG 2221 @!@!@
@!@!@STARTMSG 2221:0 @!@!@
  line 1237, col 56 to line 1237, col 65 of module twoPhaseSingleShard: 215795
@!@!@ENDMSG 2221 @!@!@
@!@!@STARTMSG 2221:0 @!@!@
  line 1237, col 68 to line 1237, col 76 of module twoPhaseSingleShard: 1265799
@!@!@ENDMSG 2221 @!@!@
@!@!@STARTMSG 2221:0 @!@!@
  line 1375, col 27 to line 1375, col 27 of module twoPhaseSingleShard: 1265799
@!@!@ENDMSG 2221 @!@!@
@!@!@STARTMSG 2221:0 @!@!@
  line 1375, col 29 to line 1375, col 29 of module twoPhaseSingleShard: 11962623
@!@!@ENDMSG 2221 @!@!@
@!@!@STARTMSG 2221:0 @!@!@
  line 1376, col 16 to line 1376, col 35 of module twoPhaseSingleShard: 264833
@!@!@ENDMSG 2221 @!@!@
@!@!@STARTMSG 2221:0 @!@!@
  line 1374, col 17 to line 1374, col 21 of module twoPhaseSingleShard: 196318
@!@!@ENDMSG 2221 @!@!@
@!@!@STARTMSG 2221:0 @!@!@
  line 1374, col 30 to line 1374, col 47 of module twoPhaseSingleShard: 196318
@!@!@ENDMSG 2221 @!@!@
@!@!@STARTMSG 2775:0 @!@!@
  |line 58, col 5 to line 58, col 47 of module twoPhaseSingleShard: 196318:4183859
@!@!@ENDMSG 2775 @!@!@
@!@!@STARTMSG 2221:0 @!@!@
  ||line 58, col 31 to line 58, col 45 of module twoPhaseSingleShard: 3987541
@!@!@ENDMSG 2221 @!@!@
@!@!@STARTMSG 2221:0 @!@!@
  ||line 58, col 13 to line 58, col 27 of module twoPhaseSingleShard: 196318
@!@!@ENDMSG 2221 @!@!@
@!@!@STARTMSG 2221:0 @!@!@
  |line 1374, col 43 to line 1374, col 46 of module twoPhaseSingleShard: 196318
@!@!@ENDMSG 2221 @!@!@
@!@!@STARTMSG 2772:0 @!@!@
<Next line 1370, col 3 to line 1370, col 6 of module twoPhaseSingleShard (1377 8 1379 39)>: 12020:65975
@!@!@ENDMSG 2772 @!@!@
@!@!@STARTMSG 2221:0 @!@!@
  line 1221, col 7 to line 1221, col 27 of module twoPhaseSingleShard: 4020708
@!@!@ENDMSG 2221 @!@!@
@!@!@STARTMSG 2221:0 @!@!@
  |line 1221, col 7 to line 1221, col 14 of module twoPhaseSingleShard: 3987541
@!@!@ENDMSG 2221 @!@!@
@!@!@STARTMSG 2221:0 @!@!@
  line 1222, col 7 to line 1222, col 45 of module twoPhaseSingleShard: 1443903
@!@!@ENDMSG 2221 @!@!@
@!@!@STARTMSG 2221:0 @!@!@
  |line 1222, col 7 to line 1222, col 13 of module twoPhaseSingleShard: 1410736
@!@!@ENDMSG 2221 @!@!@
@!@!@STARTMSG 2221:0 @!@!@
  |line 1222, col 19 to line 1222, col 45 of module twoPhaseSingleShard: 1410736
@!@!@ENDMSG 2221 @!@!@
@!@!@STARTMSG 2221:0 @!@!@
  line 935, col 8 to line 935, col 47 of module twoPhaseSingleShard: 1443903
@!@!@ENDMSG 2221 @!@!@
@!@!@STARTMSG 2221:0 @!@!@
  |line 935, col 8 to line 935, col 36 of module twoPhaseSingleShard: 1410736
@!@!@ENDMSG 2221 @!@!@
@!@!@STARTMSG 2221:0 @!@!@
  line 958, col 16 to line 958, col 148 of module twoPhaseSingleShard: 5642944
@!@!@ENDMSG 2221 @!@!@
@!@!@STARTMSG 2221:0 @!@!@
  |line 958, col 16 to line 958, col 80 of module twoPhaseSingleShard: 5642944
@!@!@ENDMSG 2221 @!@!@
@!@!@STARTMSG 2221:0 @!@!@
  |line 958, col 85 to line 958, col 148 of module twoPhaseSingleShard: 450236
@!@!@ENDMSG 2221 @!@!@
@!@!@STARTMSG 2221:0 @!@!@
  line 960, col 47 to line 960, col 56 of module twoPhaseSingleShard: 17304927
@!@!@ENDMSG 2221 @!@!@
@!@!@STARTMSG 2221:0 @!@!@
  |line 960, col 47 to line 960, col 51 of module twoPhaseSingleShard: 17189617
@!@!@ENDMSG 2221 @!@!@
@!@!@STARTMSG 2221:0 @!@!@
  |line 960, col 55 to line 960, col 56 of module twoPhaseSingleShard: 17189617
@!@!@ENDMSG 2221 @!@!@
@!@!@STARTMSG 2221:0 @!@!@
  line 960, col 40 to line 960, col 43 of module twoPhaseSingleShard: 9575055
@!@!@ENDMSG 2221 @!@!@
@!@!@STARTMSG 2775:0 @!@!@
  |line 939, col 21 to line 946, col 51 of module twoPhaseSingleShard: 9575055:26764672
@!@!@ENDMSG 2775 @!@!@
@!@!@STARTMSG 2221:0 @!@!@
  ||line 940, col 35 to line 946, col 50 of module twoPhaseSingleShard: 197258117
@!@!@ENDMSG 2221 @!@!@
@!@!@STARTMSG 2221:0 @!@!@
  |||line 940, col 38 to line 940, col 56 of module twoPhaseSingleShard: 197258117
@!@!@ENDMSG 2221 @!@!@
@!@!@STARTMSG 2221:0 @!@!@
  |||line 941, col 38 to line 941, col 46 of module twoPhaseSingleShard: 70363489
@!@!@ENDMSG 2221 @!@!@
@!@!@STARTMSG 2221:0 @!@!@
  |||line 942, col 38 to line 942, col 51 of module twoPhaseSingleShard: 38480252
@!@!@ENDMSG 2221 @!@!@
@!@!@STARTMSG 2221:0 @!@!@
  |||line 943, col 38 to line 943, col 56 of module twoPhaseSingleShard: 26053268
@!@!@ENDMSG 2221 @!@!@
@!@!@STARTMSG 2221:0 @!@!@
  |||line 944, col 38 to line 944, col 58 of module twoPhaseSingleShard: 26053268
@!@!@ENDMSG 2221 @!@!@
@!@!@STARTMSG 2221:0 @!@!@
  |||line 945, col 38 to line 945, col 102 of module twoPhaseSingleShard: 26053268
@!@!@ENDMSG 2221 @!@!@
@!@!@STARTMSG 2221:0 @!@!@
  |||line 946, col 38 to line 946, col 50 of module twoPhaseSingleShard: 22017029
@!@!@ENDMSG 2221 @!@!@
@!@!@STARTMSG 2221:0 @!@!@
  ||line 939, col 28 to line 939, col 45 of module twoPhaseSingleShard: 9575055
@!@!@ENDMSG 2221 @!@!@
@!@!@STARTMSG 2775:0 @!@!@
  |||line 58, col 5 to line 58, col 47 of module twoPhaseSingleShard: 9575055:206833172
@!@!@ENDMSG 2775 @!@!@
@!@!@STARTMSG 2221:0 @!@!@
  ||||line 58, col 31 to line 58, col 45 of module twoPhaseSingleShard: 197258117
@!@!@ENDMSG 2221 @!@!@
@!@!@STARTMSG 2221:0 @!@!@
  ||||line 58, col 13 to line 58, col 27 of module twoPhaseSingleShard: 9575055
@!@!@ENDMSG 2221 @!@!@
@!@!@STARTMSG 2221:0 @!@!@
  |||line 939, col 41 to line 939, col 44 of module twoPhaseSingleShard: 9575055
@!@!@ENDMSG 2221 @!@!@
@!@!@STARTMSG 2221:0 @!@!@
  line 960, col 26 to line 960, col 27 of module twoPhaseSingleShard: 5399760
@!@!@ENDMSG 2221 @!@!@
@!@!@STARTMSG 2221:0 @!@!@
  line 456, col 10 to line 456, col 110 of module twoPhaseSingleShard: 0
@!@!@ENDMSG 2221 @!@!@
@!@!@STARTMSG 2221:0 @!@!@
  line 457, col 10 to line 457, col 43 of module twoPhaseSingleShard: 0
@!@!@ENDMSG 2221 @!@!@
@!@!@STARTMSG 2221:0 @!@!@
  line 438, col 11 to line 438, col 50 of module twoPhaseSingleShard: 2855894
@!@!@ENDMSG 2221 @!@!@
@!@!@STARTMSG 2221:0 @!@!@
  |line 438, col 11 to line 438, col 39 of module twoPhaseSingleShard: 2802175
@!@!@ENDMSG 2221 @!@!@
@!@!@STARTMSG 2221:0 @!@!@
  line 439, col 11 to line 446, col 17 of module twoPhaseSingleShard: 2855894
@!@!@ENDMSG 2221 @!@!@
@!@!@STARTMSG 2221:0 @!@!@
  |line 439, col 12 to line 446, col 17 of module twoPhaseSingleShard: 2802175
@!@!@ENDMSG 2221 @!@!@
@!@!@STARTMSG 2221:0 @!@!@
  line 447, col 10 to line 454, col 17 of module twoPhaseSingleShard: 265136
@!@!@ENDMSG 2221 @!@!@
@!@!@STARTMSG 2221:0 @!@!@
  |line 447, col 11 to line 454, col 17 of module twoPhaseSingleShard: 211417
@!@!@ENDMSG 2221 @!@!@
@!@!@STARTMSG 2221:0 @!@!@
  line 456, col 10 to line 456, col 110 of module twoPhaseSingleShard: 53719
@!@!@ENDMSG 2221 @!@!@
@!@!@STARTMSG 2221:0 @!@!@
  |line 456, col 29 to line 456, col 110 of module twoPhaseSingleShard: 53719
@!@!@ENDMSG 2221 @!@!@
@!@!@STARTMSG 2221:0 @!@!@
  ||line 456, col 30 to line 456, col 44 of module twoPhaseSingleShard: 53719
@!@!@ENDMSG 2221 @!@!@
@!@!@STARTMSG 2221:0 @!@!@
  ||line 456, col 52 to line 456, col 109 of module twoPhaseSingleShard: 53719
@!@!@ENDMSG 2221 @!@!@
@!@!@STARTMSG 2221:0 @!@!@
  ||line 456, col 60 to line 456, col 109 of module twoPhaseSingleShard: 53719
@!@!@ENDMSG 2221 @!@!@
@!@!@STARTMSG 2221:0 @!@!@
  |||line 222, col 3 to line 222, col 36 of module twoPhaseSingleShard: 53719
@!@!@ENDMSG 2221 @!@!@
@!@!@STARTMSG 2221:0 @!@!@
  ||||line 214, col 5 to line 219, col 13 of module twoPhaseSingleShard: 128678
@!@!@ENDMSG 2221 @!@!@
@!@!@STARTMSG 2221:0 @!@!@
  |||||line 214, col 8 to line 214, col 48 of module twoPhaseSingleShard: 128678
@!@!@ENDMSG 2221 @!@!@
@!@!@STARTMSG 2221:0 @!@!@
  |||||line 216, col 9 to line 217, col 90 of module twoPhaseSingleShard: 128678
@!@!@ENDMSG 2221 @!@!@
@!@!@STARTMSG 2221:0 @!@!@
  ||||||line 216, col 12 to line 216, col 21 of module twoPhaseSingleShard: 128678
@!@!@ENDMSG 2221 @!@!@
@!@!@STARTMSG 2221:0 @!@!@
  ||||||line 216, col 28 to line 216, col 28 of module twoPhaseSingleShard: 53719
@!@!@ENDMSG 2221 @!@!@
@!@!@STARTMSG 2221:0 @!@!@
  ||||||line 217, col 14 to line 217, col 90 of module twoPhaseSingleShard: 74959
@!@!@ENDMSG 2221 @!@!@
@!@!@STARTMSG 2221:0 @!@!@
  |||||||line 217, col 30 to line 217, col 38 of module twoPhaseSingleShard: 74959
@!@!@ENDMSG 2221 @!@!@
@!@!@STARTMSG 2221:0 @!@!@
  |||||||line 217, col 41 to line 217, col 46 of module twoPhaseSingleShard: 21240
@!@!@ENDMSG 2221 @!@!@
@!@!@STARTMSG 2221:0 @!@!@
  |||||||line 217, col 50 to line 217, col 78 of module twoPhaseSingleShard: 74959
@!@!@ENDMSG 2221 @!@!@
@!@!@STARTMSG 2221:0 @!@!@
  ||||||||line 170, col 5 to line 210, col 9 of module twoPhaseSingleShard: 74959
@!@!@ENDMSG 2221 @!@!@
@!@!@STARTMSG 2221:0 @!@!@
  |||||||||line 170, col 8 to line 170, col 44 of module twoPhaseSingleShard: 74959
@!@!@ENDMSG 2221 @!@!@
@!@!@STARTMSG 2221:0 @!@!@
  |||||||||line 172, col 9 to line 208, col 39 of module twoPhaseSingleShard: 74959
@!@!@ENDMSG 2221 @!@!@
@!@!@STARTMSG 2221:0 @!@!@
  ||||||||||line 172, col 14 to line 172, col 54 of module twoPhaseSingleShard: 74959
@!@!@ENDMSG 2221 @!@!@
@!@!@STARTMSG 2221:0 @!@!@
  |||||||||||line 172, col 14 to line 172, col 30 of module twoPhaseSingleShard: 74959
@!@!@ENDMSG 2221 @!@!@
@!@!@STARTMSG 2221:0 @!@!@
  |||||||||||line 172, col 35 to line 172, col 54 of module twoPhaseSingleShard: 64339
@!@!@ENDMSG 2221 @!@!@
@!@!@STARTMSG 2221:0 @!@!@
  ||||||||||line 172, col 61 to line 172, col 119 of module twoPhaseSingleShard: 51026
@!@!@ENDMSG 2221 @!@!@
@!@!@STARTMSG 2221:0 @!@!@
  ||||||||||line 173, col 12 to line 173, col 55 of module twoPhaseSingleShard: 23933
@!@!@ENDMSG 2221 @!@!@
@!@!@STARTMSG 2221:0 @!@!@
  |||||||||||line 173, col 12 to line 173, col 28 of module twoPhaseSingleShard: 23933
@!@!@ENDMSG 2221 @!@!@
@!@!@STARTMSG 2221:0 @!@!@
  |||||||||||line 173, col 33 to line 173, col 55 of module twoPhaseSingleShard: 13313
@!@!@ENDMSG 2221 @!@!@
@!@!@STARTMSG 2221:0 @!@!@
  ||||||||||line 180, col 21 to line 180, col 57 of module twoPhaseSingleShard: 13313
@!@!@ENDMSG 2221 @!@!@
@!@!@STARTMSG 2775:0 @!@!@
  ||||||||||line 177, col 40 to line 177, col 86 of module twoPhaseSingleShard: 13313:13313
@!@!@ENDMSG 2775 @!@!@
@!@!@STARTMSG 2221:0 @!@!@
  |||||||||||line 177, col 54 to line 177, col 85 of module twoPhaseSingleShard: 18036
@!@!@ENDMSG 2221 @!@!@
@!@!@STARTMSG 2221:0 @!@!@
  |||||||||||line 177, col 48 to line 177, col 49 of module twoPhaseSingleShard: 13313
@!@!@ENDMSG 2221 @!@!@
@!@!@STARTMSG 2221:0 @!@!@
  ||||||||||line 175, col 21 to line 175, col 129 of module twoPhaseSingleShard: 13313
@!@!@ENDMSG 2221 @!@!@
@!@!@STARTMSG 2221:0 @!@!@
  ||||||||||line 178, col 43 to line 178, col 92 of module twoPhaseSingleShard: 13313
@!@!@ENDMSG 2221 @!@!@
@!@!@STARTMSG 2221:0 @!@!@
  |||||||||||line 178, col 57 to line 178, col 91 of module twoPhaseSingleShard: 18036
@!@!@ENDMSG 2221 @!@!@
@!@!@STARTMSG 2221:0 @!@!@
  |||||||||||line 178, col 51 to line 178, col 52 of module twoPhaseSingleShard: 13313
@!@!@ENDMSG 2221 @!@!@
@!@!@STARTMSG 2221:0 @!@!@
  ||||||||||line 179, col 24 to line 179, col 130 of module twoPhaseSingleShard: 13313
@!@!@ENDMSG 2221 @!@!@
@!@!@STARTMSG 2221:0 @!@!@
  ||||||||||line 182, col 15 to line 184, col 20 of module twoPhaseSingleShard: 13313
@!@!@ENDMSG 2221 @!@!@
@!@!@STARTMSG 2221:0 @!@!@
  |||||||||||line 182, col 18 to line 182, col 72 of module twoPhaseSingleShard: 13313
@!@!@ENDMSG 2221 @!@!@
@!@!@STARTMSG 2221:0 @!@!@
  ||||||||||||line 182, col 18 to line 182, col 68 of module twoPhaseSingleShard: 13313
@!@!@ENDMSG 2221 @!@!@
@!@!@STARTMSG 2221:0 @!@!@
  |||||||||||||line 182, col 30 to line 182, col 67 of module twoPhaseSingleShard: 13313
@!@!@ENDMSG 2221 @!@!@
@!@!@STARTMSG 2221:0 @!@!@
  ||||||||||||||line 182, col 41 to line 182, col 66 of module twoPhaseSingleShard: 31349
@!@!@ENDMSG 2221 @!@!@
@!@!@STARTMSG 2221:0 @!@!@
  ||||||||||||||line 182, col 37 to line 182, col 37 of module twoPhaseSingleShard: 13313
@!@!@ENDMSG 2221 @!@!@
@!@!@STARTMSG 2221:0 @!@!@
  |||||||||||line 183, col 20 to line 183, col 21 of module twoPhaseSingleShard: 13313
@!@!@ENDMSG 2221 @!@!@
@!@!@STARTMSG 2221:0 @!@!@
  ||||||||||line 185, col 12 to line 185, col 52 of module twoPhaseSingleShard: 10620
@!@!@ENDMSG 2221 @!@!@
@!@!@STARTMSG 2775:0 @!@!@
  ||||||||||line 194, col 9 to line 194, col 30 of module twoPhaseSingleShard: 10620:17664
@!@!@ENDMSG 2775 @!@!@
@!@!@STARTMSG 2221:0 @!@!@
  |||||||||||line 194, col 10 to line 194, col 19 of module twoPhaseSingleShard: 26770
@!@!@ENDMSG 2221 @!@!@
@!@!@STARTMSG 2221:0 @!@!@
  ||||||||||||line 188, col 17 to line 192, col 26 of module twoPhaseSingleShard: 26770
@!@!@ENDMSG 2221 @!@!@
@!@!@STARTMSG 2221:0 @!@!@
  |||||||||||||line 188, col 20 to line 188, col 45 of module twoPhaseSingleShard: 26770
@!@!@ENDMSG 2221 @!@!@
@!@!@STARTMSG 2221:0 @!@!@
  |||||||||||||line 189, col 25 to line 189, col 96 of module twoPhaseSingleShard: 10620
@!@!@ENDMSG 2221 @!@!@
@!@!@STARTMSG 2221:0 @!@!@
  |||||||||||||line 192, col 26 to line 192, col 26 of module twoPhaseSingleShard: 16150
@!@!@ENDMSG 2221 @!@!@
@!@!@STARTMSG 2221:0 @!@!@
  ||||||||||||line 194, col 18 to line 194, col 18 of module twoPhaseSingleShard: 26770
@!@!@ENDMSG 2221 @!@!@
@!@!@STARTMSG 2221:0 @!@!@
  |||||||||||line 194, col 29 to line 194, col 29 of module twoPhaseSingleShard: 10620
@!@!@ENDMSG 2221 @!@!@
@!@!@STARTMSG 2221:0 @!@!@
  ||||||||line 217, col 58 to line 217, col 66 of module twoPhaseSingleShard: 74959
@!@!@ENDMSG 2221 @!@!@
@!@!@STARTMSG 2221:0 @!@!@
  ||||||||line 217, col 69 to line 217, col 74 of module twoPhaseSingleShard: 74959
@!@!@ENDMSG 2221 @!@!@
@!@!@STARTMSG 2221:0 @!@!@
  ||||||||line 217, col 77 to line 217, col 77 of module twoPhaseSingleShard: 74959
@!@!@ENDMSG 2221 @!@!@
@!@!@STARTMSG 2221:0 @!@!@
  |||||||line 217, col 81 to line 217, col 89 of module twoPhaseSingleShard: 74959
@!@!@ENDMSG 2221 @!@!@
@!@!@STARTMSG 2221:0 @!@!@
  ||||line 222, col 19 to line 222, col 21 of module twoPhaseSingleShard: 53719
@!@!@ENDMSG 2221 @!@!@
@!@!@STARTMSG 2221:0 @!@!@
  ||||line 222, col 24 to line 222, col 29 of module twoPhaseSingleShard: 53719
@!@!@ENDMSG 2221 @!@!@
@!@!@STARTMSG 2221:0 @!@!@
  ||||line 222, col 32 to line 222, col 32 of module twoPhaseSingleShard: 53719
@!@!@ENDMSG 2221 @!@!@
@!@!@STARTMSG 2221:0 @!@!@
  |||line 456, col 66 to line 456, col 85 of module twoPhaseSingleShard: 53719
@!@!@ENDMSG 2221 @!@!@
@!@!@STARTMSG 2221:0 @!@!@
  |||line 456, col 88 to line 456, col 88 of module twoPhaseSingleShard: 53719
@!@!@ENDMSG 2221 @!@!@
@!@!@STARTMSG 2221:0 @!@!@
  |||line 456, col 91 to line 456, col 108 of module twoPhaseSingleShard: 53719
@!@!@ENDMSG 2221 @!@!@
@!@!@STARTMSG 2221:0 @!@!@
  line 457, col 10 to line 457, col 43 of module twoPhaseSingleShard: 53719
@!@!@ENDMSG 2221 @!@!@
@!@!@STARTMSG 2221:0 @!@!@
  line 463, col 9 to line 465, col 195 of module twoPhaseSingleShard: 53719
@!@!@ENDMSG 2221 @!@!@
@!@!@STARTMSG 2221:0 @!@!@
  line 962, col 33 to line 962, col 38 of module twoPhaseSingleShard: 2802175
@!@!@ENDMSG 2221 @!@!@
@!@!@STARTMSG 2221:0 @!@!@
  line 962, col 41 to line 962, col 41 of module twoPhaseSingleShard: 2802175
@!@!@ENDMSG 2221 @!@!@
@!@!@STARTMSG 2221:0 @!@!@
  line 962, col 44 to line 962, col 53 of module twoPhaseSingleShard: 2802175
@!@!@ENDMSG 2221 @!@!@
@!@!@STARTMSG 2221:0 @!@!@
  line 962, col 56 to line 962, col 64 of module twoPhaseSingleShard: 2802175
@!@!@ENDMSG 2221 @!@!@
@!@!@STARTMSG 2221:0 @!@!@
  line 963, col 16 to line 963, col 31 of module twoPhaseSingleShard: 53719
@!@!@ENDMSG 2221 @!@!@
@!@!@STARTMSG 2221:0 @!@!@
  line 964, col 16 to line 965, col 103 of module twoPhaseSingleShard: 53719
@!@!@ENDMSG 2221 @!@!@
@!@!@STARTMSG 2221:0 @!@!@
  line 967, col 16 to line 967, col 31 of module twoPhaseSingleShard: 12256
@!@!@ENDMSG 2221 @!@!@
@!@!@STARTMSG 2221:0 @!@!@
  |line 967, col 24 to line 967, col 31 of module twoPhaseSingleShard: 243184
@!@!@ENDMSG 2221 @!@!@
@!@!@STARTMSG 2221:0 @!@!@
  line 969, col 16 to line 969, col 55 of module twoPhaseSingleShard: 255440
@!@!@ENDMSG 2221 @!@!@
@!@!@STARTMSG 2221:0 @!@!@
  |line 969, col 16 to line 969, col 44 of module twoPhaseSingleShard: 243184
@!@!@ENDMSG 2221 @!@!@
@!@!@STARTMSG 2221:0 @!@!@
  line 970, col 16 to line 977, col 24 of module twoPhaseSingleShard: 255440
@!@!@ENDMSG 2221 @!@!@
@!@!@STARTMSG 2221:0 @!@!@
  |line 970, col 17 to line 977, col 24 of module twoPhaseSingleShard: 243184
@!@!@ENDMSG 2221 @!@!@
@!@!@STARTMSG 2221:0 @!@!@
  line 978, col 16 to line 985, col 22 of module twoPhaseSingleShard: 150720
@!@!@ENDMSG 2221 @!@!@
@!@!@STARTMSG 2221:0 @!@!@
  |line 978, col 17 to line 985, col 22 of module twoPhaseSingleShard: 138464
@!@!@ENDMSG 2221 @!@!@
@!@!@STARTMSG 2221:0 @!@!@
  line 988, col 16 to line 988, col 171 of module twoPhaseSingleShard: 24512
@!@!@ENDMSG 2221 @!@!@
@!@!@STARTMSG 2221:0 @!@!@
  |line 988, col 17 to line 988, col 171 of module twoPhaseSingleShard: 12256
@!@!@ENDMSG 2221 @!@!@
@!@!@STARTMSG 2221:0 @!@!@
  line 989, col 16 to line 989, col 53 of module twoPhaseSingleShard: 12256
@!@!@ENDMSG 2221 @!@!@
@!@!@STARTMSG 2221:0 @!@!@
  line 990, col 16 to line 990, col 59 of module twoPhaseSingleShard: 12256
@!@!@ENDMSG 2221 @!@!@
@!@!@STARTMSG 2221:0 @!@!@
  line 992, col 16 to line 992, col 185 of module twoPhaseSingleShard: 12256
@!@!@ENDMSG 2221 @!@!@
@!@!@STARTMSG 2221:0 @!@!@
  line 936, col 18 to line 936, col 34 of module twoPhaseSingleShard: 1410736
@!@!@ENDMSG 2221 @!@!@
@!@!@STARTMSG 2775:0 @!@!@
  |line 161, col 24 to line 161, col 108 of module twoPhaseSingleShard: 1410736:11285888
@!@!@ENDMSG 2775 @!@!@
@!@!@STARTMSG 2221:0 @!@!@
  ||line 161, col 47 to line 161, col 107 of module twoPhaseSingleShard: 11285888
@!@!@ENDMSG 2221 @!@!@
@!@!@STARTMSG 2775:0 @!@!@
  ||line 161, col 31 to line 161, col 43 of module twoPhaseSingleShard: 1410736:17549220
@!@!@ENDMSG 2775 @!@!@
@!@!@STARTMSG 2221:0 @!@!@
  |line 936, col 25 to line 936, col 33 of module twoPhaseSingleShard: 1410736
@!@!@ENDMSG 2221 @!@!@
@!@!@STARTMSG 2221:0 @!@!@
  line 1223, col 26 to line 1223, col 31 of module twoPhaseSingleShard: 1410736
@!@!@ENDMSG 2221 @!@!@
@!@!@STARTMSG 2221:0 @!@!@
  line 1223, col 34 to line 1223, col 40 of module twoPhaseSingleShard: 1410736
@!@!@ENDMSG 2221 @!@!@
@!@!@STARTMSG 2221:0 @!@!@
  line 1223, col 43 to line 1223, col 45 of module twoPhaseSingleShard: 1410736
@!@!@ENDMSG 2221 @!@!@
@!@!@STARTMSG 2221:0 @!@!@
  line 1378, col 29 to line 1378, col 29 of module twoPhaseSingleShard: 3987541
@!@!@ENDMSG 2221 @!@!@
@!@!@STARTMSG 2221:0 @!@!@
  line 1379, col 16 to line 1379, col 39 of module twoPhaseSingleShard: 65975
@!@!@ENDMSG 2221 @!@!@
@!@!@STARTMSG 2221:0 @!@!@
  line 1377, col 17 to line 1377, col 34 of module twoPhaseSingleShard: 196318
@!@!@ENDMSG 2221 @!@!@
@!@!@STARTMSG 2775:0 @!@!@
  |line 58, col 5 to line 58, col 47 of module twoPhaseSingleShard: 196318:4183859
@!@!@ENDMSG 2775 @!@!@
@!@!@STARTMSG 2221:0 @!@!@
  ||line 58, col 31 to line 58, col 45 of module twoPhaseSingleShard: 3987541
@!@!@ENDMSG 2221 @!@!@
@!@!@STARTMSG 2221:0 @!@!@
  ||line 58, col 13 to line 58, col 27 of module twoPhaseSingleShard: 196318
@!@!@ENDMSG 2221 @!@!@
@!@!@STARTMSG 2221:0 @!@!@
  |line 1377, col 30 to line 1377, col 33 of module twoPhaseSingleShard: 196318
@!@!@ENDMSG 2221 @!@!@
@!@!@STARTMSG 2772:0 @!@!@
<Next line 1370, col 3 to line 1370, col 6 of module twoPhaseSingleShard (1380 8 1382 39)>: 1874:8168
@!@!@ENDMSG 2772 @!@!@
@!@!@STARTMSG 2221:0 @!@!@
  line 1227, col 7 to line 1227, col 26 of module twoPhaseSingleShard: 3995709
@!@!@ENDMSG 2221 @!@!@
@!@!@STARTMSG 2221:0 @!@!@
  |line 1227, col 7 to line 1227, col 14 of module twoPhaseSingleShard: 3987541
@!@!@ENDMSG 2221 @!@!@
@!@!@STARTMSG 2221:0 @!@!@
  line 1228, col 7 to line 1228, col 45 of module twoPhaseSingleShard: 220987
@!@!@ENDMSG 2221 @!@!@
@!@!@STARTMSG 2221:0 @!@!@
  |line 1228, col 7 to line 1228, col 13 of module twoPhaseSingleShard: 212819
@!@!@ENDMSG 2221 @!@!@
@!@!@STARTMSG 2221:0 @!@!@
  |line 1228, col 19 to line 1228, col 45 of module twoPhaseSingleShard: 212819
@!@!@ENDMSG 2221 @!@!@
@!@!@STARTMSG 2221:0 @!@!@
  line 1004, col 8 to line 1004, col 47 of module twoPhaseSingleShard: 220987
@!@!@ENDMSG 2221 @!@!@
@!@!@STARTMSG 2221:0 @!@!@
  |line 1004, col 8 to line 1004, col 36 of module twoPhaseSingleShard: 212819
@!@!@ENDMSG 2221 @!@!@
@!@!@STARTMSG 2221:0 @!@!@
  line 1017, col 47 to line 1017, col 56 of module twoPhaseSingleShard: 1704487
@!@!@ENDMSG 2221 @!@!@
@!@!@STARTMSG 2221:0 @!@!@
  |line 1017, col 47 to line 1017, col 51 of module twoPhaseSingleShard: 1688151
@!@!@ENDMSG 2221 @!@!@
@!@!@STARTMSG 2221:0 @!@!@
  |line 1017, col 55 to line 1017, col 56 of module twoPhaseSingleShard: 1688151
@!@!@ENDMSG 2221 @!@!@
@!@!@STARTMSG 2221:0 @!@!@
  line 1017, col 40 to line 1017, col 43 of module twoPhaseSingleShard: 1357509
@!@!@ENDMSG 2221 @!@!@
@!@!@STARTMSG 2775:0 @!@!@
  |line 1008, col 21 to line 1014, col 51 of module twoPhaseSingleShard: 1357509:3045660
@!@!@ENDMSG 2775 @!@!@
@!@!@STARTMSG 2221:0 @!@!@
  ||line 1009, col 35 to line 1014, col 50 of module twoPhaseSingleShard: 26281364
@!@!@ENDMSG 2221 @!@!@
@!@!@STARTMSG 2221:0 @!@!@
  |||line 1009, col 38 to line 1009, col 55 of module twoPhaseSingleShard: 26281364
@!@!@ENDMSG 2221 @!@!@
@!@!@STARTMSG 2221:0 @!@!@
  |||line 1010, col 38 to line 1010, col 46 of module twoPhaseSingleShard: 2447825
@!@!@ENDMSG 2221 @!@!@
@!@!@STARTMSG 2221:0 @!@!@
  |||line 1011, col 38 to line 1011, col 51 of module twoPhaseSingleShard: 2417017
@!@!@ENDMSG 2221 @!@!@
@!@!@STARTMSG 2221:0 @!@!@
  |||line 1012, col 38 to line 1012, col 56 of module twoPhaseSingleShard: 2118875
@!@!@ENDMSG 2221 @!@!@
@!@!@STARTMSG 2221:0 @!@!@
  |||line 1013, col 38 to line 1013, col 58 of module twoPhaseSingleShard: 2118875
@!@!@ENDMSG 2221 @!@!@
@!@!@STARTMSG 2221:0 @!@!@
  |||line 1014, col 38 to line 1014, col 50 of module twoPhaseSingleShard: 2118875
@!@!@ENDMSG 2221 @!@!@
@!@!@STARTMSG 2221:0 @!@!@
  ||line 1008, col 28 to line 1008, col 45 of module twoPhaseSingleShard: 1357509
@!@!@ENDMSG 2221 @!@!@
@!@!@STARTMSG 2775:0 @!@!@
  |||line 58, col 5 to line 58, col 47 of module twoPhaseSingleShard: 1357509:27638873
@!@!@ENDMSG 2775 @!@!@
@!@!@STARTMSG 2221:0 @!@!@
  ||||line 58, col 31 to line 58, col 45 of module twoPhaseSingleShard: 26281364
@!@!@ENDMSG 2221 @!@!@
@!@!@STARTMSG 2221:0 @!@!@
  ||||line 58, col 13 to line 58, col 27 of module twoPhaseSingleShard: 1357509
@!@!@ENDMSG 2221 @!@!@
@!@!@STARTMSG 2221:0 @!@!@
  |||line 1008, col 41 to line 1008, col 44 of module twoPhaseSingleShard: 1357509
@!@!@ENDMSG 2221 @!@!@
@!@!@STARTMSG 2221:0 @!@!@
  line 1017, col 26 to line 1017, col 27 of module twoPhaseSingleShard: 851276
@!@!@ENDMSG 2221 @!@!@
@!@!@STARTMSG 2221:0 @!@!@
  line 550, col 10 to line 550, col 49 of module twoPhaseSingleShard: 129900
@!@!@ENDMSG 2221 @!@!@
@!@!@STARTMSG 2221:0 @!@!@
  |line 550, col 10 to line 550, col 38 of module twoPhaseSingleShard: 121732
@!@!@ENDMSG 2221 @!@!@
@!@!@STARTMSG 2221:0 @!@!@
  line 551, col 10 to line 558, col 18 of module twoPhaseSingleShard: 129900
@!@!@ENDMSG 2221 @!@!@
@!@!@STARTMSG 2221:0 @!@!@
  |line 551, col 11 to line 558, col 18 of module twoPhaseSingleShard: 121732
@!@!@ENDMSG 2221 @!@!@
@!@!@STARTMSG 2221:0 @!@!@
  line 559, col 10 to line 566, col 9 of module twoPhaseSingleShard: 8168
@!@!@ENDMSG 2221 @!@!@
@!@!@STARTMSG 2221:0 @!@!@
  line 1019, col 32 to line 1019, col 37 of module twoPhaseSingleShard: 121732
@!@!@ENDMSG 2221 @!@!@
@!@!@STARTMSG 2221:0 @!@!@
  line 1019, col 40 to line 1019, col 40 of module twoPhaseSingleShard: 121732
@!@!@ENDMSG 2221 @!@!@
@!@!@STARTMSG 2221:0 @!@!@
  line 1019, col 43 to line 1019, col 52 of module twoPhaseSingleShard: 121732
@!@!@ENDMSG 2221 @!@!@
@!@!@STARTMSG 2221:0 @!@!@
  line 1019, col 55 to line 1019, col 63 of module twoPhaseSingleShard: 121732
@!@!@ENDMSG 2221 @!@!@
@!@!@STARTMSG 2221:0 @!@!@
  line 1020, col 16 to line 1020, col 31 of module twoPhaseSingleShard: 8168
@!@!@ENDMSG 2221 @!@!@
@!@!@STARTMSG 2221:0 @!@!@
  line 1021, col 9 to line 1022, col 136 of module twoPhaseSingleShard: 8168
@!@!@ENDMSG 2221 @!@!@
@!@!@STARTMSG 2221:0 @!@!@
  line 1005, col 18 to line 1005, col 34 of module twoPhaseSingleShard: 212819
@!@!@ENDMSG 2221 @!@!@
@!@!@STARTMSG 2775:0 @!@!@
  |line 161, col 24 to line 161, col 108 of module twoPhaseSingleShard: 212819:1702552
@!@!@ENDMSG 2775 @!@!@
@!@!@STARTMSG 2221:0 @!@!@
  ||line 161, col 47 to line 161, col 107 of module twoPhaseSingleShard: 1702552
@!@!@ENDMSG 2221 @!@!@
@!@!@STARTMSG 2775:0 @!@!@
  ||line 161, col 31 to line 161, col 43 of module twoPhaseSingleShard: 212819:2766647
@!@!@ENDMSG 2775 @!@!@
@!@!@STARTMSG 2221:0 @!@!@
  |line 1005, col 25 to line 1005, col 33 of module twoPhaseSingleShard: 212819
@!@!@ENDMSG 2221 @!@!@
@!@!@STARTMSG 2221:0 @!@!@
  line 1229, col 25 to line 1229, col 30 of module twoPhaseSingleShard: 212819
@!@!@ENDMSG 2221 @!@!@
@!@!@STARTMSG 2221:0 @!@!@
  line 1229, col 33 to line 1229, col 39 of module twoPhaseSingleShard: 212819
@!@!@ENDMSG 2221 @!@!@
@!@!@STARTMSG 2221:0 @!@!@
  line 1229, col 42 to line 1229, col 44 of module twoPhaseSingleShard: 212819
@!@!@ENDMSG 2221 @!@!@
@!@!@STARTMSG 2221:0 @!@!@
  line 1381, col 28 to line 1381, col 28 of module twoPhaseSingleShard: 3987541
@!@!@ENDMSG 2221 @!@!@
@!@!@STARTMSG 2221:0 @!@!@
  line 1382, col 16 to line 1382, col 39 of module twoPhaseSingleShard: 8168
@!@!@ENDMSG 2221 @!@!@
@!@!@STARTMSG 2221:0 @!@!@
  line 1380, col 17 to line 1380, col 34 of module twoPhaseSingleShard: 196318
@!@!@ENDMSG 2221 @!@!@
@!@!@STARTMSG 2775:0 @!@!@
  |line 58, col 5 to line 58, col 47 of module twoPhaseSingleShard: 196318:4183859
@!@!@ENDMSG 2775 @!@!@
@!@!@STARTMSG 2221:0 @!@!@
  ||line 58, col 31 to line 58, col 45 of module twoPhaseSingleShard: 3987541
@!@!@ENDMSG 2221 @!@!@
@!@!@STARTMSG 2221:0 @!@!@
  ||line 58, col 13 to line 58, col 27 of module twoPhaseSingleShard: 196318
@!@!@ENDMSG 2221 @!@!@
@!@!@STARTMSG 2221:0 @!@!@
  |line 1380, col 30 to line 1380, col 33 of module twoPhaseSingleShard: 196318
@!@!@ENDMSG 2221 @!@!@
@!@!@STARTMSG 2772:0 @!@!@
<Next line 1370, col 3 to line 1370, col 6 of module twoPhaseSingleShard (1383 8 1385 35)>: 49433:91728
@!@!@ENDMSG 2772 @!@!@
@!@!@STARTMSG 2221:0 @!@!@
  line 1241, col 6 to line 1241, col 23 of module twoPhaseSingleShard: 12054351
@!@!@ENDMSG 2221 @!@!@
@!@!@STARTMSG 2221:0 @!@!@
  |line 1241, col 6 to line 1241, col 13 of module twoPhaseSingleShard: 11962623
@!@!@ENDMSG 2221 @!@!@
@!@!@STARTMSG 2221:0 @!@!@
  line 1242, col 6 to line 1242, col 38 of module twoPhaseSingleShard: 497040
@!@!@ENDMSG 2221 @!@!@
@!@!@STARTMSG 2221:0 @!@!@
  |line 1242, col 6 to line 1242, col 6 of module twoPhaseSingleShard: 405312
@!@!@ENDMSG 2221 @!@!@
@!@!@STARTMSG 2221:0 @!@!@
  |line 1242, col 12 to line 1242, col 38 of module twoPhaseSingleShard: 405312
@!@!@ENDMSG 2221 @!@!@
@!@!@STARTMSG 2221:0 @!@!@
  line 694, col 7 to line 694, col 46 of module twoPhaseSingleShard: 497040
@!@!@ENDMSG 2221 @!@!@
@!@!@STARTMSG 2221:0 @!@!@
  |line 694, col 7 to line 694, col 35 of module twoPhaseSingleShard: 405312
@!@!@ENDMSG 2221 @!@!@
@!@!@STARTMSG 2221:0 @!@!@
  line 695, col 7 to line 695, col 55 of module twoPhaseSingleShard: 497040
@!@!@ENDMSG 2221 @!@!@
@!@!@STARTMSG 2221:0 @!@!@
  |line 695, col 7 to line 695, col 12 of module twoPhaseSingleShard: 405312
@!@!@ENDMSG 2221 @!@!@
@!@!@STARTMSG 2221:0 @!@!@
  |line 695, col 18 to line 695, col 55 of module twoPhaseSingleShard: 405312
@!@!@ENDMSG 2221 @!@!@
@!@!@STARTMSG 2221:0 @!@!@
  line 696, col 8 to line 696, col 58 of module twoPhaseSingleShard: 183456
@!@!@ENDMSG 2221 @!@!@
@!@!@STARTMSG 2221:0 @!@!@
  |line 696, col 10 to line 696, col 57 of module twoPhaseSingleShard: 91728
@!@!@ENDMSG 2221 @!@!@
@!@!@STARTMSG 2221:0 @!@!@
  line 697, col 7 to line 698, col 140 of module twoPhaseSingleShard: 91728
@!@!@ENDMSG 2221 @!@!@
@!@!@STARTMSG 2221:0 @!@!@
  line 699, col 7 to line 699, col 22 of module twoPhaseSingleShard: 91728
@!@!@ENDMSG 2221 @!@!@
@!@!@STARTMSG 2221:0 @!@!@
  line 701, col 7 to line 702, col 64 of module twoPhaseSingleShard: 91728
@!@!@ENDMSG 2221 @!@!@
@!@!@STARTMSG 2221:0 @!@!@
  line 1243, col 18 to line 1243, col 18 of module twoPhaseSingleShard: 405312
@!@!@ENDMSG 2221 @!@!@
@!@!@STARTMSG 2221:0 @!@!@
  line 1243, col 21 to line 1243, col 27 of module twoPhaseSingleShard: 405312
@!@!@ENDMSG 2221 @!@!@
@!@!@STARTMSG 2221:0 @!@!@
  line 1243, col 30 to line 1243, col 35 of module twoPhaseSingleShard: 405312
@!@!@ENDMSG 2221 @!@!@
@!@!@STARTMSG 2221:0 @!@!@
  line 1243, col 54 to line 1243, col 62 of module twoPhaseSingleShard: 405312
@!@!@ENDMSG 2221 @!@!@
@!@!@STARTMSG 2221:0 @!@!@
  line 1384, col 26 to line 1384, col 26 of module twoPhaseSingleShard: 405312
@!@!@ENDMSG 2221 @!@!@
@!@!@STARTMSG 2221:0 @!@!@
  line 1384, col 28 to line 1384, col 28 of module twoPhaseSingleShard: 11962623
@!@!@ENDMSG 2221 @!@!@
@!@!@STARTMSG 2221:0 @!@!@
  line 1385, col 16 to line 1385, col 35 of module twoPhaseSingleShard: 91728
@!@!@ENDMSG 2221 @!@!@
@!@!@STARTMSG 2221:0 @!@!@
  line 1383, col 17 to line 1383, col 21 of module twoPhaseSingleShard: 196318
@!@!@ENDMSG 2221 @!@!@
@!@!@STARTMSG 2221:0 @!@!@
  line 1383, col 30 to line 1383, col 47 of module twoPhaseSingleShard: 196318
@!@!@ENDMSG 2221 @!@!@
@!@!@STARTMSG 2775:0 @!@!@
  |line 58, col 5 to line 58, col 47 of module twoPhaseSingleShard: 196318:4183859
@!@!@ENDMSG 2775 @!@!@
@!@!@STARTMSG 2221:0 @!@!@
  ||line 58, col 31 to line 58, col 45 of module twoPhaseSingleShard: 3987541
@!@!@ENDMSG 2221 @!@!@
@!@!@STARTMSG 2221:0 @!@!@
  ||line 58, col 13 to line 58, col 27 of module twoPhaseSingleShard: 196318
@!@!@ENDMSG 2221 @!@!@
@!@!@STARTMSG 2221:0 @!@!@
  |line 1383, col 43 to line 1383, col 46 of module twoPhaseSingleShard: 196318
@!@!@ENDMSG 2221 @!@!@
@!@!@STARTMSG 2772:0 @!@!@
<Next line 1370, col 3 to line 1370, col 6 of module twoPhaseSingleShard (1388 13 1388 25)>: 922:928
@!@!@ENDMSG 2772 @!@!@
@!@!@STARTMSG 2221:0 @!@!@
  line 1280, col 8 to line 1280, col 35 of module twoPhaseSingleShard: 928
@!@!@ENDMSG 2221 @!@!@
@!@!@STARTMSG 2221:0 @!@!@
  |line 1280, col 8 to line 1280, col 31 of module twoPhaseSingleShard: 588954
@!@!@ENDMSG 2221 @!@!@
@!@!@STARTMSG 2221:0 @!@!@
  line 1281, col 8 to line 1281, col 82 of module twoPhaseSingleShard: 3712
@!@!@ENDMSG 2221 @!@!@
@!@!@STARTMSG 2221:0 @!@!@
  |line 1281, col 8 to line 1281, col 8 of module twoPhaseSingleShard: 2784
@!@!@ENDMSG 2221 @!@!@
@!@!@STARTMSG 2221:0 @!@!@
  |line 1281, col 14 to line 1281, col 82 of module twoPhaseSingleShard: 2784
@!@!@ENDMSG 2221 @!@!@
@!@!@STARTMSG 2221:0 @!@!@
  line 1282, col 9 to line 1282, col 13 of module twoPhaseSingleShard: 2785
@!@!@ENDMSG 2221 @!@!@
@!@!@STARTMSG 2221:0 @!@!@
  |line 1282, col 9 to line 1282, col 9 of module twoPhaseSingleShard: 2784
@!@!@ENDMSG 2221 @!@!@
@!@!@STARTMSG 2221:0 @!@!@
  line 1282, col 18 to line 1282, col 34 of module twoPhaseSingleShard: 929
@!@!@ENDMSG 2221 @!@!@
@!@!@STARTMSG 2221:0 @!@!@
  |line 1282, col 18 to line 1282, col 30 of module twoPhaseSingleShard: 928
@!@!@ENDMSG 2221 @!@!@
@!@!@STARTMSG 2221:0 @!@!@
  line 1282, col 41 to line 1282, col 45 of module twoPhaseSingleShard: 2808
@!@!@ENDMSG 2221 @!@!@
@!@!@STARTMSG 2221:0 @!@!@
  |line 1282, col 41 to line 1282, col 41 of module twoPhaseSingleShard: 2784
@!@!@ENDMSG 2221 @!@!@
@!@!@STARTMSG 2221:0 @!@!@
  line 1282, col 50 to line 1282, col 66 of module twoPhaseSingleShard: 952
@!@!@ENDMSG 2221 @!@!@
@!@!@STARTMSG 2221:0 @!@!@
  |line 1282, col 50 to line 1282, col 62 of module twoPhaseSingleShard: 928
@!@!@ENDMSG 2221 @!@!@
@!@!@STARTMSG 2221:0 @!@!@
  line 1282, col 73 to line 1282, col 77 of module twoPhaseSingleShard: 3687
@!@!@ENDMSG 2221 @!@!@
@!@!@STARTMSG 2221:0 @!@!@
  |line 1282, col 73 to line 1282, col 73 of module twoPhaseSingleShard: 2784
@!@!@ENDMSG 2221 @!@!@
@!@!@STARTMSG 2221:0 @!@!@
  line 1282, col 82 to line 1282, col 98 of module twoPhaseSingleShard: 1831
@!@!@ENDMSG 2221 @!@!@
@!@!@STARTMSG 2221:0 @!@!@
  |line 1282, col 82 to line 1282, col 94 of module twoPhaseSingleShard: 928
@!@!@ENDMSG 2221 @!@!@
@!@!@STARTMSG 2221:0 @!@!@
  line 1283, col 8 to line 1283, col 66 of module twoPhaseSingleShard: 928
@!@!@ENDMSG 2221 @!@!@
@!@!@STARTMSG 2221:0 @!@!@
  line 364, col 12 to line 364, col 55 of module twoPhaseSingleShard: 928
@!@!@ENDMSG 2221 @!@!@
@!@!@STARTMSG 2221:0 @!@!@
  line 72, col 12 to line 72, col 39 of module twoPhaseSingleShard: 0
@!@!@ENDMSG 2221 @!@!@
@!@!@STARTMSG 2221:0 @!@!@
  line 389, col 16 to line 389, col 55 of module twoPhaseSingleShard: 1852
@!@!@ENDMSG 2221 @!@!@
@!@!@STARTMSG 2221:0 @!@!@
  |line 389, col 17 to line 389, col 55 of module twoPhaseSingleShard: 928
@!@!@ENDMSG 2221 @!@!@
@!@!@STARTMSG 2221:0 @!@!@
  ||line 257, col 26 to line 257, col 73 of module twoPhaseSingleShard: 928
@!@!@ENDMSG 2221 @!@!@
@!@!@STARTMSG 2221:0 @!@!@
  |||line 257, col 51 to line 257, col 73 of module twoPhaseSingleShard: 437
@!@!@ENDMSG 2221 @!@!@
@!@!@STARTMSG 2221:0 @!@!@
  |||line 257, col 35 to line 257, col 47 of module twoPhaseSingleShard: 928
@!@!@ENDMSG 2221 @!@!@
@!@!@STARTMSG 2221:0 @!@!@
  ||line 253, col 22 to line 253, col 82 of module twoPhaseSingleShard: 437
@!@!@ENDMSG 2221 @!@!@
@!@!@STARTMSG 2221:0 @!@!@
  ||line 254, col 21 to line 254, col 58 of module twoPhaseSingleShard: 928
@!@!@ENDMSG 2221 @!@!@
@!@!@STARTMSG 2775:0 @!@!@
  ||line 256, col 24 to line 256, col 50 of module twoPhaseSingleShard: 928:1365
@!@!@ENDMSG 2775 @!@!@
@!@!@STARTMSG 2221:0 @!@!@
  |||line 256, col 26 to line 256, col 29 of module twoPhaseSingleShard: 437
@!@!@ENDMSG 2221 @!@!@
@!@!@STARTMSG 2221:0 @!@!@
  ||||line 255, col 15 to line 255, col 79 of module twoPhaseSingleShard: 437
@!@!@ENDMSG 2221 @!@!@
@!@!@STARTMSG 2221:0 @!@!@
  |||||line 255, col 16 to line 255, col 46 of module twoPhaseSingleShard: 937
@!@!@ENDMSG 2221 @!@!@
@!@!@STARTMSG 2221:0 @!@!@
  |||||line 255, col 56 to line 255, col 78 of module twoPhaseSingleShard: 437
@!@!@ENDMSG 2221 @!@!@
@!@!@STARTMSG 2221:0 @!@!@
  ||||line 256, col 28 to line 256, col 28 of module twoPhaseSingleShard: 437
@!@!@ENDMSG 2221 @!@!@
@!@!@STARTMSG 2221:0 @!@!@
  |||line 256, col 39 to line 256, col 48 of module twoPhaseSingleShard: 928
@!@!@ENDMSG 2221 @!@!@
@!@!@STARTMSG 2221:0 @!@!@
  ||line 262, col 7 to line 262, col 21 of module twoPhaseSingleShard: 928
@!@!@ENDMSG 2221 @!@!@
@!@!@STARTMSG 2221:0 @!@!@
  ||line 389, col 40 to line 389, col 40 of module twoPhaseSingleShard: 928
@!@!@ENDMSG 2221 @!@!@
@!@!@STARTMSG 2221:0 @!@!@
  ||line 389, col 43 to line 389, col 54 of module twoPhaseSingleShard: 437
@!@!@ENDMSG 2221 @!@!@
@!@!@STARTMSG 2221:0 @!@!@
  line 390, col 16 to line 390, col 41 of module twoPhaseSingleShard: 924
@!@!@ENDMSG 2221 @!@!@
@!@!@STARTMSG 2221:0 @!@!@
  line 391, col 16 to line 391, col 150 of module twoPhaseSingleShard: 924
@!@!@ENDMSG 2221 @!@!@
@!@!@STARTMSG 2221:0 @!@!@
  line 392, col 16 to line 392, col 112 of module twoPhaseSingleShard: 924
@!@!@ENDMSG 2221 @!@!@
@!@!@STARTMSG 2221:0 @!@!@
  line 257, col 51 to line 257, col 73 of module twoPhaseSingleShard: 441
@!@!@ENDMSG 2221 @!@!@
@!@!@STARTMSG 2221:0 @!@!@
  |line 257, col 51 to line 257, col 68 of module twoPhaseSingleShard: 437
@!@!@ENDMSG 2221 @!@!@
@!@!@STARTMSG 2221:0 @!@!@
  |line 257, col 72 to line 257, col 73 of module twoPhaseSingleShard: 437
@!@!@ENDMSG 2221 @!@!@
@!@!@STARTMSG 2221:0 @!@!@
  line 257, col 35 to line 257, col 47 of module twoPhaseSingleShard: 928
@!@!@ENDMSG 2221 @!@!@
@!@!@STARTMSG 2775:0 @!@!@
  |line 256, col 24 to line 256, col 50 of module twoPhaseSingleShard: 928:1365
@!@!@ENDMSG 2775 @!@!@
@!@!@STARTMSG 2221:0 @!@!@
  ||line 256, col 26 to line 256, col 29 of module twoPhaseSingleShard: 437
@!@!@ENDMSG 2221 @!@!@
@!@!@STARTMSG 2221:0 @!@!@
  |||line 255, col 15 to line 255, col 79 of module twoPhaseSingleShard: 437
@!@!@ENDMSG 2221 @!@!@
@!@!@STARTMSG 2221:0 @!@!@
  ||||line 255, col 16 to line 255, col 46 of module twoPhaseSingleShard: 937
@!@!@ENDMSG 2221 @!@!@
@!@!@STARTMSG 2221:0 @!@!@
  ||||line 255, col 56 to line 255, col 78 of module twoPhaseSingleShard: 437
@!@!@ENDMSG 2221 @!@!@
@!@!@STARTMSG 2221:0 @!@!@
  |||line 256, col 28 to line 256, col 28 of module twoPhaseSingleShard: 437
@!@!@ENDMSG 2221 @!@!@
@!@!@STARTMSG 2221:0 @!@!@
  ||line 256, col 39 to line 256, col 48 of module twoPhaseSingleShard: 928
@!@!@ENDMSG 2221 @!@!@
@!@!@STARTMSG 2221:0 @!@!@
  line 395, col 39 to line 395, col 39 of module twoPhaseSingleShard: 928
@!@!@ENDMSG 2221 @!@!@
@!@!@STARTMSG 2221:0 @!@!@
  line 395, col 42 to line 395, col 53 of module twoPhaseSingleShard: 437
@!@!@ENDMSG 2221 @!@!@
@!@!@STARTMSG 2221:0 @!@!@
  line 396, col 16 to line 396, col 50 of module twoPhaseSingleShard: 4
@!@!@ENDMSG 2221 @!@!@
@!@!@STARTMSG 2221:0 @!@!@
  line 397, col 16 to line 397, col 150 of module twoPhaseSingleShard: 4
@!@!@ENDMSG 2221 @!@!@
@!@!@STARTMSG 2221:0 @!@!@
  line 398, col 16 to line 398, col 111 of module twoPhaseSingleShard: 4
@!@!@ENDMSG 2221 @!@!@
@!@!@STARTMSG 2221:0 @!@!@
  line 1284, col 42 to line 1284, col 54 of module twoPhaseSingleShard: 928
@!@!@ENDMSG 2221 @!@!@
@!@!@STARTMSG 2221:0 @!@!@
  line 1284, col 57 to line 1284, col 57 of module twoPhaseSingleShard: 928
@!@!@ENDMSG 2221 @!@!@
@!@!@STARTMSG 2221:0 @!@!@
  line 1284, col 60 to line 1284, col 86 of module twoPhaseSingleShard: 928
@!@!@ENDMSG 2221 @!@!@
@!@!@STARTMSG 2221:0 @!@!@
  line 1284, col 89 to line 1284, col 91 of module twoPhaseSingleShard: 928
@!@!@ENDMSG 2221 @!@!@
@!@!@STARTMSG 2221:0 @!@!@
  line 1285, col 8 to line 1285, col 55 of module twoPhaseSingleShard: 928
@!@!@ENDMSG 2221 @!@!@
@!@!@STARTMSG 2221:0 @!@!@
  line 1286, col 8 to line 1287, col 58 of module twoPhaseSingleShard: 928
@!@!@ENDMSG 2221 @!@!@
@!@!@STARTMSG 2221:0 @!@!@
  line 1388, col 24 to line 1388, col 24 of module twoPhaseSingleShard: 2784
@!@!@ENDMSG 2221 @!@!@
@!@!@STARTMSG 2772:0 @!@!@
<Next line 1370, col 3 to line 1370, col 6 of module twoPhaseSingleShard (1429 7 1431 35)>: 0:0
@!@!@ENDMSG 2772 @!@!@
@!@!@STARTMSG 2221:0 @!@!@
  line 1304, col 8 to line 1304, col 39 of module twoPhaseSingleShard: 11962623
@!@!@ENDMSG 2221 @!@!@
@!@!@STARTMSG 2221:0 @!@!@
  line 866, col 9 to line 866, col 124 of module twoPhaseSingleShard: 0
@!@!@ENDMSG 2221 @!@!@
@!@!@STARTMSG 2221:0 @!@!@
  line 867, col 9 to line 870, col 122 of module twoPhaseSingleShard: 0
@!@!@ENDMSG 2221 @!@!@
@!@!@STARTMSG 2221:0 @!@!@
  line 871, col 9 to line 871, col 117 of module twoPhaseSingleShard: 0
@!@!@ENDMSG 2221 @!@!@
@!@!@STARTMSG 2221:0 @!@!@
  line 874, col 9 to line 874, col 41 of module twoPhaseSingleShard: 0
@!@!@ENDMSG 2221 @!@!@
@!@!@STARTMSG 2221:0 @!@!@
  line 877, col 9 to line 877, col 124 of module twoPhaseSingleShard: 0
@!@!@ENDMSG 2221 @!@!@
@!@!@STARTMSG 2221:0 @!@!@
  line 878, col 9 to line 881, col 122 of module twoPhaseSingleShard: 0
@!@!@ENDMSG 2221 @!@!@
@!@!@STARTMSG 2221:0 @!@!@
  line 882, col 9 to line 882, col 117 of module twoPhaseSingleShard: 0
@!@!@ENDMSG 2221 @!@!@
@!@!@STARTMSG 2221:0 @!@!@
  line 72, col 12 to line 72, col 39 of module twoPhaseSingleShard: 0
@!@!@ENDMSG 2221 @!@!@
@!@!@STARTMSG 2221:0 @!@!@
  line 1309, col 8 to line 1309, col 23 of module twoPhaseSingleShard: 0
@!@!@ENDMSG 2221 @!@!@
@!@!@STARTMSG 2221:0 @!@!@
  line 1310, col 8 to line 1310, col 121 of module twoPhaseSingleShard: 0
@!@!@ENDMSG 2221 @!@!@
@!@!@STARTMSG 2221:0 @!@!@
  line 1430, col 39 to line 1430, col 39 of module twoPhaseSingleShard: 11962623
@!@!@ENDMSG 2221 @!@!@
@!@!@STARTMSG 2221:0 @!@!@
  line 1429, col 16 to line 1429, col 20 of module twoPhaseSingleShard: 196318
@!@!@ENDMSG 2221 @!@!@
@!@!@STARTMSG 2221:0 @!@!@
  line 1429, col 29 to line 1429, col 46 of module twoPhaseSingleShard: 196318
@!@!@ENDMSG 2221 @!@!@
@!@!@STARTMSG 2775:0 @!@!@
  |line 58, col 5 to line 58, col 47 of module twoPhaseSingleShard: 196318:4183859
@!@!@ENDMSG 2775 @!@!@
@!@!@STARTMSG 2221:0 @!@!@
  ||line 58, col 31 to line 58, col 45 of module twoPhaseSingleShard: 3987541
@!@!@ENDMSG 2221 @!@!@
@!@!@STARTMSG 2221:0 @!@!@
  ||line 58, col 13 to line 58, col 27 of module twoPhaseSingleShard: 196318
@!@!@ENDMSG 2221 @!@!@
@!@!@STARTMSG 2221:0 @!@!@
  |line 1429, col 42 to line 1429, col 45 of module twoPhaseSingleShard: 196318
@!@!@ENDMSG 2221 @!@!@
@!@!@STARTMSG 2772:0 @!@!@
<Next line 1370, col 3 to line 1370, col 6 of module twoPhaseSingleShard (1435 7 1435 45)>: 0:0
@!@!@ENDMSG 2772 @!@!@
@!@!@STARTMSG 2221:0 @!@!@
  line 1332, col 7 to line 1332, col 27 of module twoPhaseSingleShard: 3987541
@!@!@ENDMSG 2221 @!@!@
@!@!@STARTMSG 2221:0 @!@!@
  line 1333, col 7 to line 1333, col 36 of module twoPhaseSingleShard: 0
@!@!@ENDMSG 2221 @!@!@
@!@!@STARTMSG 2221:0 @!@!@
  line 1335, col 7 to line 1335, col 38 of module twoPhaseSingleShard: 0
@!@!@ENDMSG 2221 @!@!@
@!@!@STARTMSG 2221:0 @!@!@
  line 1336, col 7 to line 1336, col 22 of module twoPhaseSingleShard: 0
@!@!@ENDMSG 2221 @!@!@
@!@!@STARTMSG 2221:0 @!@!@
  line 1337, col 7 to line 1338, col 92 of module twoPhaseSingleShard: 0
@!@!@ENDMSG 2221 @!@!@
@!@!@STARTMSG 2221:0 @!@!@
  line 1435, col 44 to line 1435, col 44 of module twoPhaseSingleShard: 3987541
@!@!@ENDMSG 2221 @!@!@
@!@!@STARTMSG 2221:0 @!@!@
  line 1435, col 16 to line 1435, col 33 of module twoPhaseSingleShard: 196318
@!@!@ENDMSG 2221 @!@!@
@!@!@STARTMSG 2775:0 @!@!@
  |line 58, col 5 to line 58, col 47 of module twoPhaseSingleShard: 196318:4183859
@!@!@ENDMSG 2775 @!@!@
@!@!@STARTMSG 2221:0 @!@!@
  ||line 58, col 31 to line 58, col 45 of module twoPhaseSingleShard: 3987541
@!@!@ENDMSG 2221 @!@!@
@!@!@STARTMSG 2221:0 @!@!@
  ||line 58, col 13 to line 58, col 27 of module twoPhaseSingleShard: 196318
@!@!@ENDMSG 2221 @!@!@
@!@!@STARTMSG 2221:0 @!@!@
  |line 1435, col 29 to line 1435, col 32 of module twoPhaseSingleShard: 196318
@!@!@ENDMSG 2221 @!@!@
@!@!@STARTMSG 2774:0 @!@!@
<LeadingEdgeInvariant line 1460, col 3 to line 1460, col 22 of module twoPhaseSingleShard>
@!@!@ENDMSG 2774 @!@!@
@!@!@STARTMSG 2221:0 @!@!@
  line 1465, col 3 to line 1467, col 45 of module twoPhaseSingleShard: 196318
@!@!@ENDMSG 2221 @!@!@
@!@!@STARTMSG 2221:0 @!@!@
  |line 1466, col 5 to line 1467, col 45 of module twoPhaseSingleShard: 1766862
@!@!@ENDMSG 2221 @!@!@
@!@!@STARTMSG 2221:0 @!@!@
  ||line 1466, col 5 to line 1466, col 91 of module twoPhaseSingleShard: 1766862
@!@!@ENDMSG 2221 @!@!@
@!@!@STARTMSG 2221:0 @!@!@
  ||line 1467, col 7 to line 1467, col 45 of module twoPhaseSingleShard: 957826
@!@!@ENDMSG 2221 @!@!@
@!@!@STARTMSG 2221:0 @!@!@
  |line 1465, col 17 to line 1465, col 21 of module twoPhaseSingleShard: 196318
@!@!@ENDMSG 2221 @!@!@
@!@!@STARTMSG 2774:0 @!@!@
<DependencyInvariant line 1469, col 3 to line 1469, col 21 of module twoPhaseSingleShard>
@!@!@ENDMSG 2774 @!@!@
@!@!@STARTMSG 2775:0 @!@!@
  line 1471, col 14 to line 1471, col 72 of module twoPhaseSingleShard: 196318:30036654
@!@!@ENDMSG 2775 @!@!@
@!@!@STARTMSG 2221:0 @!@!@
  |line 1471, col 16 to line 1471, col 36 of module twoPhaseSingleShard: 588954
@!@!@ENDMSG 2221 @!@!@
@!@!@STARTMSG 2221:0 @!@!@
  |line 1471, col 46 to line 1471, col 70 of module twoPhaseSingleShard: 196318
@!@!@ENDMSG 2221 @!@!@
@!@!@STARTMSG 2221:0 @!@!@
  line 1473, col 3 to line 1481, col 44 of module twoPhaseSingleShard: 196318
@!@!@ENDMSG 2221 @!@!@
@!@!@STARTMSG 2221:0 @!@!@
  |line 1474, col 5 to line 1481, col 44 of module twoPhaseSingleShard: 1766862
@!@!@ENDMSG 2221 @!@!@
@!@!@STARTMSG 2221:0 @!@!@
  ||line 1475, col 9 to line 1481, col 44 of module twoPhaseSingleShard: 15901758
@!@!@ENDMSG 2221 @!@!@
@!@!@STARTMSG 2221:0 @!@!@
  |||line 1475, col 9 to line 1479, col 47 of module twoPhaseSingleShard: 15901758
@!@!@ENDMSG 2221 @!@!@
@!@!@STARTMSG 2221:0 @!@!@
  ||||line 1475, col 12 to line 1475, col 51 of module twoPhaseSingleShard: 15901758
@!@!@ENDMSG 2221 @!@!@
@!@!@STARTMSG 2221:0 @!@!@
  ||||line 1476, col 12 to line 1476, col 51 of module twoPhaseSingleShard: 13494240
@!@!@ENDMSG 2221 @!@!@
@!@!@STARTMSG 2221:0 @!@!@
  ||||line 1477, col 12 to line 1477, col 51 of module twoPhaseSingleShard: 12064254
@!@!@ENDMSG 2221 @!@!@
@!@!@STARTMSG 2221:0 @!@!@
  ||||line 1478, col 12 to line 1478, col 51 of module twoPhaseSingleShard: 10806490
@!@!@ENDMSG 2221 @!@!@
@!@!@STARTMSG 2221:0 @!@!@
  ||||line 1479, col 12 to line 1479, col 47 of module twoPhaseSingleShard: 10101440
@!@!@ENDMSG 2221 @!@!@
@!@!@STARTMSG 2221:0 @!@!@
  |||line 1481, col 9 to line 1481, col 44 of module twoPhaseSingleShard: 790714
@!@!@ENDMSG 2221 @!@!@
@!@!@STARTMSG 2221:0 @!@!@
  ||line 1474, col 17 to line 1474, col 23 of module twoPhaseSingleShard: 1766862
@!@!@ENDMSG 2221 @!@!@
@!@!@STARTMSG 2221:0 @!@!@
  |line 1473, col 17 to line 1473, col 21 of module twoPhaseSingleShard: 196318
@!@!@ENDMSG 2221 @!@!@
@!@!@STARTMSG 2774:0 @!@!@
<DummyInvariant2 line 1454, col 2 to line 1454, col 16 of module twoPhaseSingleShard>
@!@!@ENDMSG 2774 @!@!@
@!@!@STARTMSG 2221:0 @!@!@
  line 1455, col 5 to line 1455, col 47 of module twoPhaseSingleShard: 196318
@!@!@ENDMSG 2221 @!@!@
@!@!@STARTMSG 2774:0 @!@!@
<CommitAbortInvariant line 1483, col 3 to line 1483, col 22 of module twoPhaseSingleShard>
@!@!@ENDMSG 2774 @!@!@
@!@!@STARTMSG 2221:0 @!@!@
  line 1484, col 4 to line 1489, col 22 of module twoPhaseSingleShard: 196318
@!@!@ENDMSG 2221 @!@!@
@!@!@STARTMSG 2221:0 @!@!@
  |line 1485, col 7 to line 1489, col 22 of module twoPhaseSingleShard: 82459863
@!@!@ENDMSG 2221 @!@!@
@!@!@STARTMSG 2221:0 @!@!@
  ||line 1485, col 7 to line 1488, col 30 of module twoPhaseSingleShard: 82459863
@!@!@ENDMSG 2221 @!@!@
@!@!@STARTMSG 2221:0 @!@!@
  |||line 1485, col 11 to line 1485, col 28 of module twoPhaseSingleShard: 82459863
@!@!@ENDMSG 2221 @!@!@
@!@!@STARTMSG 2221:0 @!@!@
  |||line 1486, col 11 to line 1486, col 27 of module twoPhaseSingleShard: 8826408
@!@!@ENDMSG 2221 @!@!@
@!@!@STARTMSG 2221:0 @!@!@
  |||line 1487, col 11 to line 1487, col 29 of module twoPhaseSingleShard: 231326
@!@!@ENDMSG 2221 @!@!@
@!@!@STARTMSG 2221:0 @!@!@
  |||line 1488, col 11 to line 1488, col 29 of module twoPhaseSingleShard: 231326
@!@!@ENDMSG 2221 @!@!@
@!@!@STARTMSG 2221:0 @!@!@
  ||line 1489, col 10 to line 1489, col 22 of module twoPhaseSingleShard: 231326
@!@!@ENDMSG 2221 @!@!@
@!@!@STARTMSG 2221:0 @!@!@
  |line 1484, col 18 to line 1484, col 29 of module twoPhaseSingleShard: 196318
@!@!@ENDMSG 2221 @!@!@
@!@!@STARTMSG 2774:0 @!@!@
<ConflictingTxNodeCommit line 1491, col 3 to line 1491, col 25 of module twoPhaseSingleShard>
@!@!@ENDMSG 2774 @!@!@
@!@!@STARTMSG 2775:0 @!@!@
  line 1493, col 14 to line 1493, col 72 of module twoPhaseSingleShard: 196318:3337406
@!@!@ENDMSG 2775 @!@!@
@!@!@STARTMSG 2221:0 @!@!@
  |line 1493, col 16 to line 1493, col 36 of module twoPhaseSingleShard: 588954
@!@!@ENDMSG 2221 @!@!@
@!@!@STARTMSG 2221:0 @!@!@
  |line 1493, col 46 to line 1493, col 70 of module twoPhaseSingleShard: 196318
@!@!@ENDMSG 2221 @!@!@
@!@!@STARTMSG 2221:0 @!@!@
  line 1495, col 3 to line 1506, col 52 of module twoPhaseSingleShard: 196318
@!@!@ENDMSG 2221 @!@!@
@!@!@STARTMSG 2221:0 @!@!@
  |line 1496, col 5 to line 1506, col 52 of module twoPhaseSingleShard: 1766862
@!@!@ENDMSG 2221 @!@!@
@!@!@STARTMSG 2221:0 @!@!@
  ||line 1497, col 7 to line 1506, col 52 of module twoPhaseSingleShard: 15901758
@!@!@ENDMSG 2221 @!@!@
@!@!@STARTMSG 2221:0 @!@!@
  |||line 1497, col 9 to line 1506, col 51 of module twoPhaseSingleShard: 15901758
@!@!@ENDMSG 2221 @!@!@
@!@!@STARTMSG 2221:0 @!@!@
  ||||line 1497, col 9 to line 1505, col 51 of module twoPhaseSingleShard: 15901758
@!@!@ENDMSG 2221 @!@!@
@!@!@STARTMSG 2221:0 @!@!@
  |||||line 1497, col 9 to line 1504, col 55 of module twoPhaseSingleShard: 15901758
@!@!@ENDMSG 2221 @!@!@
@!@!@STARTMSG 2221:0 @!@!@
  ||||||line 1497, col 9 to line 1503, col 59 of module twoPhaseSingleShard: 15901758
@!@!@ENDMSG 2221 @!@!@
@!@!@STARTMSG 2221:0 @!@!@
  |||||||line 1497, col 9 to line 1502, col 56 of module twoPhaseSingleShard: 15901758
@!@!@ENDMSG 2221 @!@!@
@!@!@STARTMSG 2221:0 @!@!@
  ||||||||line 1497, col 9 to line 1500, col 55 of module twoPhaseSingleShard: 15901758
@!@!@ENDMSG 2221 @!@!@
@!@!@STARTMSG 2221:0 @!@!@
  |||||||||line 1497, col 9 to line 1499, col 59 of module twoPhaseSingleShard: 15901758
@!@!@ENDMSG 2221 @!@!@
@!@!@STARTMSG 2221:0 @!@!@
  ||||||||||line 1497, col 9 to line 1498, col 56 of module twoPhaseSingleShard: 15901758
@!@!@ENDMSG 2221 @!@!@
@!@!@STARTMSG 2221:0 @!@!@
  |||||||||||line 1497, col 9 to line 1497, col 20 of module twoPhaseSingleShard: 15901758
@!@!@ENDMSG 2221 @!@!@
@!@!@STARTMSG 2221:0 @!@!@
  |||||||||||line 1498, col 10 to line 1498, col 56 of module twoPhaseSingleShard: 10601172
@!@!@ENDMSG 2221 @!@!@
@!@!@STARTMSG 2221:0 @!@!@
  ||||||||||line 1499, col 10 to line 1499, col 59 of module twoPhaseSingleShard: 5536020
@!@!@ENDMSG 2221 @!@!@
@!@!@STARTMSG 2221:0 @!@!@
  |||||||||line 1500, col 10 to line 1500, col 55 of module twoPhaseSingleShard: 2928084
@!@!@ENDMSG 2221 @!@!@
@!@!@STARTMSG 2221:0 @!@!@
  ||||||||line 1502, col 10 to line 1502, col 56 of module twoPhaseSingleShard: 1246494
@!@!@ENDMSG 2221 @!@!@
@!@!@STARTMSG 2221:0 @!@!@
  |||||||line 1503, col 10 to line 1503, col 59 of module twoPhaseSingleShard: 346143
@!@!@ENDMSG 2221 @!@!@
@!@!@STARTMSG 2221:0 @!@!@
  ||||||line 1504, col 10 to line 1504, col 55 of module twoPhaseSingleShard: 102719
@!@!@ENDMSG 2221 @!@!@
@!@!@STARTMSG 2221:0 @!@!@
  ||line 1496, col 17 to line 1496, col 21 of module twoPhaseSingleShard: 1766862
@!@!@ENDMSG 2221 @!@!@
@!@!@STARTMSG 2221:0 @!@!@
  |line 1495, col 19 to line 1495, col 25 of module twoPhaseSingleShard: 196318
@!@!@ENDMSG 2221 @!@!@
@!@!@STARTMSG 2774:0 @!@!@
<CatchUpInvariants line 1532, col 1 to line 1532, col 17 of module twoPhaseSingleShard>
@!@!@ENDMSG 2774 @!@!@
@!@!@STARTMSG 2221:0 @!@!@
  line 1538, col 9 to line 1538, col 53 of module twoPhaseSingleShard: 196318
@!@!@ENDMSG 2221 @!@!@
@!@!@STARTMSG 2221:0 @!@!@
  |line 1538, col 26 to line 1538, col 53 of module twoPhaseSingleShard: 588954
@!@!@ENDMSG 2221 @!@!@
@!@!@STARTMSG 2221:0 @!@!@
  ||line 1538, col 26 to line 1538, col 48 of module twoPhaseSingleShard: 588954
@!@!@ENDMSG 2221 @!@!@
@!@!@STARTMSG 2221:0 @!@!@
  |||line 1538, col 38 to line 1538, col 47 of module twoPhaseSingleShard: 588954
@!@!@ENDMSG 2221 @!@!@
@!@!@STARTMSG 2221:0 @!@!@
  ||||line 1533, col 31 to line 1536, col 20 of module twoPhaseSingleShard: 588954
@!@!@ENDMSG 2221 @!@!@
@!@!@STARTMSG 2221:0 @!@!@
  |||||line 1533, col 59 to line 1535, col 50 of module twoPhaseSingleShard: 11962623
@!@!@ENDMSG 2221 @!@!@
@!@!@STARTMSG 2221:0 @!@!@
  ||||||line 1533, col 59 to line 1534, col 61 of module twoPhaseSingleShard: 11962623
@!@!@ENDMSG 2221 @!@!@
@!@!@STARTMSG 2221:0 @!@!@
  |||||||line 1533, col 59 to line 1533, col 79 of module twoPhaseSingleShard: 11962623
@!@!@ENDMSG 2221 @!@!@
@!@!@STARTMSG 2221:0 @!@!@
  |||||||line 1534, col 42 to line 1534, col 61 of module twoPhaseSingleShard: 922419
@!@!@ENDMSG 2221 @!@!@
@!@!@STARTMSG 2221:0 @!@!@
  ||||||line 1535, col 42 to line 1535, col 50 of module twoPhaseSingleShard: 922419
@!@!@ENDMSG 2221 @!@!@
@!@!@STARTMSG 2221:0 @!@!@
  |||||line 1533, col 38 to line 1533, col 55 of module twoPhaseSingleShard: 588954
@!@!@ENDMSG 2221 @!@!@
@!@!@STARTMSG 2775:0 @!@!@
  ||||||line 58, col 5 to line 58, col 47 of module twoPhaseSingleShard: 588954:12551577
@!@!@ENDMSG 2775 @!@!@
@!@!@STARTMSG 2221:0 @!@!@
  |||||||line 58, col 31 to line 58, col 45 of module twoPhaseSingleShard: 11962623
@!@!@ENDMSG 2221 @!@!@
@!@!@STARTMSG 2221:0 @!@!@
  |||||||line 58, col 13 to line 58, col 27 of module twoPhaseSingleShard: 588954
@!@!@ENDMSG 2221 @!@!@
@!@!@STARTMSG 2221:0 @!@!@
  ||||||line 1533, col 51 to line 1533, col 54 of module twoPhaseSingleShard: 588954
@!@!@ENDMSG 2221 @!@!@
@!@!@STARTMSG 2221:0 @!@!@
  ||||line 1538, col 43 to line 1538, col 43 of module twoPhaseSingleShard: 533370
@!@!@ENDMSG 2221 @!@!@
@!@!@STARTMSG 2221:0 @!@!@
  |line 1538, col 18 to line 1538, col 22 of module twoPhaseSingleShard: 196318
@!@!@ENDMSG 2221 @!@!@
@!@!@STARTMSG 2774:0 @!@!@
<PreparedInvariant line 1549, col 1 to line 1549, col 17 of module twoPhaseSingleShard>
@!@!@ENDMSG 2774 @!@!@
@!@!@STARTMSG 2221:0 @!@!@
  line 1554, col 9 to line 1554, col 50 of module twoPhaseSingleShard: 196318
@!@!@ENDMSG 2221 @!@!@
@!@!@STARTMSG 2221:0 @!@!@
  |line 1554, col 26 to line 1554, col 50 of module twoPhaseSingleShard: 588954
@!@!@ENDMSG 2221 @!@!@
@!@!@STARTMSG 2221:0 @!@!@
  ||line 1554, col 26 to line 1554, col 45 of module twoPhaseSingleShard: 588954
@!@!@ENDMSG 2221 @!@!@
@!@!@STARTMSG 2221:0 @!@!@
  |||line 1554, col 38 to line 1554, col 44 of module twoPhaseSingleShard: 588954
@!@!@ENDMSG 2221 @!@!@
@!@!@STARTMSG 2221:0 @!@!@
  ||||line 1550, col 20 to line 1552, col 20 of module twoPhaseSingleShard: 588954
@!@!@ENDMSG 2221 @!@!@
@!@!@STARTMSG 2221:0 @!@!@
  |||||line 1550, col 48 to line 1551, col 50 of module twoPhaseSingleShard: 11962623
@!@!@ENDMSG 2221 @!@!@
@!@!@STARTMSG 2221:0 @!@!@
  ||||||line 1550, col 48 to line 1550, col 69 of module twoPhaseSingleShard: 11962623
@!@!@ENDMSG 2221 @!@!@
@!@!@STARTMSG 2221:0 @!@!@
  ||||||line 1551, col 42 to line 1551, col 50 of module twoPhaseSingleShard: 4232208
@!@!@ENDMSG 2221 @!@!@
@!@!@STARTMSG 2221:0 @!@!@
  |||||line 1550, col 27 to line 1550, col 44 of module twoPhaseSingleShard: 588954
@!@!@ENDMSG 2221 @!@!@
@!@!@STARTMSG 2775:0 @!@!@
  ||||||line 58, col 5 to line 58, col 47 of module twoPhaseSingleShard: 588954:12551577
@!@!@ENDMSG 2775 @!@!@
@!@!@STARTMSG 2221:0 @!@!@
  |||||||line 58, col 31 to line 58, col 45 of module twoPhaseSingleShard: 11962623
@!@!@ENDMSG 2221 @!@!@
@!@!@STARTMSG 2221:0 @!@!@
  |||||||line 58, col 13 to line 58, col 27 of module twoPhaseSingleShard: 588954
@!@!@ENDMSG 2221 @!@!@
@!@!@STARTMSG 2221:0 @!@!@
  ||||||line 1550, col 40 to line 1550, col 43 of module twoPhaseSingleShard: 588954
@!@!@ENDMSG 2221 @!@!@
@!@!@STARTMSG 2221:0 @!@!@
  ||||line 1554, col 43 to line 1554, col 43 of module twoPhaseSingleShard: 588951
@!@!@ENDMSG 2221 @!@!@
@!@!@STARTMSG 2221:0 @!@!@
  |line 1554, col 18 to line 1554, col 22 of module twoPhaseSingleShard: 196318
@!@!@ENDMSG 2221 @!@!@
@!@!@STARTMSG 2774:0 @!@!@
<PreparedTxInvariant line 1558, col 1 to line 1558, col 19 of module twoPhaseSingleShard>
@!@!@ENDMSG 2774 @!@!@
@!@!@STARTMSG 2775:0 @!@!@
  line 1563, col 19 to line 1563, col 77 of module twoPhaseSingleShard: 196318:785272
@!@!@ENDMSG 2775 @!@!@
@!@!@STARTMSG 2221:0 @!@!@
  |line 1563, col 21 to line 1563, col 41 of module twoPhaseSingleShard: 588954
@!@!@ENDMSG 2221 @!@!@
@!@!@STARTMSG 2221:0 @!@!@
  |line 1563, col 51 to line 1563, col 75 of module twoPhaseSingleShard: 196318
@!@!@ENDMSG 2221 @!@!@
@!@!@STARTMSG 2221:0 @!@!@
  line 1565, col 9 to line 1566, col 41 of module twoPhaseSingleShard: 196318
@!@!@ENDMSG 2221 @!@!@
@!@!@STARTMSG 2221:0 @!@!@
  |line 1566, col 13 to line 1566, col 41 of module twoPhaseSingleShard: 1766862
@!@!@ENDMSG 2221 @!@!@
@!@!@STARTMSG 2221:0 @!@!@
  ||line 1566, col 13 to line 1566, col 36 of module twoPhaseSingleShard: 1766862
@!@!@ENDMSG 2221 @!@!@
@!@!@STARTMSG 2221:0 @!@!@
  |||line 1566, col 25 to line 1566, col 35 of module twoPhaseSingleShard: 1766862
@!@!@ENDMSG 2221 @!@!@
@!@!@STARTMSG 2221:0 @!@!@
  ||||line 1559, col 24 to line 1562, col 25 of module twoPhaseSingleShard: 1766862
@!@!@ENDMSG 2221 @!@!@
@!@!@STARTMSG 2221:0 @!@!@
  |||||line 1559, col 52 to line 1561, col 53 of module twoPhaseSingleShard: 35887869
@!@!@ENDMSG 2221 @!@!@
@!@!@STARTMSG 2221:0 @!@!@
  ||||||line 1559, col 52 to line 1560, col 53 of module twoPhaseSingleShard: 35887869
@!@!@ENDMSG 2221 @!@!@
@!@!@STARTMSG 2221:0 @!@!@
  |||||||line 1559, col 52 to line 1559, col 73 of module twoPhaseSingleShard: 35887869
@!@!@ENDMSG 2221 @!@!@
@!@!@STARTMSG 2221:0 @!@!@
  |||||||line 1560, col 45 to line 1560, col 53 of module twoPhaseSingleShard: 12696624
@!@!@ENDMSG 2221 @!@!@
@!@!@STARTMSG 2221:0 @!@!@
  ||||||line 1561, col 45 to line 1561, col 53 of module twoPhaseSingleShard: 4232208
@!@!@ENDMSG 2221 @!@!@
@!@!@STARTMSG 2221:0 @!@!@
  |||||line 1559, col 31 to line 1559, col 48 of module twoPhaseSingleShard: 1766862
@!@!@ENDMSG 2221 @!@!@
@!@!@STARTMSG 2775:0 @!@!@
  ||||||line 58, col 5 to line 58, col 47 of module twoPhaseSingleShard: 1766862:37654731
@!@!@ENDMSG 2775 @!@!@
@!@!@STARTMSG 2221:0 @!@!@
  |||||||line 58, col 31 to line 58, col 45 of module twoPhaseSingleShard: 35887869
@!@!@ENDMSG 2221 @!@!@
@!@!@STARTMSG 2221:0 @!@!@
  |||||||line 58, col 13 to line 58, col 27 of module twoPhaseSingleShard: 1766862
@!@!@ENDMSG 2221 @!@!@
@!@!@STARTMSG 2221:0 @!@!@
  ||||||line 1559, col 44 to line 1559, col 47 of module twoPhaseSingleShard: 1766862
@!@!@ENDMSG 2221 @!@!@
@!@!@STARTMSG 2221:0 @!@!@
  ||||line 1566, col 30 to line 1566, col 30 of module twoPhaseSingleShard: 1766853
@!@!@ENDMSG 2221 @!@!@
@!@!@STARTMSG 2221:0 @!@!@
  ||||line 1566, col 33 to line 1566, col 34 of module twoPhaseSingleShard: 1762197
@!@!@ENDMSG 2221 @!@!@
@!@!@STARTMSG 2221:0 @!@!@
  |line 1565, col 18 to line 1565, col 22 of module twoPhaseSingleShard: 196318
@!@!@ENDMSG 2221 @!@!@
@!@!@STARTMSG 2221:0 @!@!@
  |line 1565, col 32 to line 1565, col 38 of module twoPhaseSingleShard: 196318
@!@!@ENDMSG 2221 @!@!@
@!@!@STARTMSG 2774:0 @!@!@
<PreparedTxInvariant2 line 1569, col 1 to line 1569, col 20 of module twoPhaseSingleShard>
@!@!@ENDMSG 2774 @!@!@
@!@!@STARTMSG 2775:0 @!@!@
  line 1575, col 20 to line 1575, col 78 of module twoPhaseSingleShard: 196318:785272
@!@!@ENDMSG 2775 @!@!@
@!@!@STARTMSG 2221:0 @!@!@
  |line 1575, col 22 to line 1575, col 42 of module twoPhaseSingleShard: 588954
@!@!@ENDMSG 2221 @!@!@
@!@!@STARTMSG 2221:0 @!@!@
  |line 1575, col 52 to line 1575, col 76 of module twoPhaseSingleShard: 196318
@!@!@ENDMSG 2221 @!@!@
@!@!@STARTMSG 2221:0 @!@!@
  line 1577, col 9 to line 1578, col 91 of module twoPhaseSingleShard: 196318
@!@!@ENDMSG 2221 @!@!@
@!@!@STARTMSG 2221:0 @!@!@
  |line 1578, col 13 to line 1578, col 91 of module twoPhaseSingleShard: 1766862
@!@!@ENDMSG 2221 @!@!@
@!@!@STARTMSG 2221:0 @!@!@
  ||line 1578, col 13 to line 1578, col 86 of module twoPhaseSingleShard: 1766862
@!@!@ENDMSG 2221 @!@!@
@!@!@STARTMSG 2221:0 @!@!@
  |||line 1578, col 13 to line 1578, col 48 of module twoPhaseSingleShard: 1766862
@!@!@ENDMSG 2221 @!@!@
@!@!@STARTMSG 2221:0 @!@!@
  ||||line 1578, col 25 to line 1578, col 47 of module twoPhaseSingleShard: 1766862
@!@!@ENDMSG 2221 @!@!@
@!@!@STARTMSG 2221:0 @!@!@
  |||||line 1570, col 30 to line 1574, col 25 of module twoPhaseSingleShard: 1766862
@!@!@ENDMSG 2221 @!@!@
@!@!@STARTMSG 2221:0 @!@!@
  ||||||line 1570, col 58 to line 1572, col 54 of module twoPhaseSingleShard: 35887869
@!@!@ENDMSG 2221 @!@!@
@!@!@STARTMSG 2221:0 @!@!@
  |||||||line 1570, col 58 to line 1571, col 54 of module twoPhaseSingleShard: 35887869
@!@!@ENDMSG 2221 @!@!@
@!@!@STARTMSG 2221:0 @!@!@
  ||||||||line 1570, col 58 to line 1570, col 73 of module twoPhaseSingleShard: 35887869
@!@!@ENDMSG 2221 @!@!@
@!@!@STARTMSG 2221:0 @!@!@
  ||||||||line 1571, col 46 to line 1571, col 54 of module twoPhaseSingleShard: 12696624
@!@!@ENDMSG 2221 @!@!@
@!@!@STARTMSG 2221:0 @!@!@
  |||||||line 1572, col 46 to line 1572, col 54 of module twoPhaseSingleShard: 4232208
@!@!@ENDMSG 2221 @!@!@
@!@!@STARTMSG 2221:0 @!@!@
  ||||||line 1570, col 37 to line 1570, col 54 of module twoPhaseSingleShard: 1766862
@!@!@ENDMSG 2221 @!@!@
@!@!@STARTMSG 2775:0 @!@!@
  |||||||line 58, col 5 to line 58, col 47 of module twoPhaseSingleShard: 1766862:37654731
@!@!@ENDMSG 2775 @!@!@
@!@!@STARTMSG 2221:0 @!@!@
  ||||||||line 58, col 31 to line 58, col 45 of module twoPhaseSingleShard: 35887869
@!@!@ENDMSG 2221 @!@!@
@!@!@STARTMSG 2221:0 @!@!@
  ||||||||line 58, col 13 to line 58, col 27 of module twoPhaseSingleShard: 1766862
@!@!@ENDMSG 2221 @!@!@
@!@!@STARTMSG 2221:0 @!@!@
  |||||||line 1570, col 50 to line 1570, col 53 of module twoPhaseSingleShard: 1766862
@!@!@ENDMSG 2221 @!@!@
@!@!@STARTMSG 2221:0 @!@!@
  |||||line 1578, col 30 to line 1578, col 30 of module twoPhaseSingleShard: 1766853
@!@!@ENDMSG 2221 @!@!@
@!@!@STARTMSG 2221:0 @!@!@
  |||||line 1578, col 33 to line 1578, col 34 of module twoPhaseSingleShard: 1762197
@!@!@ENDMSG 2221 @!@!@
@!@!@STARTMSG 2221:0 @!@!@
  |||line 1578, col 52 to line 1578, col 86 of module twoPhaseSingleShard: 1766862
@!@!@ENDMSG 2221 @!@!@
@!@!@STARTMSG 2221:0 @!@!@
  ||||line 1578, col 64 to line 1578, col 85 of module twoPhaseSingleShard: 1766862
@!@!@ENDMSG 2221 @!@!@
@!@!@STARTMSG 2221:0 @!@!@
  |||||line 1570, col 30 to line 1574, col 25 of module twoPhaseSingleShard: 1766862
@!@!@ENDMSG 2221 @!@!@
@!@!@STARTMSG 2221:0 @!@!@
  ||||||line 1570, col 58 to line 1572, col 54 of module twoPhaseSingleShard: 35887869
@!@!@ENDMSG 2221 @!@!@
@!@!@STARTMSG 2221:0 @!@!@
  |||||||line 1570, col 58 to line 1571, col 54 of module twoPhaseSingleShard: 35887869
@!@!@ENDMSG 2221 @!@!@
@!@!@STARTMSG 2221:0 @!@!@
  ||||||||line 1570, col 58 to line 1570, col 73 of module twoPhaseSingleShard: 35887869
@!@!@ENDMSG 2221 @!@!@
@!@!@STARTMSG 2221:0 @!@!@
  ||||||||line 1571, col 46 to line 1571, col 54 of module twoPhaseSingleShard: 1915371
@!@!@ENDMSG 2221 @!@!@
@!@!@STARTMSG 2221:0 @!@!@
  |||||||line 1572, col 46 to line 1572, col 54 of module twoPhaseSingleShard: 638457
@!@!@ENDMSG 2221 @!@!@
@!@!@STARTMSG 2221:0 @!@!@
  ||||||line 1570, col 37 to line 1570, col 54 of module twoPhaseSingleShard: 1766862
@!@!@ENDMSG 2221 @!@!@
@!@!@STARTMSG 2775:0 @!@!@
  |||||||line 58, col 5 to line 58, col 47 of module twoPhaseSingleShard: 1766862:37654731
@!@!@ENDMSG 2775 @!@!@
@!@!@STARTMSG 2221:0 @!@!@
  ||||||||line 58, col 31 to line 58, col 45 of module twoPhaseSingleShard: 35887869
@!@!@ENDMSG 2221 @!@!@
@!@!@STARTMSG 2221:0 @!@!@
  ||||||||line 58, col 13 to line 58, col 27 of module twoPhaseSingleShard: 1766862
@!@!@ENDMSG 2221 @!@!@
@!@!@STARTMSG 2221:0 @!@!@
  |||||||line 1570, col 50 to line 1570, col 53 of module twoPhaseSingleShard: 1766862
@!@!@ENDMSG 2221 @!@!@
@!@!@STARTMSG 2221:0 @!@!@
  |||||line 1578, col 69 to line 1578, col 69 of module twoPhaseSingleShard: 1295073
@!@!@ENDMSG 2221 @!@!@
@!@!@STARTMSG 2221:0 @!@!@
  |||||line 1578, col 72 to line 1578, col 73 of module twoPhaseSingleShard: 634173
@!@!@ENDMSG 2221 @!@!@
@!@!@STARTMSG 2221:0 @!@!@
  |line 1577, col 18 to line 1577, col 22 of module twoPhaseSingleShard: 196318
@!@!@ENDMSG 2221 @!@!@
@!@!@STARTMSG 2221:0 @!@!@
  |line 1577, col 32 to line 1577, col 38 of module twoPhaseSingleShard: 196318
@!@!@ENDMSG 2221 @!@!@
@!@!@STARTMSG 2774:0 @!@!@
<messgaeDuplicateInvariant line 1586, col 1 to line 1586, col 25 of module twoPhaseSingleShard>
@!@!@ENDMSG 2774 @!@!@
@!@!@STARTMSG 2221:0 @!@!@
  line 1586, col 30 to line 1586, col 63 of module twoPhaseSingleShard: 196318
@!@!@ENDMSG 2221 @!@!@
@!@!@STARTMSG 2221:0 @!@!@
  |line 1586, col 53 to line 1586, col 63 of module twoPhaseSingleShard: 3987541
@!@!@ENDMSG 2221 @!@!@
@!@!@STARTMSG 2221:0 @!@!@
  |line 1586, col 39 to line 1586, col 49 of module twoPhaseSingleShard: 196318
@!@!@ENDMSG 2221 @!@!@
@!@!@STARTMSG 2774:0 @!@!@
<CatchUpResponseInvariants line 1542, col 1 to line 1542, col 25 of module twoPhaseSingleShard>
@!@!@ENDMSG 2774 @!@!@
@!@!@STARTMSG 2221:0 @!@!@
  line 1547, col 9 to line 1547, col 50 of module twoPhaseSingleShard: 196318
@!@!@ENDMSG 2221 @!@!@
@!@!@STARTMSG 2221:0 @!@!@
  |line 1547, col 26 to line 1547, col 50 of module twoPhaseSingleShard: 588954
@!@!@ENDMSG 2221 @!@!@
@!@!@STARTMSG 2221:0 @!@!@
  ||line 1547, col 26 to line 1547, col 45 of module twoPhaseSingleShard: 588954
@!@!@ENDMSG 2221 @!@!@
@!@!@STARTMSG 2221:0 @!@!@
  |||line 1547, col 38 to line 1547, col 44 of module twoPhaseSingleShard: 588954
@!@!@ENDMSG 2221 @!@!@
@!@!@STARTMSG 2221:0 @!@!@
  ||||line 1543, col 20 to line 1545, col 20 of module twoPhaseSingleShard: 588954
@!@!@ENDMSG 2221 @!@!@
@!@!@STARTMSG 2221:0 @!@!@
  |||||line 1543, col 48 to line 1544, col 50 of module twoPhaseSingleShard: 11962623
@!@!@ENDMSG 2221 @!@!@
@!@!@STARTMSG 2221:0 @!@!@
  |||||line 1543, col 27 to line 1543, col 44 of module twoPhaseSingleShard: 588954
@!@!@ENDMSG 2221 @!@!@
@!@!@STARTMSG 2775:0 @!@!@
  ||||||line 58, col 5 to line 58, col 47 of module twoPhaseSingleShard: 588954:12551577
@!@!@ENDMSG 2775 @!@!@
@!@!@STARTMSG 2221:0 @!@!@
  |||||||line 58, col 31 to line 58, col 45 of module twoPhaseSingleShard: 11962623
@!@!@ENDMSG 2221 @!@!@
@!@!@STARTMSG 2221:0 @!@!@
  |||||||line 58, col 13 to line 58, col 27 of module twoPhaseSingleShard: 588954
@!@!@ENDMSG 2221 @!@!@
@!@!@STARTMSG 2221:0 @!@!@
  ||||||line 1543, col 40 to line 1543, col 43 of module twoPhaseSingleShard: 588954
@!@!@ENDMSG 2221 @!@!@
@!@!@STARTMSG 2221:0 @!@!@
  |line 1547, col 18 to line 1547, col 22 of module twoPhaseSingleShard: 196318
@!@!@ENDMSG 2221 @!@!@
@!@!@STARTMSG 2202:0 @!@!@
End of statistics.
@!@!@ENDMSG 2202 @!@!@
@!@!@STARTMSG 2200:0 @!@!@
Progress(22) at 2025-08-11 14:19:41: 572,078 states generated (262,521 s/min), 196,318 distinct states found (90,088 ds/min), 0 states left on queue.
@!@!@ENDMSG 2200 @!@!@
@!@!@STARTMSG 2199:0 @!@!@
572078 states generated, 196318 distinct states found, 0 states left on queue.
@!@!@ENDMSG 2199 @!@!@
@!@!@STARTMSG 2194:0 @!@!@
The depth of the complete state graph search is 22.
@!@!@ENDMSG 2194 @!@!@
@!@!@STARTMSG 2268:0 @!@!@
The average outdegree of the complete state graph is 1 (minimum is 0, the maximum 6 and the 95th percentile is 3).
@!@!@ENDMSG 2268 @!@!@
@!@!@STARTMSG 2186:0 @!@!@
Finished in 130764ms at (2025-08-11 14:19:41)
@!@!@ENDMSG 2186 @!@!@
