@!@!@STARTMSG 2262:0 @!@!@
TLC2 Version 2.16 of 31 December 2020 (rev: cdddf55)
@!@!@ENDMSG 2262 @!@!@
@!@!@STARTMSG 2187:0 @!@!@
Running breadth-first search Model-Checking with fp 39 and seed 3409928152212327615 with 5 workers on 10 cores with 1214MB heap and 2730MB offheap memory [pid: 69745] (Mac OS X 10.16 x86_64, AdoptOpenJDK 14.0.1 x86_64, OffHeapDiskFPSet, DiskStateQueue).
@!@!@ENDMSG 2187 @!@!@
@!@!@STARTMSG 2220:0 @!@!@
Starting SANY...
@!@!@ENDMSG 2220 @!@!@
Parsing file /Users/junhaohu/Desktop/Files/twoPhaseSingleShard.toolbox/twoPhaseSingleShard/MC.tla
Parsing file /Users/junhaohu/Desktop/Files/twoPhaseSingleShard.toolbox/twoPhaseSingleShard/twoPhaseSingleShard.tla
Parsing file /private/var/folders/6x/qls53vqx0s58w_mhxknhtyp80000gn/T/AppTranslocation/D676D0F3-D299-4751-9C18-B0D41196A7ED/d/TLA+ Toolbox.app/Contents/Eclipse/plugins/org.lamport.tlatools_1.0.0.202012311918/tla2sany/StandardModules/TLC.tla
Parsing file /private/var/folders/6x/qls53vqx0s58w_mhxknhtyp80000gn/T/AppTranslocation/D676D0F3-D299-4751-9C18-B0D41196A7ED/d/TLA+ Toolbox.app/Contents/Eclipse/plugins/org.lamport.tlatools_1.0.0.202012311918/tla2sany/StandardModules/Integers.tla
Parsing file /private/var/folders/6x/qls53vqx0s58w_mhxknhtyp80000gn/T/AppTranslocation/D676D0F3-D299-4751-9C18-B0D41196A7ED/d/TLA+ Toolbox.app/Contents/Eclipse/plugins/org.lamport.tlatools_1.0.0.202012311918/tla2sany/StandardModules/Sequences.tla
Parsing file /private/var/folders/6x/qls53vqx0s58w_mhxknhtyp80000gn/T/AppTranslocation/D676D0F3-D299-4751-9C18-B0D41196A7ED/d/TLA+ Toolbox.app/Contents/Eclipse/plugins/org.lamport.tlatools_1.0.0.202012311918/tla2sany/StandardModules/FiniteSets.tla
Parsing file /Users/junhaohu/Desktop/Files/twoPhaseSingleShard.toolbox/twoPhaseSingleShard/FiniteSetsExt.tla
Parsing file /Users/junhaohu/Desktop/Files/twoPhaseSingleShard.toolbox/twoPhaseSingleShard/SequencesExt.tla
Parsing file /Users/junhaohu/Desktop/Files/twoPhaseSingleShard.toolbox/twoPhaseSingleShard/TLCExt.tla
Parsing file /private/var/folders/6x/qls53vqx0s58w_mhxknhtyp80000gn/T/AppTranslocation/D676D0F3-D299-4751-9C18-B0D41196A7ED/d/TLA+ Toolbox.app/Contents/Eclipse/plugins/org.lamport.tlatools_1.0.0.202012311918/tla2sany/StandardModules/Naturals.tla
Parsing file /Users/junhaohu/Desktop/Files/twoPhaseSingleShard.toolbox/twoPhaseSingleShard/Folds.tla
Parsing file /Users/junhaohu/Desktop/Files/twoPhaseSingleShard.toolbox/twoPhaseSingleShard/Functions.tla
Semantic processing of module Naturals
Semantic processing of module Integers
Semantic processing of module Sequences
Semantic processing of module FiniteSets
Semantic processing of module TLC
Semantic processing of module Folds
Semantic processing of module Functions
Semantic processing of module FiniteSetsExt
Semantic processing of module SequencesExt
Semantic processing of module TLCExt
Semantic processing of module twoPhaseSingleShard
Semantic processing of module MC
@!@!@STARTMSG 2219:0 @!@!@
SANY finished.
@!@!@ENDMSG 2219 @!@!@
@!@!@STARTMSG 2185:0 @!@!@
Starting... (2025-07-22 23:55:23)
@!@!@ENDMSG 2185 @!@!@
@!@!@STARTMSG 2212:0 @!@!@
Implied-temporal checking--satisfiability problem has 1 branches.
@!@!@ENDMSG 2212 @!@!@
@!@!@STARTMSG 2189:0 @!@!@
Computing initial states...
@!@!@ENDMSG 2189 @!@!@
@!@!@STARTMSG 2190:0 @!@!@
Finished computing initial states: 1 distinct state generated at 2025-07-22 23:55:24.
@!@!@ENDMSG 2190 @!@!@
@!@!@STARTMSG 2192:0 @!@!@
Checking temporal properties for the current state space with 1209 total distinct states at (2025-07-22 23:55:27)
@!@!@ENDMSG 2192 @!@!@
@!@!@STARTMSG 2267:0 @!@!@
Finished checking temporal properties in 00s at 2025-07-22 23:55:27
@!@!@ENDMSG 2267 @!@!@
@!@!@STARTMSG 2200:0 @!@!@
Progress(10) at 2025-07-22 23:55:27: 7,553 states generated (7,553 s/min), 3,253 distinct states found (3,253 ds/min), 2,039 states left on queue.
@!@!@ENDMSG 2200 @!@!@
@!@!@STARTMSG 1000:1 @!@!@
TLC threw an unexpected exception.
This was probably caused by an error in the spec or model.
See the User Output or TLC Console for clues to what happened.
The exception was a java.lang.RuntimeException
: Attempted to apply function:
(-1 :> {} @@ 3 :> {-1})
to argument 2, which is not in the domain of the function.
@!@!@ENDMSG 1000 @!@!@
@!@!@STARTMSG 2121:1 @!@!@
The behavior up to this point is:
@!@!@ENDMSG 2121 @!@!@
@!@!@STARTMSG 2217:4 @!@!@
1: <Initial predicate>
/\ msgs = << >>
/\ failedNodes = {}
/\ pendingTransactions = <<1, 2, 3>>
/\ localTransactionHistory = << [ leadingEdge |-> {},
     committed |-> {},
     aborted |-> {},
     prepared |-> {},
     heuristic |-> {} ],
   [ leadingEdge |-> {},
     committed |-> {},
     aborted |-> {},
     prepared |-> {},
     heuristic |-> {} ],
   [ leadingEdge |-> {},
     committed |-> {},
     aborted |-> {},
     prepared |-> {},
     heuristic |-> {} ] >>
/\ localTransactionalGraph = <<<< >>, << >>, << >>>>
/\ failedNodesCount = 0
/\ catchUpID = <<1, 1, 1>>
/\ lostMsgCount = 0
/\ rmState = ( <<1, 1, -1>> :> "follower" @@
  <<1, 1, 1>> :> "follower" @@
  <<1, 2, -1>> :> "follower" @@
  <<1, 2, 1>> :> "follower" @@
  <<1, 3, -1>> :> "follower" @@
  <<1, 3, 1>> :> "follower" @@
  <<2, 1, -1>> :> "follower" @@
  <<2, 1, 1>> :> "follower" @@
  <<2, 2, -1>> :> "follower" @@
  <<2, 2, 1>> :> "follower" @@
  <<2, 3, -1>> :> "follower" @@
  <<2, 3, 1>> :> "follower" @@
  <<3, 1, -1>> :> "follower" @@
  <<3, 1, 1>> :> "follower" @@
  <<3, 2, -1>> :> "follower" @@
  <<3, 2, 1>> :> "follower" @@
  <<3, 3, -1>> :> "follower" @@
  <<3, 3, 1>> :> "follower" )
/\ test = 0
/\ localNodesGraph = <<{}, {}, {}>>
/\ clientRequests = <<<<>>, <<>>, <<>>>>

@!@!@ENDMSG 2217 @!@!@
@!@!@STARTMSG 2217:4 @!@!@
2: <Next line 1362, col 13 to line 1363, col 35 of module twoPhaseSingleShard>
/\ msgs = << >>
/\ failedNodes = {}
/\ pendingTransactions = <<2, 3>>
/\ localTransactionHistory = << [ leadingEdge |-> {},
     committed |-> {},
     aborted |-> {},
     prepared |-> {},
     heuristic |-> {} ],
   [ leadingEdge |-> {},
     committed |-> {},
     aborted |-> {},
     prepared |-> {},
     heuristic |-> {} ],
   [ leadingEdge |-> {},
     committed |-> {},
     aborted |-> {},
     prepared |-> {},
     heuristic |-> {} ] >>
/\ localTransactionalGraph = <<<< >>, << >>, << >>>>
/\ failedNodesCount = 0
/\ catchUpID = <<1, 1, 1>>
/\ lostMsgCount = 0
/\ rmState = ( <<1, 1, -1>> :> "follower" @@
  <<1, 1, 1>> :> "follower" @@
  <<1, 2, -1>> :> "follower" @@
  <<1, 2, 1>> :> "leader" @@
  <<1, 3, -1>> :> "follower" @@
  <<1, 3, 1>> :> "follower" @@
  <<2, 1, -1>> :> "follower" @@
  <<2, 1, 1>> :> "follower" @@
  <<2, 2, -1>> :> "follower" @@
  <<2, 2, 1>> :> "follower" @@
  <<2, 3, -1>> :> "follower" @@
  <<2, 3, 1>> :> "follower" @@
  <<3, 1, -1>> :> "follower" @@
  <<3, 1, 1>> :> "follower" @@
  <<3, 2, -1>> :> "follower" @@
  <<3, 2, 1>> :> "follower" @@
  <<3, 3, -1>> :> "follower" @@
  <<3, 3, 1>> :> "follower" )
/\ test = 0
/\ localNodesGraph = <<{}, {}, {}>>
/\ clientRequests = <<<<>>, <<1>>, <<>>>>

@!@!@ENDMSG 2217 @!@!@
@!@!@STARTMSG 2217:4 @!@!@
3: <Next line 1362, col 13 to line 1363, col 35 of module twoPhaseSingleShard>
/\ msgs = << >>
/\ failedNodes = {}
/\ pendingTransactions = <<3>>
/\ localTransactionHistory = << [ leadingEdge |-> {},
     committed |-> {},
     aborted |-> {},
     prepared |-> {},
     heuristic |-> {} ],
   [ leadingEdge |-> {},
     committed |-> {},
     aborted |-> {},
     prepared |-> {},
     heuristic |-> {} ],
   [ leadingEdge |-> {},
     committed |-> {},
     aborted |-> {},
     prepared |-> {},
     heuristic |-> {} ] >>
/\ localTransactionalGraph = <<<< >>, << >>, << >>>>
/\ failedNodesCount = 0
/\ catchUpID = <<1, 1, 1>>
/\ lostMsgCount = 0
/\ rmState = ( <<1, 1, -1>> :> "follower" @@
  <<1, 1, 1>> :> "follower" @@
  <<1, 2, -1>> :> "follower" @@
  <<1, 2, 1>> :> "leader" @@
  <<1, 3, -1>> :> "follower" @@
  <<1, 3, 1>> :> "follower" @@
  <<2, 1, -1>> :> "follower" @@
  <<2, 1, 1>> :> "leader" @@
  <<2, 2, -1>> :> "follower" @@
  <<2, 2, 1>> :> "follower" @@
  <<2, 3, -1>> :> "follower" @@
  <<2, 3, 1>> :> "follower" @@
  <<3, 1, -1>> :> "follower" @@
  <<3, 1, 1>> :> "follower" @@
  <<3, 2, -1>> :> "follower" @@
  <<3, 2, 1>> :> "follower" @@
  <<3, 3, -1>> :> "follower" @@
  <<3, 3, 1>> :> "follower" )
/\ test = 0
/\ localNodesGraph = <<{}, {}, {}>>
/\ clientRequests = <<<<2>>, <<1>>, <<>>>>

@!@!@ENDMSG 2217 @!@!@
@!@!@STARTMSG 2217:4 @!@!@
4: <Next line 1362, col 13 to line 1363, col 35 of module twoPhaseSingleShard>
/\ msgs = << >>
/\ failedNodes = {}
/\ pendingTransactions = <<>>
/\ localTransactionHistory = << [ leadingEdge |-> {},
     committed |-> {},
     aborted |-> {},
     prepared |-> {},
     heuristic |-> {} ],
   [ leadingEdge |-> {},
     committed |-> {},
     aborted |-> {},
     prepared |-> {},
     heuristic |-> {} ],
   [ leadingEdge |-> {},
     committed |-> {},
     aborted |-> {},
     prepared |-> {},
     heuristic |-> {} ] >>
/\ localTransactionalGraph = <<<< >>, << >>, << >>>>
/\ failedNodesCount = 0
/\ catchUpID = <<1, 1, 1>>
/\ lostMsgCount = 0
/\ rmState = ( <<1, 1, -1>> :> "follower" @@
  <<1, 1, 1>> :> "follower" @@
  <<1, 2, -1>> :> "follower" @@
  <<1, 2, 1>> :> "leader" @@
  <<1, 3, -1>> :> "follower" @@
  <<1, 3, 1>> :> "follower" @@
  <<2, 1, -1>> :> "follower" @@
  <<2, 1, 1>> :> "leader" @@
  <<2, 2, -1>> :> "follower" @@
  <<2, 2, 1>> :> "follower" @@
  <<2, 3, -1>> :> "follower" @@
  <<2, 3, 1>> :> "follower" @@
  <<3, 1, -1>> :> "follower" @@
  <<3, 1, 1>> :> "follower" @@
  <<3, 2, -1>> :> "follower" @@
  <<3, 2, 1>> :> "follower" @@
  <<3, 3, -1>> :> "follower" @@
  <<3, 3, 1>> :> "leader" )
/\ test = 0
/\ localNodesGraph = <<{}, {}, {}>>
/\ clientRequests = <<<<2>>, <<1>>, <<3>>>>

@!@!@ENDMSG 2217 @!@!@
@!@!@STARTMSG 2217:4 @!@!@
5: <Next line 1365, col 13 to line 1366, col 35 of module twoPhaseSingleShard>
/\ msgs = ( [ type |-> "prepared",
    shard |-> 1,
    dst |-> 1,
    tn |-> 2,
    src |-> 1,
    shards |-> {1},
    leadingEdge |-> {} ] :>
      1 @@
  [ type |-> "prepare",
    shard |-> 1,
    dst |-> -1,
    tn |-> 2,
    dependency |-> {},
    src |-> 1,
    operations |->
        << [ type |-> "nodes",
             Operation |-> "remove",
             sourceVertex |-> 0,
             shard |-> 1 ] >>,
    shards |-> {1} ] :>
      1 )
/\ failedNodes = {}
/\ pendingTransactions = <<>>
/\ localTransactionHistory = << [ leadingEdge |-> {},
     committed |-> {},
     aborted |-> {},
     prepared |-> {2},
     heuristic |-> {} ],
   [ leadingEdge |-> {},
     committed |-> {},
     aborted |-> {},
     prepared |-> {},
     heuristic |-> {} ],
   [ leadingEdge |-> {},
     committed |-> {},
     aborted |-> {},
     prepared |-> {},
     heuristic |-> {} ] >>
/\ localTransactionalGraph = <<(2 :> {}), << >>, << >>>>
/\ failedNodesCount = 0
/\ catchUpID = <<1, 1, 1>>
/\ lostMsgCount = 0
/\ rmState = ( <<1, 1, -1>> :> "follower" @@
  <<1, 1, 1>> :> "follower" @@
  <<1, 2, -1>> :> "follower" @@
  <<1, 2, 1>> :> "leader" @@
  <<1, 3, -1>> :> "follower" @@
  <<1, 3, 1>> :> "follower" @@
  <<2, 1, -1>> :> "follower" @@
  <<2, 1, 1>> :> "leader" @@
  <<2, 2, -1>> :> "follower" @@
  <<2, 2, 1>> :> "follower" @@
  <<2, 3, -1>> :> "follower" @@
  <<2, 3, 1>> :> "follower" @@
  <<3, 1, -1>> :> "follower" @@
  <<3, 1, 1>> :> "follower" @@
  <<3, 2, -1>> :> "follower" @@
  <<3, 2, 1>> :> "follower" @@
  <<3, 3, -1>> :> "follower" @@
  <<3, 3, 1>> :> "leader" )
/\ test = 0
/\ localNodesGraph = <<{}, {}, {}>>
/\ clientRequests = <<<<>>, <<1>>, <<3>>>>

@!@!@ENDMSG 2217 @!@!@
@!@!@STARTMSG 2217:4 @!@!@
6: <Next line 1346, col 7 to line 1348, col 35 of module twoPhaseSingleShard>
/\ msgs = ( [ type |-> "prepared",
    shard |-> 1,
    dst |-> 1,
    tn |-> 2,
    src |-> 1,
    shards |-> {1},
    leadingEdge |-> {} ] :>
      1 @@
  [ type |-> "prepared",
    shard |-> 1,
    dst |-> 1,
    tn |-> 2,
    src |-> 3,
    shards |-> {1},
    leadingEdge |-> {} ] :>
      1 @@
  [ type |-> "prepare",
    shard |-> 1,
    dst |-> -1,
    tn |-> 2,
    dependency |-> {},
    src |-> 1,
    operations |->
        << [ type |-> "nodes",
             Operation |-> "remove",
             sourceVertex |-> 0,
             shard |-> 1 ] >>,
    shards |-> {1} ] :>
      1 )
/\ failedNodes = {}
/\ pendingTransactions = <<>>
/\ localTransactionHistory = << [ leadingEdge |-> {},
     committed |-> {},
     aborted |-> {},
     prepared |-> {2},
     heuristic |-> {} ],
   [ leadingEdge |-> {},
     committed |-> {},
     aborted |-> {},
     prepared |-> {},
     heuristic |-> {} ],
   [ leadingEdge |-> {},
     committed |-> {},
     aborted |-> {},
     prepared |-> {2},
     heuristic |-> {} ] >>
/\ localTransactionalGraph = <<(2 :> {}), << >>, (2 :> {})>>
/\ failedNodesCount = 0
/\ catchUpID = <<1, 1, 1>>
/\ lostMsgCount = 0
/\ rmState = ( <<1, 1, -1>> :> "follower" @@
  <<1, 1, 1>> :> "follower" @@
  <<1, 2, -1>> :> "follower" @@
  <<1, 2, 1>> :> "leader" @@
  <<1, 3, -1>> :> "follower" @@
  <<1, 3, 1>> :> "follower" @@
  <<2, 1, -1>> :> "follower" @@
  <<2, 1, 1>> :> "leader" @@
  <<2, 2, -1>> :> "follower" @@
  <<2, 2, 1>> :> "follower" @@
  <<2, 3, -1>> :> "follower" @@
  <<2, 3, 1>> :> "follower" @@
  <<3, 1, -1>> :> "follower" @@
  <<3, 1, 1>> :> "follower" @@
  <<3, 2, -1>> :> "follower" @@
  <<3, 2, 1>> :> "follower" @@
  <<3, 3, -1>> :> "follower" @@
  <<3, 3, 1>> :> "leader" )
/\ test = 1
/\ localNodesGraph = <<{}, {}, {}>>
/\ clientRequests = <<<<>>, <<1>>, <<3>>>>

@!@!@ENDMSG 2217 @!@!@
@!@!@STARTMSG 2217:4 @!@!@
7: <Next line 1352, col 7 to line 1354, col 39 of module twoPhaseSingleShard>
/\ msgs = ( [ type |-> "committedResponse",
    shard |-> 1,
    dst |-> 1,
    tn |-> 2,
    src |-> 1,
    shards |-> {1} ] :>
      1 @@
  [ type |-> "prepared",
    shard |-> 1,
    dst |-> 1,
    tn |-> 2,
    src |-> 1,
    shards |-> {1},
    leadingEdge |-> {} ] :>
      1 @@
  [ type |-> "prepared",
    shard |-> 1,
    dst |-> 1,
    tn |-> 2,
    src |-> 3,
    shards |-> {1},
    leadingEdge |-> {} ] :>
      1 @@
  [ type |-> "commit",
    shard |-> 1,
    dst |-> -1,
    tn |-> 2,
    src |-> 1,
    operations |->
        << [ type |-> "nodes",
             Operation |-> "remove",
             sourceVertex |-> 0,
             shard |-> 1 ] >>,
    shards |-> {1} ] :>
      1 @@
  [ type |-> "prepare",
    shard |-> 1,
    dst |-> -1,
    tn |-> 2,
    dependency |-> {},
    src |-> 1,
    operations |->
        << [ type |-> "nodes",
             Operation |-> "remove",
             sourceVertex |-> 0,
             shard |-> 1 ] >>,
    shards |-> {1} ] :>
      1 )
/\ failedNodes = {}
/\ pendingTransactions = <<>>
/\ localTransactionHistory = << [ leadingEdge |-> {2},
     committed |-> {2},
     aborted |-> {},
     prepared |-> {},
     heuristic |-> {} ],
   [ leadingEdge |-> {},
     committed |-> {},
     aborted |-> {},
     prepared |-> {},
     heuristic |-> {} ],
   [ leadingEdge |-> {},
     committed |-> {},
     aborted |-> {},
     prepared |-> {2},
     heuristic |-> {} ] >>
/\ localTransactionalGraph = <<(2 :> {}), << >>, (2 :> {})>>
/\ failedNodesCount = 0
/\ catchUpID = <<1, 1, 1>>
/\ lostMsgCount = 0
/\ rmState = ( <<1, 1, -1>> :> "follower" @@
  <<1, 1, 1>> :> "follower" @@
  <<1, 2, -1>> :> "follower" @@
  <<1, 2, 1>> :> "leader" @@
  <<1, 3, -1>> :> "follower" @@
  <<1, 3, 1>> :> "follower" @@
  <<2, 1, -1>> :> "follower" @@
  <<2, 1, 1>> :> "leader" @@
  <<2, 2, -1>> :> "follower" @@
  <<2, 2, 1>> :> "follower" @@
  <<2, 3, -1>> :> "follower" @@
  <<2, 3, 1>> :> "follower" @@
  <<3, 1, -1>> :> "follower" @@
  <<3, 1, 1>> :> "follower" @@
  <<3, 2, -1>> :> "follower" @@
  <<3, 2, 1>> :> "follower" @@
  <<3, 3, -1>> :> "follower" @@
  <<3, 3, 1>> :> "leader" )
/\ test = 2
/\ localNodesGraph = <<{}, {}, {}>>
/\ clientRequests = <<<<>>, <<1>>, <<3>>>>

@!@!@ENDMSG 2217 @!@!@
@!@!@STARTMSG 2217:4 @!@!@
8: <Next line 1365, col 13 to line 1366, col 35 of module twoPhaseSingleShard>
/\ msgs = ( [ type |-> "committedResponse",
    shard |-> 1,
    dst |-> 1,
    tn |-> 2,
    src |-> 1,
    shards |-> {1} ] :>
      1 @@
  [ type |-> "prepared",
    shard |-> 1,
    dst |-> 1,
    tn |-> 2,
    src |-> 1,
    shards |-> {1},
    leadingEdge |-> {} ] :>
      1 @@
  [ type |-> "prepared",
    shard |-> 1,
    dst |-> 1,
    tn |-> 2,
    src |-> 3,
    shards |-> {1},
    leadingEdge |-> {} ] :>
      1 @@
  [ type |-> "prepared",
    shard |-> 1,
    dst |-> 3,
    tn |-> 3,
    src |-> 3,
    shards |-> {1},
    leadingEdge |-> {} ] :>
      1 @@
  [ type |-> "commit",
    shard |-> 1,
    dst |-> -1,
    tn |-> 2,
    src |-> 1,
    operations |->
        << [ type |-> "nodes",
             Operation |-> "remove",
             sourceVertex |-> 0,
             shard |-> 1 ] >>,
    shards |-> {1} ] :>
      1 @@
  [ type |-> "prepare",
    shard |-> 1,
    dst |-> -1,
    tn |-> 2,
    dependency |-> {},
    src |-> 1,
    operations |->
        << [ type |-> "nodes",
             Operation |-> "remove",
             sourceVertex |-> 0,
             shard |-> 1 ] >>,
    shards |-> {1} ] :>
      1 @@
  [ type |-> "prepare",
    shard |-> 1,
    dst |-> -1,
    tn |-> 3,
    dependency |-> {},
    src |-> 3,
    operations |->
        << [ type |-> "nodes",
             Operation |-> "remove",
             sourceVertex |-> 1,
             shard |-> 1 ] >>,
    shards |-> {1} ] :>
      1 )
/\ failedNodes = {}
/\ pendingTransactions = <<>>
/\ localTransactionHistory = << [ leadingEdge |-> {2},
     committed |-> {2},
     aborted |-> {},
     prepared |-> {},
     heuristic |-> {} ],
   [ leadingEdge |-> {},
     committed |-> {},
     aborted |-> {},
     prepared |-> {},
     heuristic |-> {} ],
   [ leadingEdge |-> {},
     committed |-> {},
     aborted |-> {},
     prepared |-> {2, 3},
     heuristic |-> {} ] >>
/\ localTransactionalGraph = <<(2 :> {}), << >>, (2 :> {} @@ 3 :> {})>>
/\ failedNodesCount = 0
/\ catchUpID = <<1, 1, 1>>
/\ lostMsgCount = 0
/\ rmState = ( <<1, 1, -1>> :> "follower" @@
  <<1, 1, 1>> :> "follower" @@
  <<1, 2, -1>> :> "follower" @@
  <<1, 2, 1>> :> "leader" @@
  <<1, 3, -1>> :> "follower" @@
  <<1, 3, 1>> :> "follower" @@
  <<2, 1, -1>> :> "follower" @@
  <<2, 1, 1>> :> "leader" @@
  <<2, 2, -1>> :> "follower" @@
  <<2, 2, 1>> :> "follower" @@
  <<2, 3, -1>> :> "follower" @@
  <<2, 3, 1>> :> "follower" @@
  <<3, 1, -1>> :> "follower" @@
  <<3, 1, 1>> :> "follower" @@
  <<3, 2, -1>> :> "follower" @@
  <<3, 2, 1>> :> "follower" @@
  <<3, 3, -1>> :> "follower" @@
  <<3, 3, 1>> :> "leader" )
/\ test = 2
/\ localNodesGraph = <<{}, {}, {}>>
/\ clientRequests = <<<<>>, <<1>>, <<>>>>

@!@!@ENDMSG 2217 @!@!@
@!@!@STARTMSG 2217:4 @!@!@
9: <Next line 1346, col 7 to line 1348, col 35 of module twoPhaseSingleShard>
/\ msgs = ( [ type |-> "committedResponse",
    shard |-> 1,
    dst |-> 1,
    tn |-> 2,
    src |-> 1,
    shards |-> {1} ] :>
      1 @@
  [ type |-> "prepared",
    shard |-> 1,
    dst |-> 1,
    tn |-> 2,
    src |-> 1,
    shards |-> {1},
    leadingEdge |-> {} ] :>
      1 @@
  [ type |-> "prepared",
    shard |-> 1,
    dst |-> 1,
    tn |-> 2,
    src |-> 3,
    shards |-> {1},
    leadingEdge |-> {} ] :>
      1 @@
  [ type |-> "prepared",
    shard |-> 1,
    dst |-> 3,
    tn |-> 3,
    src |-> 2,
    shards |-> {1},
    leadingEdge |-> {} ] :>
      1 @@
  [ type |-> "prepared",
    shard |-> 1,
    dst |-> 3,
    tn |-> 3,
    src |-> 3,
    shards |-> {1},
    leadingEdge |-> {} ] :>
      1 @@
  [ type |-> "commit",
    shard |-> 1,
    dst |-> -1,
    tn |-> 2,
    src |-> 1,
    operations |->
        << [ type |-> "nodes",
             Operation |-> "remove",
             sourceVertex |-> 0,
             shard |-> 1 ] >>,
    shards |-> {1} ] :>
      1 @@
  [ type |-> "prepare",
    shard |-> 1,
    dst |-> -1,
    tn |-> 2,
    dependency |-> {},
    src |-> 1,
    operations |->
        << [ type |-> "nodes",
             Operation |-> "remove",
             sourceVertex |-> 0,
             shard |-> 1 ] >>,
    shards |-> {1} ] :>
      1 @@
  [ type |-> "prepare",
    shard |-> 1,
    dst |-> -1,
    tn |-> 3,
    dependency |-> {},
    src |-> 3,
    operations |->
        << [ type |-> "nodes",
             Operation |-> "remove",
             sourceVertex |-> 1,
             shard |-> 1 ] >>,
    shards |-> {1} ] :>
      1 )
/\ failedNodes = {}
/\ pendingTransactions = <<>>
/\ localTransactionHistory = << [ leadingEdge |-> {2},
     committed |-> {2},
     aborted |-> {},
     prepared |-> {},
     heuristic |-> {} ],
   [ leadingEdge |-> {},
     committed |-> {},
     aborted |-> {},
     prepared |-> {3},
     heuristic |-> {} ],
   [ leadingEdge |-> {},
     committed |-> {},
     aborted |-> {},
     prepared |-> {2, 3},
     heuristic |-> {} ] >>
/\ localTransactionalGraph = <<(2 :> {}), (3 :> {}), (2 :> {} @@ 3 :> {})>>
/\ failedNodesCount = 0
/\ catchUpID = <<1, 1, 1>>
/\ lostMsgCount = 0
/\ rmState = ( <<1, 1, -1>> :> "follower" @@
  <<1, 1, 1>> :> "follower" @@
  <<1, 2, -1>> :> "follower" @@
  <<1, 2, 1>> :> "leader" @@
  <<1, 3, -1>> :> "follower" @@
  <<1, 3, 1>> :> "follower" @@
  <<2, 1, -1>> :> "follower" @@
  <<2, 1, 1>> :> "leader" @@
  <<2, 2, -1>> :> "follower" @@
  <<2, 2, 1>> :> "follower" @@
  <<2, 3, -1>> :> "follower" @@
  <<2, 3, 1>> :> "follower" @@
  <<3, 1, -1>> :> "follower" @@
  <<3, 1, 1>> :> "follower" @@
  <<3, 2, -1>> :> "follower" @@
  <<3, 2, 1>> :> "follower" @@
  <<3, 3, -1>> :> "follower" @@
  <<3, 3, 1>> :> "leader" )
/\ test = 3
/\ localNodesGraph = <<{}, {}, {}>>
/\ clientRequests = <<<<>>, <<1>>, <<>>>>

@!@!@ENDMSG 2217 @!@!@
@!@!@STARTMSG 2217:4 @!@!@
10: <Next line 1352, col 7 to line 1354, col 39 of module twoPhaseSingleShard>
/\ msgs = ( [ type |-> "committedResponse",
    shard |-> 1,
    dst |-> 1,
    tn |-> 2,
    src |-> 1,
    shards |-> {1} ] :>
      1 @@
  [ type |-> "committedResponse",
    shard |-> 1,
    dst |-> 3,
    tn |-> 3,
    src |-> 3,
    shards |-> {1} ] :>
      1 @@
  [ type |-> "prepared",
    shard |-> 1,
    dst |-> 1,
    tn |-> 2,
    src |-> 1,
    shards |-> {1},
    leadingEdge |-> {} ] :>
      1 @@
  [ type |-> "prepared",
    shard |-> 1,
    dst |-> 1,
    tn |-> 2,
    src |-> 3,
    shards |-> {1},
    leadingEdge |-> {} ] :>
      1 @@
  [ type |-> "prepared",
    shard |-> 1,
    dst |-> 3,
    tn |-> 3,
    src |-> 2,
    shards |-> {1},
    leadingEdge |-> {} ] :>
      1 @@
  [ type |-> "prepared",
    shard |-> 1,
    dst |-> 3,
    tn |-> 3,
    src |-> 3,
    shards |-> {1},
    leadingEdge |-> {} ] :>
      1 @@
  [ type |-> "commit",
    shard |-> 1,
    dst |-> -1,
    tn |-> 2,
    src |-> 1,
    operations |->
        << [ type |-> "nodes",
             Operation |-> "remove",
             sourceVertex |-> 0,
             shard |-> 1 ] >>,
    shards |-> {1} ] :>
      1 @@
  [ type |-> "commit",
    shard |-> 1,
    dst |-> -1,
    tn |-> 3,
    src |-> 3,
    operations |->
        << [ type |-> "nodes",
             Operation |-> "remove",
             sourceVertex |-> 1,
             shard |-> 1 ] >>,
    shards |-> {1} ] :>
      1 @@
  [ type |-> "prepare",
    shard |-> 1,
    dst |-> -1,
    tn |-> 2,
    dependency |-> {},
    src |-> 1,
    operations |->
        << [ type |-> "nodes",
             Operation |-> "remove",
             sourceVertex |-> 0,
             shard |-> 1 ] >>,
    shards |-> {1} ] :>
      1 @@
  [ type |-> "prepare",
    shard |-> 1,
    dst |-> -1,
    tn |-> 3,
    dependency |-> {},
    src |-> 3,
    operations |->
        << [ type |-> "nodes",
             Operation |-> "remove",
             sourceVertex |-> 1,
             shard |-> 1 ] >>,
    shards |-> {1} ] :>
      1 )
/\ failedNodes = {}
/\ pendingTransactions = <<>>
/\ localTransactionHistory = << [ leadingEdge |-> {2},
     committed |-> {2},
     aborted |-> {},
     prepared |-> {},
     heuristic |-> {} ],
   [ leadingEdge |-> {},
     committed |-> {},
     aborted |-> {},
     prepared |-> {3},
     heuristic |-> {} ],
   [ leadingEdge |-> {3},
     committed |-> {3},
     aborted |-> {},
     prepared |-> {2},
     heuristic |-> {} ] >>
/\ localTransactionalGraph = <<(2 :> {}), (3 :> {}), (2 :> {} @@ 3 :> {})>>
/\ failedNodesCount = 0
/\ catchUpID = <<1, 1, 1>>
/\ lostMsgCount = 0
/\ rmState = ( <<1, 1, -1>> :> "follower" @@
  <<1, 1, 1>> :> "follower" @@
  <<1, 2, -1>> :> "follower" @@
  <<1, 2, 1>> :> "leader" @@
  <<1, 3, -1>> :> "follower" @@
  <<1, 3, 1>> :> "follower" @@
  <<2, 1, -1>> :> "follower" @@
  <<2, 1, 1>> :> "leader" @@
  <<2, 2, -1>> :> "follower" @@
  <<2, 2, 1>> :> "follower" @@
  <<2, 3, -1>> :> "follower" @@
  <<2, 3, 1>> :> "follower" @@
  <<3, 1, -1>> :> "follower" @@
  <<3, 1, 1>> :> "follower" @@
  <<3, 2, -1>> :> "follower" @@
  <<3, 2, 1>> :> "follower" @@
  <<3, 3, -1>> :> "follower" @@
  <<3, 3, 1>> :> "leader" )
/\ test = 4
/\ localNodesGraph = <<{}, {}, {}>>
/\ clientRequests = <<<<>>, <<1>>, <<>>>>

@!@!@ENDMSG 2217 @!@!@
@!@!@STARTMSG 2217:4 @!@!@
11: <Next line 1349, col 7 to line 1351, col 35 of module twoPhaseSingleShard>
/\ msgs = ( [ type |-> "committedResponse",
    shard |-> 1,
    dst |-> 1,
    tn |-> 2,
    src |-> 1,
    shards |-> {1} ] :>
      1 @@
  [ type |-> "committedResponse",
    shard |-> 1,
    dst |-> 3,
    tn |-> 3,
    src |-> 3,
    shards |-> {1} ] :>
      1 @@
  [ type |-> "catchUp",
    shard |-> 1,
    src |-> 1,
    leadingEdge |-> {2},
    ID |-> 3,
    leader |-> 3 ] :>
      1 @@
  [ type |-> "prepared",
    shard |-> 1,
    dst |-> 1,
    tn |-> 2,
    src |-> 1,
    shards |-> {1},
    leadingEdge |-> {} ] :>
      1 @@
  [ type |-> "prepared",
    shard |-> 1,
    dst |-> 1,
    tn |-> 2,
    src |-> 3,
    shards |-> {1},
    leadingEdge |-> {} ] :>
      1 @@
  [ type |-> "prepared",
    shard |-> 1,
    dst |-> 3,
    tn |-> 3,
    src |-> 2,
    shards |-> {1},
    leadingEdge |-> {} ] :>
      1 @@
  [ type |-> "prepared",
    shard |-> 1,
    dst |-> 3,
    tn |-> 3,
    src |-> 3,
    shards |-> {1},
    leadingEdge |-> {} ] :>
      1 @@
  [ type |-> "commit",
    shard |-> 1,
    dst |-> -1,
    tn |-> 2,
    src |-> 1,
    operations |->
        << [ type |-> "nodes",
             Operation |-> "remove",
             sourceVertex |-> 0,
             shard |-> 1 ] >>,
    shards |-> {1} ] :>
      1 @@
  [ type |-> "commit",
    shard |-> 1,
    dst |-> -1,
    tn |-> 3,
    src |-> 3,
    operations |->
        << [ type |-> "nodes",
             Operation |-> "remove",
             sourceVertex |-> 1,
             shard |-> 1 ] >>,
    shards |-> {1} ] :>
      1 @@
  [ type |-> "prepare",
    shard |-> 1,
    dst |-> -1,
    tn |-> 2,
    dependency |-> {},
    src |-> 1,
    operations |->
        << [ type |-> "nodes",
             Operation |-> "remove",
             sourceVertex |-> 0,
             shard |-> 1 ] >>,
    shards |-> {1} ] :>
      1 @@
  [ type |-> "prepare",
    shard |-> 1,
    dst |-> -1,
    tn |-> 3,
    dependency |-> {},
    src |-> 3,
    operations |->
        << [ type |-> "nodes",
             Operation |-> "remove",
             sourceVertex |-> 1,
             shard |-> 1 ] >>,
    shards |-> {1} ] :>
      1 )
/\ failedNodes = {}
/\ pendingTransactions = <<>>
/\ localTransactionHistory = << [ leadingEdge |-> {2},
     committed |-> {2},
     aborted |-> {},
     prepared |-> {},
     heuristic |-> {} ],
   [ leadingEdge |-> {},
     committed |-> {},
     aborted |-> {},
     prepared |-> {3},
     heuristic |-> {} ],
   [ leadingEdge |-> {3},
     committed |-> {3},
     aborted |-> {},
     prepared |-> {2},
     heuristic |-> {} ] >>
/\ localTransactionalGraph = <<(2 :> {}), (3 :> {}), (2 :> {} @@ 3 :> {})>>
/\ failedNodesCount = 0
/\ catchUpID = <<2, 1, 1>>
/\ lostMsgCount = 0
/\ rmState = ( <<1, 1, -1>> :> "follower" @@
  <<1, 1, 1>> :> "follower" @@
  <<1, 2, -1>> :> "follower" @@
  <<1, 2, 1>> :> "leader" @@
  <<1, 3, -1>> :> "follower" @@
  <<1, 3, 1>> :> "follower" @@
  <<2, 1, -1>> :> "follower" @@
  <<2, 1, 1>> :> "leader" @@
  <<2, 2, -1>> :> "follower" @@
  <<2, 2, 1>> :> "follower" @@
  <<2, 3, -1>> :> "follower" @@
  <<2, 3, 1>> :> "follower" @@
  <<3, 1, -1>> :> "follower" @@
  <<3, 1, 1>> :> "follower" @@
  <<3, 2, -1>> :> "follower" @@
  <<3, 2, 1>> :> "follower" @@
  <<3, 3, -1>> :> "follower" @@
  <<3, 3, 1>> :> "leader" )
/\ test = 5
/\ localNodesGraph = <<{}, {}, {}>>
/\ clientRequests = <<<<>>, <<1>>, <<>>>>

@!@!@ENDMSG 2217 @!@!@
@!@!@STARTMSG 2103:1 @!@!@
The error occurred when TLC was evaluating the nested
expressions at the following positions:
0. Line 1388, column 7 to line 1390, column 35 in twoPhaseSingleShard
1. Line 1389, column 13 to line 1390, column 35 in twoPhaseSingleShard
2. Line 1389, column 16 to line 1389, column 32 in twoPhaseSingleShard
3. Line 1270, column 5 to line 1274, column 188 in twoPhaseSingleShard
4. Line 1270, column 8 to line 1270, column 31 in twoPhaseSingleShard
5. Line 1271, column 8 to line 1271, column 44 in twoPhaseSingleShard
6. Line 1272, column 8 to line 1272, column 126 in twoPhaseSingleShard
7. Line 787, column 4 to line 820, column 53 in twoPhaseSingleShard
8. Line 814, column 6 to line 820, column 53 in twoPhaseSingleShard
9. Line 814, column 9 to line 814, column 29 in twoPhaseSingleShard
10. Line 815, column 10 to line 820, column 53 in twoPhaseSingleShard
11. Line 72, column 12 to line 72, column 39 in twoPhaseSingleShard
12. Line 72, column 20 to line 72, column 39 in twoPhaseSingleShard
13. Line 61, column 5 to line 64, column 28 in twoPhaseSingleShard
14. Line 61, column 8 to line 61, column 28 in twoPhaseSingleShard
15. Line 61, column 8 to line 61, column 8 in twoPhaseSingleShard
16. Line 72, column 32 to line 72, column 32 in twoPhaseSingleShard
17. Line 815, column 15 to line 820, column 52 in twoPhaseSingleShard
18. Line 818, column 37 to line 818, column 104 in twoPhaseSingleShard
19. Line 765, column 3 to line 774, column 9 in twoPhaseSingleShard
20. Line 767, column 7 to line 772, column 65 in twoPhaseSingleShard
21. Line 767, column 10 to line 767, column 23 in twoPhaseSingleShard
22. Line 767, column 10 to line 767, column 18 in twoPhaseSingleShard
23. Line 818, column 74 to line 818, column 99 in twoPhaseSingleShard
24. Line 818, column 81 to line 818, column 99 in twoPhaseSingleShard
25. Line 799, column 27 to line 799, column 101 in twoPhaseSingleShard
26. Line 797, column 7 to line 798, column 34 in twoPhaseSingleShard
27. Line 798, column 10 to line 798, column 34 in twoPhaseSingleShard
28. Line 798, column 17 to line 798, column 20 in twoPhaseSingleShard
29. Line 797, column 19 to line 797, column 58 in twoPhaseSingleShard
30. Line 113, column 3 to line 113, column 57 in twoPhaseSingleShard
31. Line 113, column 9 to line 113, column 57 in twoPhaseSingleShard
32. Line 113, column 51 to line 113, column 56 in twoPhaseSingleShard
33. Line 797, column 48 to line 797, column 57 in twoPhaseSingleShard
34. Line 799, column 81 to line 799, column 100 in twoPhaseSingleShard
35. Line 794, column 13 to line 795, column 53 in twoPhaseSingleShard
36. Line 795, column 16 to line 795, column 53 in twoPhaseSingleShard
37. Line 795, column 19 to line 795, column 25 in twoPhaseSingleShard
38. Line 795, column 19 to line 795, column 20 in twoPhaseSingleShard
39. Line 794, column 23 to line 794, column 101 in twoPhaseSingleShard
40. Line 794, column 30 to line 794, column 44 in twoPhaseSingleShard
41. Line 792, column 23 to line 792, column 52 in twoPhaseSingleShard
42. Line 792, column 41 to line 792, column 52 in twoPhaseSingleShard
43. Line 791, column 20 to line 791, column 117 in twoPhaseSingleShard
44. Line 791, column 26 to line 791, column 117 in twoPhaseSingleShard
45. Line 791, column 27 to line 791, column 54 in twoPhaseSingleShard
46. Line 96, column 5 to line 100, column 14 in twoPhaseSingleShard
47. Line 98, column 9 to line 99, column 102 in twoPhaseSingleShard
48. Line 98, column 12 to line 98, column 29 in twoPhaseSingleShard
49. Line 98, column 12 to line 98, column 24 in twoPhaseSingleShard


@!@!@ENDMSG 2103 @!@!@
@!@!@STARTMSG 2201:0 @!@!@
The coverage statistics at 2025-07-22 23:55:44
@!@!@ENDMSG 2201 @!@!@
@!@!@STARTMSG 2773:0 @!@!@
<Init line 1319, col 2 to line 1319, col 5 of module twoPhaseSingleShard>: 2:2
@!@!@ENDMSG 2773 @!@!@
@!@!@STARTMSG 2775:0 @!@!@
  line 1326, col 16 to line 1326, col 80 of module twoPhaseSingleShard: 2:36
@!@!@ENDMSG 2775 @!@!@
@!@!@STARTMSG 2221:0 @!@!@
  |line 1326, col 23 to line 1326, col 26 of module twoPhaseSingleShard: 2
@!@!@ENDMSG 2221 @!@!@
@!@!@STARTMSG 2775:0 @!@!@
  ||line 1321, col 17 to line 1321, col 75 of module twoPhaseSingleShard: 2:50
@!@!@ENDMSG 2775 @!@!@
@!@!@STARTMSG 2221:0 @!@!@
  |||line 1321, col 19 to line 1321, col 39 of module twoPhaseSingleShard: 6
@!@!@ENDMSG 2221 @!@!@
@!@!@STARTMSG 2221:0 @!@!@
  |||line 1321, col 49 to line 1321, col 73 of module twoPhaseSingleShard: 2
@!@!@ENDMSG 2221 @!@!@
@!@!@STARTMSG 2221:0 @!@!@
  |line 1326, col 35 to line 1326, col 39 of module twoPhaseSingleShard: 2
@!@!@ENDMSG 2221 @!@!@
@!@!@STARTMSG 2221:0 @!@!@
  |line 1326, col 48 to line 1326, col 64 of module twoPhaseSingleShard: 2
@!@!@ENDMSG 2221 @!@!@
@!@!@STARTMSG 2221:0 @!@!@
  line 1327, col 6 to line 1327, col 28 of module twoPhaseSingleShard: 2
@!@!@ENDMSG 2221 @!@!@
@!@!@STARTMSG 2221:0 @!@!@
  line 1328, col 6 to line 1328, col 45 of module twoPhaseSingleShard: 2
@!@!@ENDMSG 2221 @!@!@
@!@!@STARTMSG 2221:0 @!@!@
  line 1329, col 6 to line 1329, col 44 of module twoPhaseSingleShard: 2
@!@!@ENDMSG 2221 @!@!@
@!@!@STARTMSG 2221:0 @!@!@
  line 1330, col 6 to line 1330, col 43 of module twoPhaseSingleShard: 2
@!@!@ENDMSG 2221 @!@!@
@!@!@STARTMSG 2221:0 @!@!@
  line 1331, col 6 to line 1335, col 6 of module twoPhaseSingleShard: 2
@!@!@ENDMSG 2221 @!@!@
@!@!@STARTMSG 2221:0 @!@!@
  line 1337, col 6 to line 1337, col 66 of module twoPhaseSingleShard: 2
@!@!@ENDMSG 2221 @!@!@
@!@!@STARTMSG 2221:0 @!@!@
  line 1338, col 6 to line 1338, col 36 of module twoPhaseSingleShard: 2
@!@!@ENDMSG 2221 @!@!@
@!@!@STARTMSG 2221:0 @!@!@
  line 1340, col 6 to line 1340, col 21 of module twoPhaseSingleShard: 2
@!@!@ENDMSG 2221 @!@!@
@!@!@STARTMSG 2221:0 @!@!@
  line 1342, col 6 to line 1342, col 13 of module twoPhaseSingleShard: 2
@!@!@ENDMSG 2221 @!@!@
@!@!@STARTMSG 2772:0 @!@!@
<Next line 1345, col 3 to line 1345, col 6 of module twoPhaseSingleShard (1346 7 1348 35)>: 18399:58884
@!@!@ENDMSG 2772 @!@!@
@!@!@STARTMSG 2221:0 @!@!@
  line 1204, col 7 to line 1204, col 26 of module twoPhaseSingleShard: 843453
@!@!@ENDMSG 2221 @!@!@
@!@!@STARTMSG 2221:0 @!@!@
  |line 1204, col 7 to line 1204, col 14 of module twoPhaseSingleShard: 784569
@!@!@ENDMSG 2221 @!@!@
@!@!@STARTMSG 2221:0 @!@!@
  line 1205, col 7 to line 1205, col 39 of module twoPhaseSingleShard: 233310
@!@!@ENDMSG 2221 @!@!@
@!@!@STARTMSG 2221:0 @!@!@
  |line 1205, col 7 to line 1205, col 7 of module twoPhaseSingleShard: 174426
@!@!@ENDMSG 2221 @!@!@
@!@!@STARTMSG 2221:0 @!@!@
  |line 1205, col 13 to line 1205, col 39 of module twoPhaseSingleShard: 174426
@!@!@ENDMSG 2221 @!@!@
@!@!@STARTMSG 2221:0 @!@!@
  line 72, col 12 to line 72, col 39 of module twoPhaseSingleShard: 0
@!@!@ENDMSG 2221 @!@!@
@!@!@STARTMSG 2221:0 @!@!@
  line 72, col 12 to line 72, col 39 of module twoPhaseSingleShard: 0
@!@!@ENDMSG 2221 @!@!@
@!@!@STARTMSG 2221:0 @!@!@
  line 631, col 10 to line 631, col 53 of module twoPhaseSingleShard: 174426
@!@!@ENDMSG 2221 @!@!@
@!@!@STARTMSG 2221:0 @!@!@
  line 633, col 12 to line 633, col 61 of module twoPhaseSingleShard: 103109
@!@!@ENDMSG 2221 @!@!@
@!@!@STARTMSG 2221:0 @!@!@
  line 599, col 16 to line 605, col 77 of module twoPhaseSingleShard: 31465
@!@!@ENDMSG 2221 @!@!@
@!@!@STARTMSG 2221:0 @!@!@
  |line 599, col 17 to line 605, col 77 of module twoPhaseSingleShard: 30783
@!@!@ENDMSG 2221 @!@!@
@!@!@STARTMSG 2221:0 @!@!@
  line 606, col 16 to line 606, col 28 of module twoPhaseSingleShard: 31359
@!@!@ENDMSG 2221 @!@!@
@!@!@STARTMSG 2221:0 @!@!@
  |line 606, col 17 to line 606, col 28 of module twoPhaseSingleShard: 30677
@!@!@ENDMSG 2221 @!@!@
@!@!@STARTMSG 2221:0 @!@!@
  ||line 590, col 25 to line 590, col 52 of module twoPhaseSingleShard: 30677
@!@!@ENDMSG 2221 @!@!@
@!@!@STARTMSG 2221:0 @!@!@
  |||line 590, col 25 to line 590, col 48 of module twoPhaseSingleShard: 30677
@!@!@ENDMSG 2221 @!@!@
@!@!@STARTMSG 2221:0 @!@!@
  ||||line 590, col 37 to line 590, col 47 of module twoPhaseSingleShard: 30677
@!@!@ENDMSG 2221 @!@!@
@!@!@STARTMSG 2221:0 @!@!@
  |||||line 585, col 24 to line 589, col 20 of module twoPhaseSingleShard: 30677
@!@!@ENDMSG 2221 @!@!@
@!@!@STARTMSG 2221:0 @!@!@
  ||||||line 585, col 52 to line 588, col 50 of module twoPhaseSingleShard: 296055
@!@!@ENDMSG 2221 @!@!@
@!@!@STARTMSG 2221:0 @!@!@
  |||||||line 585, col 52 to line 587, col 55 of module twoPhaseSingleShard: 296055
@!@!@ENDMSG 2221 @!@!@
@!@!@STARTMSG 2221:0 @!@!@
  ||||||||line 585, col 52 to line 586, col 50 of module twoPhaseSingleShard: 296055
@!@!@ENDMSG 2221 @!@!@
@!@!@STARTMSG 2221:0 @!@!@
  |||||||||line 585, col 52 to line 585, col 73 of module twoPhaseSingleShard: 296055
@!@!@ENDMSG 2221 @!@!@
@!@!@STARTMSG 2221:0 @!@!@
  |||||||||line 586, col 42 to line 586, col 50 of module twoPhaseSingleShard: 94464
@!@!@ENDMSG 2221 @!@!@
@!@!@STARTMSG 2221:0 @!@!@
  ||||||||line 587, col 42 to line 587, col 55 of module twoPhaseSingleShard: 78968
@!@!@ENDMSG 2221 @!@!@
@!@!@STARTMSG 2221:0 @!@!@
  |||||||line 588, col 42 to line 588, col 50 of module twoPhaseSingleShard: 69488
@!@!@ENDMSG 2221 @!@!@
@!@!@STARTMSG 2221:0 @!@!@
  ||||||line 585, col 31 to line 585, col 48 of module twoPhaseSingleShard: 30677
@!@!@ENDMSG 2221 @!@!@
@!@!@STARTMSG 2775:0 @!@!@
  |||||||line 58, col 5 to line 58, col 47 of module twoPhaseSingleShard: 30677:326732
@!@!@ENDMSG 2775 @!@!@
@!@!@STARTMSG 2221:0 @!@!@
  ||||||||line 58, col 31 to line 58, col 45 of module twoPhaseSingleShard: 296055
@!@!@ENDMSG 2221 @!@!@
@!@!@STARTMSG 2221:0 @!@!@
  ||||||||line 58, col 13 to line 58, col 27 of module twoPhaseSingleShard: 30677
@!@!@ENDMSG 2221 @!@!@
@!@!@STARTMSG 2221:0 @!@!@
  |||||||line 585, col 44 to line 585, col 47 of module twoPhaseSingleShard: 30677
@!@!@ENDMSG 2221 @!@!@
@!@!@STARTMSG 2221:0 @!@!@
  line 607, col 16 to line 607, col 27 of module twoPhaseSingleShard: 1364
@!@!@ENDMSG 2221 @!@!@
@!@!@STARTMSG 2221:0 @!@!@
  |line 607, col 17 to line 607, col 27 of module twoPhaseSingleShard: 682
@!@!@ENDMSG 2221 @!@!@
@!@!@STARTMSG 2221:0 @!@!@
  ||line 596, col 24 to line 596, col 44 of module twoPhaseSingleShard: 682
@!@!@ENDMSG 2221 @!@!@
@!@!@STARTMSG 2221:0 @!@!@
  |||line 596, col 24 to line 596, col 40 of module twoPhaseSingleShard: 682
@!@!@ENDMSG 2221 @!@!@
@!@!@STARTMSG 2221:0 @!@!@
  ||||line 596, col 36 to line 596, col 39 of module twoPhaseSingleShard: 682
@!@!@ENDMSG 2221 @!@!@
@!@!@STARTMSG 2221:0 @!@!@
  |||||line 591, col 17 to line 595, col 20 of module twoPhaseSingleShard: 682
@!@!@ENDMSG 2221 @!@!@
@!@!@STARTMSG 2221:0 @!@!@
  ||||||line 591, col 45 to line 594, col 50 of module twoPhaseSingleShard: 6416
@!@!@ENDMSG 2221 @!@!@
@!@!@STARTMSG 2221:0 @!@!@
  |||||||line 591, col 45 to line 593, col 55 of module twoPhaseSingleShard: 6416
@!@!@ENDMSG 2221 @!@!@
@!@!@STARTMSG 2221:0 @!@!@
  ||||||||line 591, col 45 to line 592, col 50 of module twoPhaseSingleShard: 6416
@!@!@ENDMSG 2221 @!@!@
@!@!@STARTMSG 2221:0 @!@!@
  |||||||||line 591, col 45 to line 591, col 65 of module twoPhaseSingleShard: 6416
@!@!@ENDMSG 2221 @!@!@
@!@!@STARTMSG 2221:0 @!@!@
  |||||||||line 592, col 42 to line 592, col 50 of module twoPhaseSingleShard: 87
@!@!@ENDMSG 2221 @!@!@
@!@!@STARTMSG 2221:0 @!@!@
  ||||||||line 593, col 42 to line 593, col 55 of module twoPhaseSingleShard: 64
@!@!@ENDMSG 2221 @!@!@
@!@!@STARTMSG 2221:0 @!@!@
  ||||||line 591, col 24 to line 591, col 41 of module twoPhaseSingleShard: 682
@!@!@ENDMSG 2221 @!@!@
@!@!@STARTMSG 2775:0 @!@!@
  |||||||line 58, col 5 to line 58, col 47 of module twoPhaseSingleShard: 682:7098
@!@!@ENDMSG 2775 @!@!@
@!@!@STARTMSG 2221:0 @!@!@
  ||||||||line 58, col 31 to line 58, col 45 of module twoPhaseSingleShard: 6416
@!@!@ENDMSG 2221 @!@!@
@!@!@STARTMSG 2221:0 @!@!@
  ||||||||line 58, col 13 to line 58, col 27 of module twoPhaseSingleShard: 682
@!@!@ENDMSG 2221 @!@!@
@!@!@STARTMSG 2221:0 @!@!@
  |||||||line 591, col 37 to line 591, col 40 of module twoPhaseSingleShard: 682
@!@!@ENDMSG 2221 @!@!@
@!@!@STARTMSG 2221:0 @!@!@
  line 608, col 16 to line 615, col 18 of module twoPhaseSingleShard: 682
@!@!@ENDMSG 2221 @!@!@
@!@!@STARTMSG 2221:0 @!@!@
  line 636, col 16 to line 641, col 52 of module twoPhaseSingleShard: 1364
@!@!@ENDMSG 2221 @!@!@
@!@!@STARTMSG 2221:0 @!@!@
  |line 636, col 17 to line 641, col 52 of module twoPhaseSingleShard: 682
@!@!@ENDMSG 2221 @!@!@
@!@!@STARTMSG 2221:0 @!@!@
  line 642, col 16 to line 642, col 31 of module twoPhaseSingleShard: 682
@!@!@ENDMSG 2221 @!@!@
@!@!@STARTMSG 2221:0 @!@!@
  line 643, col 16 to line 643, col 195 of module twoPhaseSingleShard: 682
@!@!@ENDMSG 2221 @!@!@
@!@!@STARTMSG 2221:0 @!@!@
  line 644, col 18 to line 644, col 120 of module twoPhaseSingleShard: 72326
@!@!@ENDMSG 2221 @!@!@
@!@!@STARTMSG 2221:0 @!@!@
  |line 644, col 18 to line 644, col 66 of module twoPhaseSingleShard: 72326
@!@!@ENDMSG 2221 @!@!@
@!@!@STARTMSG 2221:0 @!@!@
  |line 644, col 71 to line 644, col 120 of module twoPhaseSingleShard: 17225
@!@!@ENDMSG 2221 @!@!@
@!@!@STARTMSG 2221:0 @!@!@
  line 599, col 16 to line 605, col 77 of module twoPhaseSingleShard: 55101
@!@!@ENDMSG 2221 @!@!@
@!@!@STARTMSG 2221:0 @!@!@
  line 606, col 16 to line 606, col 28 of module twoPhaseSingleShard: 2581
@!@!@ENDMSG 2221 @!@!@
@!@!@STARTMSG 2221:0 @!@!@
  |line 606, col 17 to line 606, col 28 of module twoPhaseSingleShard: 2581
@!@!@ENDMSG 2221 @!@!@
@!@!@STARTMSG 2221:0 @!@!@
  ||line 590, col 25 to line 590, col 52 of module twoPhaseSingleShard: 2581
@!@!@ENDMSG 2221 @!@!@
@!@!@STARTMSG 2221:0 @!@!@
  |||line 590, col 25 to line 590, col 48 of module twoPhaseSingleShard: 2581
@!@!@ENDMSG 2221 @!@!@
@!@!@STARTMSG 2221:0 @!@!@
  ||||line 590, col 37 to line 590, col 47 of module twoPhaseSingleShard: 2581
@!@!@ENDMSG 2221 @!@!@
@!@!@STARTMSG 2221:0 @!@!@
  |||||line 585, col 24 to line 589, col 20 of module twoPhaseSingleShard: 2581
@!@!@ENDMSG 2221 @!@!@
@!@!@STARTMSG 2221:0 @!@!@
  ||||||line 585, col 52 to line 588, col 50 of module twoPhaseSingleShard: 26681
@!@!@ENDMSG 2221 @!@!@
@!@!@STARTMSG 2221:0 @!@!@
  |||||||line 585, col 52 to line 587, col 55 of module twoPhaseSingleShard: 26681
@!@!@ENDMSG 2221 @!@!@
@!@!@STARTMSG 2221:0 @!@!@
  ||||||||line 585, col 52 to line 586, col 50 of module twoPhaseSingleShard: 26681
@!@!@ENDMSG 2221 @!@!@
@!@!@STARTMSG 2221:0 @!@!@
  |||||||||line 585, col 52 to line 585, col 73 of module twoPhaseSingleShard: 26681
@!@!@ENDMSG 2221 @!@!@
@!@!@STARTMSG 2221:0 @!@!@
  |||||||||line 586, col 42 to line 586, col 50 of module twoPhaseSingleShard: 10166
@!@!@ENDMSG 2221 @!@!@
@!@!@STARTMSG 2221:0 @!@!@
  ||||||||line 587, col 42 to line 587, col 55 of module twoPhaseSingleShard: 5029
@!@!@ENDMSG 2221 @!@!@
@!@!@STARTMSG 2221:0 @!@!@
  |||||||line 588, col 42 to line 588, col 50 of module twoPhaseSingleShard: 4390
@!@!@ENDMSG 2221 @!@!@
@!@!@STARTMSG 2221:0 @!@!@
  ||||||line 585, col 31 to line 585, col 48 of module twoPhaseSingleShard: 2581
@!@!@ENDMSG 2221 @!@!@
@!@!@STARTMSG 2775:0 @!@!@
  |||||||line 58, col 5 to line 58, col 47 of module twoPhaseSingleShard: 2581:29262
@!@!@ENDMSG 2775 @!@!@
@!@!@STARTMSG 2221:0 @!@!@
  ||||||||line 58, col 31 to line 58, col 45 of module twoPhaseSingleShard: 26681
@!@!@ENDMSG 2221 @!@!@
@!@!@STARTMSG 2221:0 @!@!@
  ||||||||line 58, col 13 to line 58, col 27 of module twoPhaseSingleShard: 2581
@!@!@ENDMSG 2221 @!@!@
@!@!@STARTMSG 2221:0 @!@!@
  |||||||line 585, col 44 to line 585, col 47 of module twoPhaseSingleShard: 2581
@!@!@ENDMSG 2221 @!@!@
@!@!@STARTMSG 2221:0 @!@!@
  line 72, col 12 to line 72, col 39 of module twoPhaseSingleShard: 0
@!@!@ENDMSG 2221 @!@!@
@!@!@STARTMSG 2221:0 @!@!@
  line 647, col 20 to line 647, col 35 of module twoPhaseSingleShard: 0
@!@!@ENDMSG 2221 @!@!@
@!@!@STARTMSG 2221:0 @!@!@
  line 648, col 20 to line 648, col 199 of module twoPhaseSingleShard: 0
@!@!@ENDMSG 2221 @!@!@
@!@!@STARTMSG 2221:0 @!@!@
  line 599, col 16 to line 605, col 77 of module twoPhaseSingleShard: 17225
@!@!@ENDMSG 2221 @!@!@
@!@!@STARTMSG 2221:0 @!@!@
  line 606, col 16 to line 606, col 28 of module twoPhaseSingleShard: 2515
@!@!@ENDMSG 2221 @!@!@
@!@!@STARTMSG 2221:0 @!@!@
  |line 606, col 17 to line 606, col 28 of module twoPhaseSingleShard: 2515
@!@!@ENDMSG 2221 @!@!@
@!@!@STARTMSG 2221:0 @!@!@
  ||line 590, col 25 to line 590, col 52 of module twoPhaseSingleShard: 2515
@!@!@ENDMSG 2221 @!@!@
@!@!@STARTMSG 2221:0 @!@!@
  |||line 590, col 25 to line 590, col 48 of module twoPhaseSingleShard: 2515
@!@!@ENDMSG 2221 @!@!@
@!@!@STARTMSG 2221:0 @!@!@
  ||||line 590, col 37 to line 590, col 47 of module twoPhaseSingleShard: 2515
@!@!@ENDMSG 2221 @!@!@
@!@!@STARTMSG 2221:0 @!@!@
  |||||line 585, col 24 to line 589, col 20 of module twoPhaseSingleShard: 2515
@!@!@ENDMSG 2221 @!@!@
@!@!@STARTMSG 2221:0 @!@!@
  ||||||line 585, col 52 to line 588, col 50 of module twoPhaseSingleShard: 23538
@!@!@ENDMSG 2221 @!@!@
@!@!@STARTMSG 2221:0 @!@!@
  |||||||line 585, col 52 to line 587, col 55 of module twoPhaseSingleShard: 23538
@!@!@ENDMSG 2221 @!@!@
@!@!@STARTMSG 2221:0 @!@!@
  ||||||||line 585, col 52 to line 586, col 50 of module twoPhaseSingleShard: 23538
@!@!@ENDMSG 2221 @!@!@
@!@!@STARTMSG 2221:0 @!@!@
  |||||||||line 585, col 52 to line 585, col 73 of module twoPhaseSingleShard: 23538
@!@!@ENDMSG 2221 @!@!@
@!@!@STARTMSG 2221:0 @!@!@
  |||||||||line 586, col 42 to line 586, col 50 of module twoPhaseSingleShard: 8452
@!@!@ENDMSG 2221 @!@!@
@!@!@STARTMSG 2221:0 @!@!@
  ||||||||line 587, col 42 to line 587, col 55 of module twoPhaseSingleShard: 5991
@!@!@ENDMSG 2221 @!@!@
@!@!@STARTMSG 2221:0 @!@!@
  |||||||line 588, col 42 to line 588, col 50 of module twoPhaseSingleShard: 3093
@!@!@ENDMSG 2221 @!@!@
@!@!@STARTMSG 2221:0 @!@!@
  ||||||line 585, col 31 to line 585, col 48 of module twoPhaseSingleShard: 2515
@!@!@ENDMSG 2221 @!@!@
@!@!@STARTMSG 2775:0 @!@!@
  |||||||line 58, col 5 to line 58, col 47 of module twoPhaseSingleShard: 2515:26053
@!@!@ENDMSG 2775 @!@!@
@!@!@STARTMSG 2221:0 @!@!@
  ||||||||line 58, col 31 to line 58, col 45 of module twoPhaseSingleShard: 23538
@!@!@ENDMSG 2221 @!@!@
@!@!@STARTMSG 2221:0 @!@!@
  ||||||||line 58, col 13 to line 58, col 27 of module twoPhaseSingleShard: 2515
@!@!@ENDMSG 2221 @!@!@
@!@!@STARTMSG 2221:0 @!@!@
  |||||||line 585, col 44 to line 585, col 47 of module twoPhaseSingleShard: 2515
@!@!@ENDMSG 2221 @!@!@
@!@!@STARTMSG 2221:0 @!@!@
  line 72, col 12 to line 72, col 39 of module twoPhaseSingleShard: 0
@!@!@ENDMSG 2221 @!@!@
@!@!@STARTMSG 2221:0 @!@!@
  line 651, col 20 to line 651, col 35 of module twoPhaseSingleShard: 0
@!@!@ENDMSG 2221 @!@!@
@!@!@STARTMSG 2221:0 @!@!@
  line 652, col 20 to line 652, col 199 of module twoPhaseSingleShard: 0
@!@!@ENDMSG 2221 @!@!@
@!@!@STARTMSG 2221:0 @!@!@
  line 654, col 10 to line 654, col 115 of module twoPhaseSingleShard: 71317
@!@!@ENDMSG 2221 @!@!@
@!@!@STARTMSG 2221:0 @!@!@
  line 657, col 14 to line 657, col 53 of module twoPhaseSingleShard: 68092
@!@!@ENDMSG 2221 @!@!@
@!@!@STARTMSG 2221:0 @!@!@
  |line 657, col 15 to line 657, col 53 of module twoPhaseSingleShard: 68092
@!@!@ENDMSG 2221 @!@!@
@!@!@STARTMSG 2221:0 @!@!@
  ||line 253, col 26 to line 253, col 73 of module twoPhaseSingleShard: 68092
@!@!@ENDMSG 2221 @!@!@
@!@!@STARTMSG 2221:0 @!@!@
  |||line 253, col 51 to line 253, col 73 of module twoPhaseSingleShard: 39573
@!@!@ENDMSG 2221 @!@!@
@!@!@STARTMSG 2221:0 @!@!@
  |||line 253, col 35 to line 253, col 47 of module twoPhaseSingleShard: 68092
@!@!@ENDMSG 2221 @!@!@
@!@!@STARTMSG 2221:0 @!@!@
  ||line 249, col 22 to line 249, col 82 of module twoPhaseSingleShard: 39573
@!@!@ENDMSG 2221 @!@!@
@!@!@STARTMSG 2221:0 @!@!@
  |||line 249, col 23 to line 249, col 51 of module twoPhaseSingleShard: 67171
@!@!@ENDMSG 2221 @!@!@
@!@!@STARTMSG 2221:0 @!@!@
  |||line 249, col 62 to line 249, col 81 of module twoPhaseSingleShard: 39573
@!@!@ENDMSG 2221 @!@!@
@!@!@STARTMSG 2221:0 @!@!@
  ||line 250, col 21 to line 250, col 58 of module twoPhaseSingleShard: 68092
@!@!@ENDMSG 2221 @!@!@
@!@!@STARTMSG 2775:0 @!@!@
  ||line 252, col 24 to line 252, col 50 of module twoPhaseSingleShard: 68092:107665
@!@!@ENDMSG 2775 @!@!@
@!@!@STARTMSG 2221:0 @!@!@
  |||line 252, col 26 to line 252, col 29 of module twoPhaseSingleShard: 41637
@!@!@ENDMSG 2221 @!@!@
@!@!@STARTMSG 2221:0 @!@!@
  ||||line 251, col 15 to line 251, col 79 of module twoPhaseSingleShard: 41637
@!@!@ENDMSG 2221 @!@!@
@!@!@STARTMSG 2221:0 @!@!@
  |||||line 251, col 16 to line 251, col 46 of module twoPhaseSingleShard: 79287
@!@!@ENDMSG 2221 @!@!@
@!@!@STARTMSG 2221:0 @!@!@
  |||||line 251, col 56 to line 251, col 78 of module twoPhaseSingleShard: 41637
@!@!@ENDMSG 2221 @!@!@
@!@!@STARTMSG 2221:0 @!@!@
  ||||line 252, col 28 to line 252, col 28 of module twoPhaseSingleShard: 41637
@!@!@ENDMSG 2221 @!@!@
@!@!@STARTMSG 2221:0 @!@!@
  |||line 252, col 39 to line 252, col 48 of module twoPhaseSingleShard: 68092
@!@!@ENDMSG 2221 @!@!@
@!@!@STARTMSG 2221:0 @!@!@
  ||line 258, col 7 to line 258, col 21 of module twoPhaseSingleShard: 68092
@!@!@ENDMSG 2221 @!@!@
@!@!@STARTMSG 2221:0 @!@!@
  ||line 657, col 38 to line 657, col 38 of module twoPhaseSingleShard: 68092
@!@!@ENDMSG 2221 @!@!@
@!@!@STARTMSG 2221:0 @!@!@
  ||line 657, col 41 to line 657, col 52 of module twoPhaseSingleShard: 39573
@!@!@ENDMSG 2221 @!@!@
@!@!@STARTMSG 2221:0 @!@!@
  line 660, col 16 to line 662, col 177 of module twoPhaseSingleShard: 32929
@!@!@ENDMSG 2221 @!@!@
@!@!@STARTMSG 2221:0 @!@!@
  |line 660, col 43 to line 662, col 177 of module twoPhaseSingleShard: 35468
@!@!@ENDMSG 2221 @!@!@
@!@!@STARTMSG 2221:0 @!@!@
  ||line 660, col 44 to line 660, col 66 of module twoPhaseSingleShard: 35468
@!@!@ENDMSG 2221 @!@!@
@!@!@STARTMSG 2221:0 @!@!@
  ||line 660, col 75 to line 660, col 130 of module twoPhaseSingleShard: 35468
@!@!@ENDMSG 2221 @!@!@
@!@!@STARTMSG 2221:0 @!@!@
  ||line 661, col 76 to line 661, col 119 of module twoPhaseSingleShard: 35468
@!@!@ENDMSG 2221 @!@!@
@!@!@STARTMSG 2221:0 @!@!@
  ||line 662, col 76 to line 662, col 176 of module twoPhaseSingleShard: 35468
@!@!@ENDMSG 2221 @!@!@
@!@!@STARTMSG 2221:0 @!@!@
  ||line 662, col 98 to line 662, col 176 of module twoPhaseSingleShard: 35468
@!@!@ENDMSG 2221 @!@!@
@!@!@STARTMSG 2221:0 @!@!@
  |||line 662, col 99 to line 662, col 153 of module twoPhaseSingleShard: 35468
@!@!@ENDMSG 2221 @!@!@
@!@!@STARTMSG 2221:0 @!@!@
  ||||line 662, col 103 to line 662, col 153 of module twoPhaseSingleShard: 35468
@!@!@ENDMSG 2221 @!@!@
@!@!@STARTMSG 2221:0 @!@!@
  |||||line 574, col 3 to line 574, col 30 of module twoPhaseSingleShard: 35468
@!@!@ENDMSG 2221 @!@!@
@!@!@STARTMSG 2221:0 @!@!@
  ||||||line 574, col 9 to line 574, col 30 of module twoPhaseSingleShard: 35468
@!@!@ENDMSG 2221 @!@!@
@!@!@STARTMSG 2221:0 @!@!@
  |||||||line 574, col 10 to line 574, col 15 of module twoPhaseSingleShard: 409
@!@!@ENDMSG 2221 @!@!@
@!@!@STARTMSG 2221:0 @!@!@
  |||||||line 574, col 25 to line 574, col 29 of module twoPhaseSingleShard: 35468
@!@!@ENDMSG 2221 @!@!@
@!@!@STARTMSG 2221:0 @!@!@
  |||||line 662, col 111 to line 662, col 124 of module twoPhaseSingleShard: 35468
@!@!@ENDMSG 2221 @!@!@
@!@!@STARTMSG 2221:0 @!@!@
  |||||line 662, col 127 to line 662, col 152 of module twoPhaseSingleShard: 409
@!@!@ENDMSG 2221 @!@!@
@!@!@STARTMSG 2221:0 @!@!@
  |||line 662, col 163 to line 662, col 176 of module twoPhaseSingleShard: 35468
@!@!@ENDMSG 2221 @!@!@
@!@!@STARTMSG 2221:0 @!@!@
  line 663, col 16 to line 663, col 121 of module twoPhaseSingleShard: 32929
@!@!@ENDMSG 2221 @!@!@
@!@!@STARTMSG 2221:0 @!@!@
  |line 663, col 44 to line 663, col 121 of module twoPhaseSingleShard: 35468
@!@!@ENDMSG 2221 @!@!@
@!@!@STARTMSG 2221:0 @!@!@
  line 664, col 16 to line 664, col 28 of module twoPhaseSingleShard: 68397
@!@!@ENDMSG 2221 @!@!@
@!@!@STARTMSG 2221:0 @!@!@
  |line 664, col 17 to line 664, col 28 of module twoPhaseSingleShard: 35468
@!@!@ENDMSG 2221 @!@!@
@!@!@STARTMSG 2221:0 @!@!@
  ||line 590, col 25 to line 590, col 52 of module twoPhaseSingleShard: 35468
@!@!@ENDMSG 2221 @!@!@
@!@!@STARTMSG 2221:0 @!@!@
  |||line 590, col 25 to line 590, col 48 of module twoPhaseSingleShard: 35468
@!@!@ENDMSG 2221 @!@!@
@!@!@STARTMSG 2221:0 @!@!@
  ||||line 590, col 37 to line 590, col 47 of module twoPhaseSingleShard: 35468
@!@!@ENDMSG 2221 @!@!@
@!@!@STARTMSG 2221:0 @!@!@
  |||||line 585, col 24 to line 589, col 20 of module twoPhaseSingleShard: 35468
@!@!@ENDMSG 2221 @!@!@
@!@!@STARTMSG 2221:0 @!@!@
  ||||||line 585, col 52 to line 588, col 50 of module twoPhaseSingleShard: 343518
@!@!@ENDMSG 2221 @!@!@
@!@!@STARTMSG 2221:0 @!@!@
  |||||||line 585, col 52 to line 587, col 55 of module twoPhaseSingleShard: 343518
@!@!@ENDMSG 2221 @!@!@
@!@!@STARTMSG 2221:0 @!@!@
  ||||||||line 585, col 52 to line 586, col 50 of module twoPhaseSingleShard: 343518
@!@!@ENDMSG 2221 @!@!@
@!@!@STARTMSG 2221:0 @!@!@
  |||||||||line 585, col 52 to line 585, col 73 of module twoPhaseSingleShard: 343518
@!@!@ENDMSG 2221 @!@!@
@!@!@STARTMSG 2221:0 @!@!@
  |||||||||line 586, col 42 to line 586, col 50 of module twoPhaseSingleShard: 106008
@!@!@ENDMSG 2221 @!@!@
@!@!@STARTMSG 2221:0 @!@!@
  ||||||||line 587, col 42 to line 587, col 55 of module twoPhaseSingleShard: 62775
@!@!@ENDMSG 2221 @!@!@
@!@!@STARTMSG 2221:0 @!@!@
  |||||||line 588, col 42 to line 588, col 50 of module twoPhaseSingleShard: 38839
@!@!@ENDMSG 2221 @!@!@
@!@!@STARTMSG 2221:0 @!@!@
  ||||||line 585, col 31 to line 585, col 48 of module twoPhaseSingleShard: 35468
@!@!@ENDMSG 2221 @!@!@
@!@!@STARTMSG 2775:0 @!@!@
  |||||||line 58, col 5 to line 58, col 47 of module twoPhaseSingleShard: 35468:378986
@!@!@ENDMSG 2775 @!@!@
@!@!@STARTMSG 2221:0 @!@!@
  ||||||||line 58, col 31 to line 58, col 45 of module twoPhaseSingleShard: 343518
@!@!@ENDMSG 2221 @!@!@
@!@!@STARTMSG 2221:0 @!@!@
  ||||||||line 58, col 13 to line 58, col 27 of module twoPhaseSingleShard: 35468
@!@!@ENDMSG 2221 @!@!@
@!@!@STARTMSG 2221:0 @!@!@
  |||||||line 585, col 44 to line 585, col 47 of module twoPhaseSingleShard: 35468
@!@!@ENDMSG 2221 @!@!@
@!@!@STARTMSG 2221:0 @!@!@
  line 665, col 16 to line 665, col 27 of module twoPhaseSingleShard: 68397
@!@!@ENDMSG 2221 @!@!@
@!@!@STARTMSG 2221:0 @!@!@
  |line 665, col 17 to line 665, col 27 of module twoPhaseSingleShard: 35468
@!@!@ENDMSG 2221 @!@!@
@!@!@STARTMSG 2221:0 @!@!@
  ||line 596, col 24 to line 596, col 44 of module twoPhaseSingleShard: 35468
@!@!@ENDMSG 2221 @!@!@
@!@!@STARTMSG 2221:0 @!@!@
  |||line 596, col 24 to line 596, col 40 of module twoPhaseSingleShard: 35468
@!@!@ENDMSG 2221 @!@!@
@!@!@STARTMSG 2221:0 @!@!@
  ||||line 596, col 36 to line 596, col 39 of module twoPhaseSingleShard: 35468
@!@!@ENDMSG 2221 @!@!@
@!@!@STARTMSG 2221:0 @!@!@
  |||||line 591, col 17 to line 595, col 20 of module twoPhaseSingleShard: 35468
@!@!@ENDMSG 2221 @!@!@
@!@!@STARTMSG 2221:0 @!@!@
  ||||||line 591, col 45 to line 594, col 50 of module twoPhaseSingleShard: 343518
@!@!@ENDMSG 2221 @!@!@
@!@!@STARTMSG 2221:0 @!@!@
  |||||||line 591, col 45 to line 593, col 55 of module twoPhaseSingleShard: 343518
@!@!@ENDMSG 2221 @!@!@
@!@!@STARTMSG 2221:0 @!@!@
  ||||||||line 591, col 45 to line 592, col 50 of module twoPhaseSingleShard: 343518
@!@!@ENDMSG 2221 @!@!@
@!@!@STARTMSG 2221:0 @!@!@
  |||||||||line 591, col 45 to line 591, col 65 of module twoPhaseSingleShard: 343518
@!@!@ENDMSG 2221 @!@!@
@!@!@STARTMSG 2221:0 @!@!@
  |||||||||line 592, col 42 to line 592, col 50 of module twoPhaseSingleShard: 39995
@!@!@ENDMSG 2221 @!@!@
@!@!@STARTMSG 2221:0 @!@!@
  ||||||||line 593, col 42 to line 593, col 55 of module twoPhaseSingleShard: 27725
@!@!@ENDMSG 2221 @!@!@
@!@!@STARTMSG 2221:0 @!@!@
  |||||||line 594, col 42 to line 594, col 50 of module twoPhaseSingleShard: 18413
@!@!@ENDMSG 2221 @!@!@
@!@!@STARTMSG 2221:0 @!@!@
  ||||||line 591, col 24 to line 591, col 41 of module twoPhaseSingleShard: 35468
@!@!@ENDMSG 2221 @!@!@
@!@!@STARTMSG 2775:0 @!@!@
  |||||||line 58, col 5 to line 58, col 47 of module twoPhaseSingleShard: 35468:378986
@!@!@ENDMSG 2775 @!@!@
@!@!@STARTMSG 2221:0 @!@!@
  ||||||||line 58, col 31 to line 58, col 45 of module twoPhaseSingleShard: 343518
@!@!@ENDMSG 2221 @!@!@
@!@!@STARTMSG 2221:0 @!@!@
  ||||||||line 58, col 13 to line 58, col 27 of module twoPhaseSingleShard: 35468
@!@!@ENDMSG 2221 @!@!@
@!@!@STARTMSG 2221:0 @!@!@
  |||||||line 591, col 37 to line 591, col 40 of module twoPhaseSingleShard: 35468
@!@!@ENDMSG 2221 @!@!@
@!@!@STARTMSG 2221:0 @!@!@
  line 72, col 12 to line 72, col 39 of module twoPhaseSingleShard: 32929
@!@!@ENDMSG 2221 @!@!@
@!@!@STARTMSG 2221:0 @!@!@
  line 619, col 18 to line 626, col 17 of module twoPhaseSingleShard: 32929
@!@!@ENDMSG 2221 @!@!@
@!@!@STARTMSG 2221:0 @!@!@
  |line 619, col 19 to line 619, col 34 of module twoPhaseSingleShard: 32929
@!@!@ENDMSG 2221 @!@!@
@!@!@STARTMSG 2221:0 @!@!@
  |line 620, col 20 to line 620, col 33 of module twoPhaseSingleShard: 32929
@!@!@ENDMSG 2221 @!@!@
@!@!@STARTMSG 2221:0 @!@!@
  |line 621, col 20 to line 621, col 28 of module twoPhaseSingleShard: 32929
@!@!@ENDMSG 2221 @!@!@
@!@!@STARTMSG 2221:0 @!@!@
  |line 622, col 20 to line 622, col 28 of module twoPhaseSingleShard: 32929
@!@!@ENDMSG 2221 @!@!@
@!@!@STARTMSG 2221:0 @!@!@
  |line 623, col 20 to line 623, col 40 of module twoPhaseSingleShard: 32929
@!@!@ENDMSG 2221 @!@!@
@!@!@STARTMSG 2221:0 @!@!@
  |line 624, col 20 to line 624, col 38 of module twoPhaseSingleShard: 32929
@!@!@ENDMSG 2221 @!@!@
@!@!@STARTMSG 2221:0 @!@!@
  |line 625, col 36 to line 625, col 53 of module twoPhaseSingleShard: 32929
@!@!@ENDMSG 2221 @!@!@
@!@!@STARTMSG 2221:0 @!@!@
  ||line 616, col 31 to line 616, col 149 of module twoPhaseSingleShard: 32929
@!@!@ENDMSG 2221 @!@!@
@!@!@STARTMSG 2221:0 @!@!@
  |||line 616, col 32 to line 616, col 126 of module twoPhaseSingleShard: 32929
@!@!@ENDMSG 2221 @!@!@
@!@!@STARTMSG 2221:0 @!@!@
  ||||line 616, col 32 to line 616, col 72 of module twoPhaseSingleShard: 32929
@!@!@ENDMSG 2221 @!@!@
@!@!@STARTMSG 2221:0 @!@!@
  ||||line 616, col 76 to line 616, col 126 of module twoPhaseSingleShard: 32929
@!@!@ENDMSG 2221 @!@!@
@!@!@STARTMSG 2221:0 @!@!@
  |||||line 574, col 3 to line 574, col 30 of module twoPhaseSingleShard: 32929
@!@!@ENDMSG 2221 @!@!@
@!@!@STARTMSG 2221:0 @!@!@
  ||||||line 574, col 9 to line 574, col 30 of module twoPhaseSingleShard: 32929
@!@!@ENDMSG 2221 @!@!@
@!@!@STARTMSG 2221:0 @!@!@
  |||||||line 574, col 10 to line 574, col 15 of module twoPhaseSingleShard: 388
@!@!@ENDMSG 2221 @!@!@
@!@!@STARTMSG 2221:0 @!@!@
  |||||||line 574, col 25 to line 574, col 29 of module twoPhaseSingleShard: 32929
@!@!@ENDMSG 2221 @!@!@
@!@!@STARTMSG 2221:0 @!@!@
  |||||line 616, col 84 to line 616, col 97 of module twoPhaseSingleShard: 32929
@!@!@ENDMSG 2221 @!@!@
@!@!@STARTMSG 2221:0 @!@!@
  |||||line 616, col 100 to line 616, col 125 of module twoPhaseSingleShard: 388
@!@!@ENDMSG 2221 @!@!@
@!@!@STARTMSG 2221:0 @!@!@
  |||line 616, col 136 to line 616, col 149 of module twoPhaseSingleShard: 32929
@!@!@ENDMSG 2221 @!@!@
@!@!@STARTMSG 2221:0 @!@!@
  line 667, col 16 to line 667, col 31 of module twoPhaseSingleShard: 32929
@!@!@ENDMSG 2221 @!@!@
@!@!@STARTMSG 2221:0 @!@!@
  line 668, col 16 to line 669, col 90 of module twoPhaseSingleShard: 32929
@!@!@ENDMSG 2221 @!@!@
@!@!@STARTMSG 2221:0 @!@!@
  line 72, col 12 to line 72, col 39 of module twoPhaseSingleShard: 22828
@!@!@ENDMSG 2221 @!@!@
@!@!@STARTMSG 2221:0 @!@!@
  |line 72, col 20 to line 72, col 39 of module twoPhaseSingleShard: 32624
@!@!@ENDMSG 2221 @!@!@
@!@!@STARTMSG 2221:0 @!@!@
  ||line 61, col 5 to line 64, col 28 of module twoPhaseSingleShard: 32624
@!@!@ENDMSG 2221 @!@!@
@!@!@STARTMSG 2221:0 @!@!@
  |||line 61, col 8 to line 61, col 28 of module twoPhaseSingleShard: 32624
@!@!@ENDMSG 2221 @!@!@
@!@!@STARTMSG 2221:0 @!@!@
  |||line 62, col 9 to line 62, col 48 of module twoPhaseSingleShard: 9523
@!@!@ENDMSG 2221 @!@!@
@!@!@STARTMSG 2221:0 @!@!@
  |||line 64, col 9 to line 64, col 28 of module twoPhaseSingleShard: 23101
@!@!@ENDMSG 2221 @!@!@
@!@!@STARTMSG 2221:0 @!@!@
  ||line 72, col 32 to line 72, col 32 of module twoPhaseSingleShard: 32624
@!@!@ENDMSG 2221 @!@!@
@!@!@STARTMSG 2221:0 @!@!@
  ||line 72, col 35 to line 72, col 38 of module twoPhaseSingleShard: 32624
@!@!@ENDMSG 2221 @!@!@
@!@!@STARTMSG 2221:0 @!@!@
  line 619, col 18 to line 626, col 17 of module twoPhaseSingleShard: 32624
@!@!@ENDMSG 2221 @!@!@
@!@!@STARTMSG 2221:0 @!@!@
  |line 619, col 19 to line 619, col 34 of module twoPhaseSingleShard: 32624
@!@!@ENDMSG 2221 @!@!@
@!@!@STARTMSG 2221:0 @!@!@
  |line 620, col 20 to line 620, col 33 of module twoPhaseSingleShard: 32624
@!@!@ENDMSG 2221 @!@!@
@!@!@STARTMSG 2221:0 @!@!@
  |line 621, col 20 to line 621, col 28 of module twoPhaseSingleShard: 32624
@!@!@ENDMSG 2221 @!@!@
@!@!@STARTMSG 2221:0 @!@!@
  |line 622, col 20 to line 622, col 28 of module twoPhaseSingleShard: 32624
@!@!@ENDMSG 2221 @!@!@
@!@!@STARTMSG 2221:0 @!@!@
  |line 623, col 20 to line 623, col 40 of module twoPhaseSingleShard: 32624
@!@!@ENDMSG 2221 @!@!@
@!@!@STARTMSG 2221:0 @!@!@
  |line 624, col 20 to line 624, col 38 of module twoPhaseSingleShard: 32624
@!@!@ENDMSG 2221 @!@!@
@!@!@STARTMSG 2221:0 @!@!@
  |line 625, col 36 to line 625, col 53 of module twoPhaseSingleShard: 32624
@!@!@ENDMSG 2221 @!@!@
@!@!@STARTMSG 2221:0 @!@!@
  ||line 616, col 31 to line 616, col 149 of module twoPhaseSingleShard: 32624
@!@!@ENDMSG 2221 @!@!@
@!@!@STARTMSG 2221:0 @!@!@
  |||line 616, col 32 to line 616, col 126 of module twoPhaseSingleShard: 32624
@!@!@ENDMSG 2221 @!@!@
@!@!@STARTMSG 2221:0 @!@!@
  ||||line 616, col 32 to line 616, col 72 of module twoPhaseSingleShard: 32624
@!@!@ENDMSG 2221 @!@!@
@!@!@STARTMSG 2221:0 @!@!@
  ||||line 616, col 76 to line 616, col 126 of module twoPhaseSingleShard: 32624
@!@!@ENDMSG 2221 @!@!@
@!@!@STARTMSG 2221:0 @!@!@
  |||||line 574, col 3 to line 574, col 30 of module twoPhaseSingleShard: 32624
@!@!@ENDMSG 2221 @!@!@
@!@!@STARTMSG 2221:0 @!@!@
  ||||||line 574, col 9 to line 574, col 30 of module twoPhaseSingleShard: 32624
@!@!@ENDMSG 2221 @!@!@
@!@!@STARTMSG 2221:0 @!@!@
  |||||||line 574, col 10 to line 574, col 15 of module twoPhaseSingleShard: 2749
@!@!@ENDMSG 2221 @!@!@
@!@!@STARTMSG 2221:0 @!@!@
  |||||||line 574, col 25 to line 574, col 29 of module twoPhaseSingleShard: 32624
@!@!@ENDMSG 2221 @!@!@
@!@!@STARTMSG 2221:0 @!@!@
  |||||line 616, col 84 to line 616, col 97 of module twoPhaseSingleShard: 32624
@!@!@ENDMSG 2221 @!@!@
@!@!@STARTMSG 2221:0 @!@!@
  |||||line 616, col 100 to line 616, col 125 of module twoPhaseSingleShard: 2749
@!@!@ENDMSG 2221 @!@!@
@!@!@STARTMSG 2221:0 @!@!@
  |||line 616, col 136 to line 616, col 149 of module twoPhaseSingleShard: 32624
@!@!@ENDMSG 2221 @!@!@
@!@!@STARTMSG 2221:0 @!@!@
  line 673, col 16 to line 673, col 27 of module twoPhaseSingleShard: 55452
@!@!@ENDMSG 2221 @!@!@
@!@!@STARTMSG 2221:0 @!@!@
  |line 673, col 17 to line 673, col 27 of module twoPhaseSingleShard: 32624
@!@!@ENDMSG 2221 @!@!@
@!@!@STARTMSG 2221:0 @!@!@
  ||line 596, col 24 to line 596, col 44 of module twoPhaseSingleShard: 32624
@!@!@ENDMSG 2221 @!@!@
@!@!@STARTMSG 2221:0 @!@!@
  |||line 596, col 24 to line 596, col 40 of module twoPhaseSingleShard: 32624
@!@!@ENDMSG 2221 @!@!@
@!@!@STARTMSG 2221:0 @!@!@
  ||||line 596, col 36 to line 596, col 39 of module twoPhaseSingleShard: 32624
@!@!@ENDMSG 2221 @!@!@
@!@!@STARTMSG 2221:0 @!@!@
  |||||line 591, col 17 to line 595, col 20 of module twoPhaseSingleShard: 32624
@!@!@ENDMSG 2221 @!@!@
@!@!@STARTMSG 2221:0 @!@!@
  ||||||line 591, col 45 to line 594, col 50 of module twoPhaseSingleShard: 316992
@!@!@ENDMSG 2221 @!@!@
@!@!@STARTMSG 2221:0 @!@!@
  |||||||line 591, col 45 to line 593, col 55 of module twoPhaseSingleShard: 316992
@!@!@ENDMSG 2221 @!@!@
@!@!@STARTMSG 2221:0 @!@!@
  ||||||||line 591, col 45 to line 592, col 50 of module twoPhaseSingleShard: 316992
@!@!@ENDMSG 2221 @!@!@
@!@!@STARTMSG 2221:0 @!@!@
  |||||||||line 591, col 45 to line 591, col 65 of module twoPhaseSingleShard: 316992
@!@!@ENDMSG 2221 @!@!@
@!@!@STARTMSG 2221:0 @!@!@
  |||||||||line 592, col 42 to line 592, col 50 of module twoPhaseSingleShard: 49410
@!@!@ENDMSG 2221 @!@!@
@!@!@STARTMSG 2221:0 @!@!@
  ||||||||line 593, col 42 to line 593, col 55 of module twoPhaseSingleShard: 33121
@!@!@ENDMSG 2221 @!@!@
@!@!@STARTMSG 2221:0 @!@!@
  |||||||line 594, col 42 to line 594, col 50 of module twoPhaseSingleShard: 24396
@!@!@ENDMSG 2221 @!@!@
@!@!@STARTMSG 2221:0 @!@!@
  ||||||line 591, col 24 to line 591, col 41 of module twoPhaseSingleShard: 32624
@!@!@ENDMSG 2221 @!@!@
@!@!@STARTMSG 2775:0 @!@!@
  |||||||line 58, col 5 to line 58, col 47 of module twoPhaseSingleShard: 32624:349616
@!@!@ENDMSG 2775 @!@!@
@!@!@STARTMSG 2221:0 @!@!@
  ||||||||line 58, col 31 to line 58, col 45 of module twoPhaseSingleShard: 316992
@!@!@ENDMSG 2221 @!@!@
@!@!@STARTMSG 2221:0 @!@!@
  ||||||||line 58, col 13 to line 58, col 27 of module twoPhaseSingleShard: 32624
@!@!@ENDMSG 2221 @!@!@
@!@!@STARTMSG 2221:0 @!@!@
  |||||||line 591, col 37 to line 591, col 40 of module twoPhaseSingleShard: 32624
@!@!@ENDMSG 2221 @!@!@
@!@!@STARTMSG 2221:0 @!@!@
  line 674, col 16 to line 674, col 31 of module twoPhaseSingleShard: 22828
@!@!@ENDMSG 2221 @!@!@
@!@!@STARTMSG 2221:0 @!@!@
  line 675, col 16 to line 676, col 140 of module twoPhaseSingleShard: 68484
@!@!@ENDMSG 2221 @!@!@
@!@!@STARTMSG 2221:0 @!@!@
  line 678, col 13 to line 678, col 28 of module twoPhaseSingleShard: 2445
@!@!@ENDMSG 2221 @!@!@
@!@!@STARTMSG 2221:0 @!@!@
  |line 678, col 21 to line 678, col 28 of module twoPhaseSingleShard: 3225
@!@!@ENDMSG 2221 @!@!@
@!@!@STARTMSG 2221:0 @!@!@
  line 679, col 14 to line 679, col 190 of module twoPhaseSingleShard: 5670
@!@!@ENDMSG 2221 @!@!@
@!@!@STARTMSG 2221:0 @!@!@
  |line 679, col 15 to line 679, col 190 of module twoPhaseSingleShard: 3225
@!@!@ENDMSG 2221 @!@!@
@!@!@STARTMSG 2221:0 @!@!@
  line 680, col 14 to line 680, col 180 of module twoPhaseSingleShard: 2445
@!@!@ENDMSG 2221 @!@!@
@!@!@STARTMSG 2221:0 @!@!@
  line 681, col 14 to line 681, col 194 of module twoPhaseSingleShard: 2445
@!@!@ENDMSG 2221 @!@!@
@!@!@STARTMSG 2221:0 @!@!@
  line 1210, col 18 to line 1210, col 23 of module twoPhaseSingleShard: 174426
@!@!@ENDMSG 2221 @!@!@
@!@!@STARTMSG 2221:0 @!@!@
  line 1210, col 26 to line 1210, col 26 of module twoPhaseSingleShard: 174426
@!@!@ENDMSG 2221 @!@!@
@!@!@STARTMSG 2221:0 @!@!@
  line 1210, col 29 to line 1210, col 35 of module twoPhaseSingleShard: 174426
@!@!@ENDMSG 2221 @!@!@
@!@!@STARTMSG 2221:0 @!@!@
  line 1210, col 38 to line 1210, col 51 of module twoPhaseSingleShard: 71317
@!@!@ENDMSG 2221 @!@!@
@!@!@STARTMSG 2221:0 @!@!@
  line 1210, col 54 to line 1210, col 67 of module twoPhaseSingleShard: 39573
@!@!@ENDMSG 2221 @!@!@
@!@!@STARTMSG 2221:0 @!@!@
  line 1210, col 70 to line 1210, col 79 of module twoPhaseSingleShard: 171887
@!@!@ENDMSG 2221 @!@!@
@!@!@STARTMSG 2221:0 @!@!@
  line 1210, col 82 to line 1210, col 90 of module twoPhaseSingleShard: 171887
@!@!@ENDMSG 2221 @!@!@
@!@!@STARTMSG 2221:0 @!@!@
  line 1347, col 28 to line 1347, col 28 of module twoPhaseSingleShard: 174426
@!@!@ENDMSG 2221 @!@!@
@!@!@STARTMSG 2221:0 @!@!@
  line 1347, col 30 to line 1347, col 30 of module twoPhaseSingleShard: 784569
@!@!@ENDMSG 2221 @!@!@
@!@!@STARTMSG 2221:0 @!@!@
  line 1348, col 16 to line 1348, col 35 of module twoPhaseSingleShard: 58884
@!@!@ENDMSG 2221 @!@!@
@!@!@STARTMSG 2221:0 @!@!@
  line 1346, col 16 to line 1346, col 20 of module twoPhaseSingleShard: 28064
@!@!@ENDMSG 2221 @!@!@
@!@!@STARTMSG 2221:0 @!@!@
  line 1346, col 29 to line 1346, col 46 of module twoPhaseSingleShard: 28064
@!@!@ENDMSG 2221 @!@!@
@!@!@STARTMSG 2775:0 @!@!@
  |line 58, col 5 to line 58, col 47 of module twoPhaseSingleShard: 28064:289587
@!@!@ENDMSG 2775 @!@!@
@!@!@STARTMSG 2221:0 @!@!@
  ||line 58, col 31 to line 58, col 45 of module twoPhaseSingleShard: 261523
@!@!@ENDMSG 2221 @!@!@
@!@!@STARTMSG 2221:0 @!@!@
  ||line 58, col 13 to line 58, col 27 of module twoPhaseSingleShard: 28064
@!@!@ENDMSG 2221 @!@!@
@!@!@STARTMSG 2221:0 @!@!@
  |line 1346, col 42 to line 1346, col 45 of module twoPhaseSingleShard: 28064
@!@!@ENDMSG 2221 @!@!@
@!@!@STARTMSG 2772:0 @!@!@
<Next line 1345, col 3 to line 1345, col 6 of module twoPhaseSingleShard (1349 7 1351 35)>: 11465:25905
@!@!@ENDMSG 2772 @!@!@
@!@!@STARTMSG 2221:0 @!@!@
  line 1229, col 7 to line 1229, col 25 of module twoPhaseSingleShard: 810447
@!@!@ENDMSG 2221 @!@!@
@!@!@STARTMSG 2221:0 @!@!@
  |line 1229, col 7 to line 1229, col 14 of module twoPhaseSingleShard: 784542
@!@!@ENDMSG 2221 @!@!@
@!@!@STARTMSG 2221:0 @!@!@
  line 1230, col 7 to line 1230, col 39 of module twoPhaseSingleShard: 90039
@!@!@ENDMSG 2221 @!@!@
@!@!@STARTMSG 2221:0 @!@!@
  |line 1230, col 7 to line 1230, col 7 of module twoPhaseSingleShard: 64134
@!@!@ENDMSG 2221 @!@!@
@!@!@STARTMSG 2221:0 @!@!@
  |line 1230, col 13 to line 1230, col 39 of module twoPhaseSingleShard: 64134
@!@!@ENDMSG 2221 @!@!@
@!@!@STARTMSG 2221:0 @!@!@
  line 724, col 6 to line 724, col 49 of module twoPhaseSingleShard: 64134
@!@!@ENDMSG 2221 @!@!@
@!@!@STARTMSG 2221:0 @!@!@
  line 726, col 6 to line 726, col 45 of module twoPhaseSingleShard: 66812
@!@!@ENDMSG 2221 @!@!@
@!@!@STARTMSG 2221:0 @!@!@
  |line 726, col 6 to line 726, col 34 of module twoPhaseSingleShard: 48797
@!@!@ENDMSG 2221 @!@!@
@!@!@STARTMSG 2221:0 @!@!@
  line 727, col 6 to line 727, col 54 of module twoPhaseSingleShard: 66812
@!@!@ENDMSG 2221 @!@!@
@!@!@STARTMSG 2221:0 @!@!@
  |line 727, col 6 to line 727, col 11 of module twoPhaseSingleShard: 48797
@!@!@ENDMSG 2221 @!@!@
@!@!@STARTMSG 2221:0 @!@!@
  |line 727, col 17 to line 727, col 54 of module twoPhaseSingleShard: 48797
@!@!@ENDMSG 2221 @!@!@
@!@!@STARTMSG 2221:0 @!@!@
  line 730, col 6 to line 732, col 195 of module twoPhaseSingleShard: 18015
@!@!@ENDMSG 2221 @!@!@
@!@!@STARTMSG 2221:0 @!@!@
  line 733, col 6 to line 733, col 98 of module twoPhaseSingleShard: 18015
@!@!@ENDMSG 2221 @!@!@
@!@!@STARTMSG 2221:0 @!@!@
  |line 733, col 25 to line 733, col 98 of module twoPhaseSingleShard: 18015
@!@!@ENDMSG 2221 @!@!@
@!@!@STARTMSG 2221:0 @!@!@
  ||line 733, col 26 to line 733, col 40 of module twoPhaseSingleShard: 18015
@!@!@ENDMSG 2221 @!@!@
@!@!@STARTMSG 2221:0 @!@!@
  ||line 733, col 48 to line 733, col 97 of module twoPhaseSingleShard: 18015
@!@!@ENDMSG 2221 @!@!@
@!@!@STARTMSG 2221:0 @!@!@
  ||line 733, col 56 to line 733, col 97 of module twoPhaseSingleShard: 18015
@!@!@ENDMSG 2221 @!@!@
@!@!@STARTMSG 2221:0 @!@!@
  |||line 218, col 3 to line 218, col 33 of module twoPhaseSingleShard: 18015
@!@!@ENDMSG 2221 @!@!@
@!@!@STARTMSG 2221:0 @!@!@
  ||||line 214, col 5 to line 215, col 75 of module twoPhaseSingleShard: 56204
@!@!@ENDMSG 2221 @!@!@
@!@!@STARTMSG 2221:0 @!@!@
  |||||line 214, col 8 to line 214, col 17 of module twoPhaseSingleShard: 56204
@!@!@ENDMSG 2221 @!@!@
@!@!@STARTMSG 2221:0 @!@!@
  |||||line 214, col 24 to line 214, col 24 of module twoPhaseSingleShard: 18015
@!@!@ENDMSG 2221 @!@!@
@!@!@STARTMSG 2221:0 @!@!@
  |||||line 215, col 10 to line 215, col 75 of module twoPhaseSingleShard: 38189
@!@!@ENDMSG 2221 @!@!@
@!@!@STARTMSG 2221:0 @!@!@
  ||||||line 215, col 26 to line 215, col 34 of module twoPhaseSingleShard: 38189
@!@!@ENDMSG 2221 @!@!@
@!@!@STARTMSG 2221:0 @!@!@
  ||||||line 215, col 37 to line 215, col 42 of module twoPhaseSingleShard: 20174
@!@!@ENDMSG 2221 @!@!@
@!@!@STARTMSG 2221:0 @!@!@
  ||||||line 215, col 46 to line 215, col 74 of module twoPhaseSingleShard: 38189
@!@!@ENDMSG 2221 @!@!@
@!@!@STARTMSG 2221:0 @!@!@
  |||||||line 170, col 5 to line 210, col 9 of module twoPhaseSingleShard: 38189
@!@!@ENDMSG 2221 @!@!@
@!@!@STARTMSG 2221:0 @!@!@
  ||||||||line 170, col 8 to line 170, col 44 of module twoPhaseSingleShard: 38189
@!@!@ENDMSG 2221 @!@!@
@!@!@STARTMSG 2221:0 @!@!@
  ||||||||line 172, col 9 to line 208, col 39 of module twoPhaseSingleShard: 38189
@!@!@ENDMSG 2221 @!@!@
@!@!@STARTMSG 2221:0 @!@!@
  |||||||||line 172, col 14 to line 172, col 54 of module twoPhaseSingleShard: 38189
@!@!@ENDMSG 2221 @!@!@
@!@!@STARTMSG 2221:0 @!@!@
  ||||||||||line 172, col 14 to line 172, col 30 of module twoPhaseSingleShard: 38189
@!@!@ENDMSG 2221 @!@!@
@!@!@STARTMSG 2221:0 @!@!@
  ||||||||||line 172, col 35 to line 172, col 54 of module twoPhaseSingleShard: 28102
@!@!@ENDMSG 2221 @!@!@
@!@!@STARTMSG 2221:0 @!@!@
  |||||||||line 172, col 61 to line 172, col 119 of module twoPhaseSingleShard: 20174
@!@!@ENDMSG 2221 @!@!@
@!@!@STARTMSG 2221:0 @!@!@
  |||||||||line 173, col 12 to line 173, col 55 of module twoPhaseSingleShard: 18015
@!@!@ENDMSG 2221 @!@!@
@!@!@STARTMSG 2221:0 @!@!@
  ||||||||||line 173, col 12 to line 173, col 28 of module twoPhaseSingleShard: 18015
@!@!@ENDMSG 2221 @!@!@
@!@!@STARTMSG 2221:0 @!@!@
  ||||||||||line 173, col 33 to line 173, col 55 of module twoPhaseSingleShard: 7928
@!@!@ENDMSG 2221 @!@!@
@!@!@STARTMSG 2221:0 @!@!@
  |||||||||line 180, col 21 to line 180, col 57 of module twoPhaseSingleShard: 49
@!@!@ENDMSG 2221 @!@!@
@!@!@STARTMSG 2775:0 @!@!@
  |||||||||line 177, col 40 to line 177, col 86 of module twoPhaseSingleShard: 49:59
@!@!@ENDMSG 2775 @!@!@
@!@!@STARTMSG 2221:0 @!@!@
  |||||||||line 175, col 21 to line 175, col 129 of module twoPhaseSingleShard: 49
@!@!@ENDMSG 2221 @!@!@
@!@!@STARTMSG 2221:0 @!@!@
  ||||||||||line 175, col 21 to line 175, col 21 of module twoPhaseSingleShard: 49
@!@!@ENDMSG 2221 @!@!@
@!@!@STARTMSG 2221:0 @!@!@
  ||||||||||line 175, col 26 to line 175, col 129 of module twoPhaseSingleShard: 49
@!@!@ENDMSG 2221 @!@!@
@!@!@STARTMSG 2221:0 @!@!@
  |||||||||||line 175, col 27 to line 175, col 128 of module twoPhaseSingleShard: 49
@!@!@ENDMSG 2221 @!@!@
@!@!@STARTMSG 2221:0 @!@!@
  ||||||||||||line 175, col 28 to line 175, col 53 of module twoPhaseSingleShard: 49
@!@!@ENDMSG 2221 @!@!@
@!@!@STARTMSG 2221:0 @!@!@
  ||||||||||||line 175, col 72 to line 175, col 127 of module twoPhaseSingleShard: 49
@!@!@ENDMSG 2221 @!@!@
@!@!@STARTMSG 2221:0 @!@!@
  |||||||||||||line 175, col 73 to line 175, col 115 of module twoPhaseSingleShard: 49
@!@!@ENDMSG 2221 @!@!@
@!@!@STARTMSG 2221:0 @!@!@
  ||||||||||||||line 175, col 90 to line 175, col 115 of module twoPhaseSingleShard: 59
@!@!@ENDMSG 2221 @!@!@
@!@!@STARTMSG 2221:0 @!@!@
  ||||||||||||||line 175, col 86 to line 175, col 86 of module twoPhaseSingleShard: 49
@!@!@ENDMSG 2221 @!@!@
@!@!@STARTMSG 2775:0 @!@!@
  |||||||||line 178, col 43 to line 178, col 92 of module twoPhaseSingleShard: 49:10
@!@!@ENDMSG 2775 @!@!@
@!@!@STARTMSG 2221:0 @!@!@
  |||||||||line 179, col 24 to line 179, col 130 of module twoPhaseSingleShard: 49
@!@!@ENDMSG 2221 @!@!@
@!@!@STARTMSG 2221:0 @!@!@
  ||||||||||line 179, col 26 to line 179, col 97 of module twoPhaseSingleShard: 10
@!@!@ENDMSG 2221 @!@!@
@!@!@STARTMSG 2221:0 @!@!@
  ||||||||||line 179, col 108 to line 179, col 128 of module twoPhaseSingleShard: 49
@!@!@ENDMSG 2221 @!@!@
@!@!@STARTMSG 2221:0 @!@!@
  |||||||||line 182, col 15 to line 184, col 20 of module twoPhaseSingleShard: 7928
@!@!@ENDMSG 2221 @!@!@
@!@!@STARTMSG 2221:0 @!@!@
  ||||||||||line 182, col 18 to line 182, col 72 of module twoPhaseSingleShard: 7928
@!@!@ENDMSG 2221 @!@!@
@!@!@STARTMSG 2221:0 @!@!@
  |||||||||||line 182, col 18 to line 182, col 68 of module twoPhaseSingleShard: 7928
@!@!@ENDMSG 2221 @!@!@
@!@!@STARTMSG 2221:0 @!@!@
  ||||||||||||line 182, col 30 to line 182, col 67 of module twoPhaseSingleShard: 7928
@!@!@ENDMSG 2221 @!@!@
@!@!@STARTMSG 2221:0 @!@!@
  |||||||||||||line 182, col 41 to line 182, col 66 of module twoPhaseSingleShard: 98
@!@!@ENDMSG 2221 @!@!@
@!@!@STARTMSG 2221:0 @!@!@
  |||||||||||||line 182, col 37 to line 182, col 37 of module twoPhaseSingleShard: 7928
@!@!@ENDMSG 2221 @!@!@
@!@!@STARTMSG 2221:0 @!@!@
  ||||||||||line 183, col 20 to line 183, col 21 of module twoPhaseSingleShard: 49
@!@!@ENDMSG 2221 @!@!@
@!@!@STARTMSG 2221:0 @!@!@
  ||||||||||line 184, col 20 to line 184, col 20 of module twoPhaseSingleShard: 7879
@!@!@ENDMSG 2221 @!@!@
@!@!@STARTMSG 2221:0 @!@!@
  |||||||||line 185, col 12 to line 185, col 52 of module twoPhaseSingleShard: 10087
@!@!@ENDMSG 2221 @!@!@
@!@!@STARTMSG 2775:0 @!@!@
  |||||||||line 194, col 9 to line 194, col 30 of module twoPhaseSingleShard: 10087:365
@!@!@ENDMSG 2775 @!@!@
@!@!@STARTMSG 2221:0 @!@!@
  ||||||||||line 194, col 10 to line 194, col 19 of module twoPhaseSingleShard: 20174
@!@!@ENDMSG 2221 @!@!@
@!@!@STARTMSG 2221:0 @!@!@
  |||||||||||line 188, col 17 to line 192, col 26 of module twoPhaseSingleShard: 20174
@!@!@ENDMSG 2221 @!@!@
@!@!@STARTMSG 2221:0 @!@!@
  ||||||||||||line 188, col 20 to line 188, col 45 of module twoPhaseSingleShard: 20174
@!@!@ENDMSG 2221 @!@!@
@!@!@STARTMSG 2221:0 @!@!@
  ||||||||||||line 189, col 25 to line 189, col 96 of module twoPhaseSingleShard: 10087
@!@!@ENDMSG 2221 @!@!@
@!@!@STARTMSG 2221:0 @!@!@
  ||||||||||||line 192, col 26 to line 192, col 26 of module twoPhaseSingleShard: 10087
@!@!@ENDMSG 2221 @!@!@
@!@!@STARTMSG 2221:0 @!@!@
  |||||||||||line 194, col 18 to line 194, col 18 of module twoPhaseSingleShard: 20174
@!@!@ENDMSG 2221 @!@!@
@!@!@STARTMSG 2221:0 @!@!@
  ||||||||||line 194, col 29 to line 194, col 29 of module twoPhaseSingleShard: 10087
@!@!@ENDMSG 2221 @!@!@
@!@!@STARTMSG 2221:0 @!@!@
  |||||||line 215, col 54 to line 215, col 62 of module twoPhaseSingleShard: 38189
@!@!@ENDMSG 2221 @!@!@
@!@!@STARTMSG 2221:0 @!@!@
  |||||||line 215, col 65 to line 215, col 70 of module twoPhaseSingleShard: 38189
@!@!@ENDMSG 2221 @!@!@
@!@!@STARTMSG 2221:0 @!@!@
  |||||||line 215, col 73 to line 215, col 73 of module twoPhaseSingleShard: 38189
@!@!@ENDMSG 2221 @!@!@
@!@!@STARTMSG 2221:0 @!@!@
  ||||line 218, col 19 to line 218, col 21 of module twoPhaseSingleShard: 18015
@!@!@ENDMSG 2221 @!@!@
@!@!@STARTMSG 2221:0 @!@!@
  ||||line 218, col 24 to line 218, col 29 of module twoPhaseSingleShard: 18015
@!@!@ENDMSG 2221 @!@!@
@!@!@STARTMSG 2221:0 @!@!@
  ||||line 218, col 32 to line 218, col 32 of module twoPhaseSingleShard: 18015
@!@!@ENDMSG 2221 @!@!@
@!@!@STARTMSG 2221:0 @!@!@
  |||line 733, col 62 to line 733, col 73 of module twoPhaseSingleShard: 18015
@!@!@ENDMSG 2221 @!@!@
@!@!@STARTMSG 2221:0 @!@!@
  |||line 733, col 76 to line 733, col 76 of module twoPhaseSingleShard: 18015
@!@!@ENDMSG 2221 @!@!@
@!@!@STARTMSG 2221:0 @!@!@
  |||line 733, col 79 to line 733, col 96 of module twoPhaseSingleShard: 18015
@!@!@ENDMSG 2221 @!@!@
@!@!@STARTMSG 2221:0 @!@!@
  line 734, col 6 to line 739, col 37 of module twoPhaseSingleShard: 36030
@!@!@ENDMSG 2221 @!@!@
@!@!@STARTMSG 2221:0 @!@!@
  |line 734, col 7 to line 739, col 37 of module twoPhaseSingleShard: 18015
@!@!@ENDMSG 2221 @!@!@
@!@!@STARTMSG 2221:0 @!@!@
  line 740, col 6 to line 745, col 31 of module twoPhaseSingleShard: 18015
@!@!@ENDMSG 2221 @!@!@
@!@!@STARTMSG 2221:0 @!@!@
  line 747, col 6 to line 747, col 21 of module twoPhaseSingleShard: 18015
@!@!@ENDMSG 2221 @!@!@
@!@!@STARTMSG 2221:0 @!@!@
  line 748, col 6 to line 749, col 63 of module twoPhaseSingleShard: 54045
@!@!@ENDMSG 2221 @!@!@
@!@!@STARTMSG 2221:0 @!@!@
  line 711, col 7 to line 711, col 27 of module twoPhaseSingleShard: 7890
@!@!@ENDMSG 2221 @!@!@
@!@!@STARTMSG 2221:0 @!@!@
  |line 711, col 7 to line 711, col 23 of module twoPhaseSingleShard: 15337
@!@!@ENDMSG 2221 @!@!@
@!@!@STARTMSG 2221:0 @!@!@
  ||line 711, col 19 to line 711, col 22 of module twoPhaseSingleShard: 15337
@!@!@ENDMSG 2221 @!@!@
@!@!@STARTMSG 2221:0 @!@!@
  |||line 704, col 14 to line 708, col 20 of module twoPhaseSingleShard: 15337
@!@!@ENDMSG 2221 @!@!@
@!@!@STARTMSG 2221:0 @!@!@
  ||||line 704, col 42 to line 707, col 50 of module twoPhaseSingleShard: 148454
@!@!@ENDMSG 2221 @!@!@
@!@!@STARTMSG 2221:0 @!@!@
  |||||line 704, col 42 to line 706, col 61 of module twoPhaseSingleShard: 148454
@!@!@ENDMSG 2221 @!@!@
@!@!@STARTMSG 2221:0 @!@!@
  ||||||line 704, col 42 to line 705, col 52 of module twoPhaseSingleShard: 148454
@!@!@ENDMSG 2221 @!@!@
@!@!@STARTMSG 2221:0 @!@!@
  |||||||line 704, col 42 to line 704, col 62 of module twoPhaseSingleShard: 148454
@!@!@ENDMSG 2221 @!@!@
@!@!@STARTMSG 2221:0 @!@!@
  |||||||line 705, col 42 to line 705, col 52 of module twoPhaseSingleShard: 7802
@!@!@ENDMSG 2221 @!@!@
@!@!@STARTMSG 2221:0 @!@!@
  ||||||line 706, col 42 to line 706, col 61 of module twoPhaseSingleShard: 7447
@!@!@ENDMSG 2221 @!@!@
@!@!@STARTMSG 2221:0 @!@!@
  |||||line 707, col 42 to line 707, col 50 of module twoPhaseSingleShard: 7447
@!@!@ENDMSG 2221 @!@!@
@!@!@STARTMSG 2221:0 @!@!@
  ||||line 704, col 21 to line 704, col 38 of module twoPhaseSingleShard: 15337
@!@!@ENDMSG 2221 @!@!@
@!@!@STARTMSG 2775:0 @!@!@
  |||||line 58, col 5 to line 58, col 47 of module twoPhaseSingleShard: 15337:163791
@!@!@ENDMSG 2775 @!@!@
@!@!@STARTMSG 2221:0 @!@!@
  ||||||line 58, col 31 to line 58, col 45 of module twoPhaseSingleShard: 148454
@!@!@ENDMSG 2221 @!@!@
@!@!@STARTMSG 2221:0 @!@!@
  ||||||line 58, col 13 to line 58, col 27 of module twoPhaseSingleShard: 15337
@!@!@ENDMSG 2221 @!@!@
@!@!@STARTMSG 2221:0 @!@!@
  |||||line 704, col 34 to line 704, col 37 of module twoPhaseSingleShard: 15337
@!@!@ENDMSG 2221 @!@!@
@!@!@STARTMSG 2221:0 @!@!@
  line 712, col 7 to line 712, col 156 of module twoPhaseSingleShard: 7890
@!@!@ENDMSG 2221 @!@!@
@!@!@STARTMSG 2221:0 @!@!@
  line 713, col 7 to line 713, col 50 of module twoPhaseSingleShard: 7890
@!@!@ENDMSG 2221 @!@!@
@!@!@STARTMSG 2221:0 @!@!@
  line 751, col 20 to line 751, col 20 of module twoPhaseSingleShard: 15337
@!@!@ENDMSG 2221 @!@!@
@!@!@STARTMSG 2221:0 @!@!@
  line 751, col 23 to line 751, col 31 of module twoPhaseSingleShard: 15337
@!@!@ENDMSG 2221 @!@!@
@!@!@STARTMSG 2221:0 @!@!@
  line 751, col 34 to line 751, col 34 of module twoPhaseSingleShard: 7890
@!@!@ENDMSG 2221 @!@!@
@!@!@STARTMSG 2221:0 @!@!@
  line 751, col 38 to line 751, col 43 of module twoPhaseSingleShard: 15337
@!@!@ENDMSG 2221 @!@!@
@!@!@STARTMSG 2221:0 @!@!@
  line 752, col 8 to line 752, col 23 of module twoPhaseSingleShard: 7890
@!@!@ENDMSG 2221 @!@!@
@!@!@STARTMSG 2221:0 @!@!@
  line 753, col 8 to line 754, col 94 of module twoPhaseSingleShard: 7890
@!@!@ENDMSG 2221 @!@!@
@!@!@STARTMSG 2221:0 @!@!@
  line 1231, col 20 to line 1231, col 20 of module twoPhaseSingleShard: 64134
@!@!@ENDMSG 2221 @!@!@
@!@!@STARTMSG 2221:0 @!@!@
  line 1231, col 23 to line 1231, col 29 of module twoPhaseSingleShard: 56687
@!@!@ENDMSG 2221 @!@!@
@!@!@STARTMSG 2221:0 @!@!@
  line 1231, col 32 to line 1231, col 37 of module twoPhaseSingleShard: 64134
@!@!@ENDMSG 2221 @!@!@
@!@!@STARTMSG 2221:0 @!@!@
  line 1231, col 40 to line 1231, col 53 of module twoPhaseSingleShard: 18015
@!@!@ENDMSG 2221 @!@!@
@!@!@STARTMSG 2221:0 @!@!@
  line 1231, col 56 to line 1231, col 65 of module twoPhaseSingleShard: 18015
@!@!@ENDMSG 2221 @!@!@
@!@!@STARTMSG 2221:0 @!@!@
  line 1231, col 68 to line 1231, col 76 of module twoPhaseSingleShard: 64134
@!@!@ENDMSG 2221 @!@!@
@!@!@STARTMSG 2221:0 @!@!@
  line 1350, col 27 to line 1350, col 27 of module twoPhaseSingleShard: 64134
@!@!@ENDMSG 2221 @!@!@
@!@!@STARTMSG 2221:0 @!@!@
  line 1350, col 29 to line 1350, col 29 of module twoPhaseSingleShard: 784542
@!@!@ENDMSG 2221 @!@!@
@!@!@STARTMSG 2221:0 @!@!@
  line 1351, col 16 to line 1351, col 35 of module twoPhaseSingleShard: 25905
@!@!@ENDMSG 2221 @!@!@
@!@!@STARTMSG 2221:0 @!@!@
  line 1349, col 16 to line 1349, col 20 of module twoPhaseSingleShard: 28062
@!@!@ENDMSG 2221 @!@!@
@!@!@STARTMSG 2221:0 @!@!@
  line 1349, col 29 to line 1349, col 46 of module twoPhaseSingleShard: 28062
@!@!@ENDMSG 2221 @!@!@
@!@!@STARTMSG 2775:0 @!@!@
  |line 58, col 5 to line 58, col 47 of module twoPhaseSingleShard: 28062:289576
@!@!@ENDMSG 2775 @!@!@
@!@!@STARTMSG 2221:0 @!@!@
  ||line 58, col 31 to line 58, col 45 of module twoPhaseSingleShard: 261514
@!@!@ENDMSG 2221 @!@!@
@!@!@STARTMSG 2221:0 @!@!@
  ||line 58, col 13 to line 58, col 27 of module twoPhaseSingleShard: 28062
@!@!@ENDMSG 2221 @!@!@
@!@!@STARTMSG 2221:0 @!@!@
  |line 1349, col 42 to line 1349, col 45 of module twoPhaseSingleShard: 28062
@!@!@ENDMSG 2221 @!@!@
@!@!@STARTMSG 2772:0 @!@!@
<Next line 1345, col 3 to line 1345, col 6 of module twoPhaseSingleShard (1352 7 1354 39)>: 4995:30677
@!@!@ENDMSG 2772 @!@!@
@!@!@STARTMSG 2221:0 @!@!@
  line 1215, col 7 to line 1215, col 27 of module twoPhaseSingleShard: 278318
@!@!@ENDMSG 2221 @!@!@
@!@!@STARTMSG 2221:0 @!@!@
  |line 1215, col 7 to line 1215, col 14 of module twoPhaseSingleShard: 261504
@!@!@ENDMSG 2221 @!@!@
@!@!@STARTMSG 2221:0 @!@!@
  line 1216, col 7 to line 1216, col 45 of module twoPhaseSingleShard: 104417
@!@!@ENDMSG 2221 @!@!@
@!@!@STARTMSG 2221:0 @!@!@
  |line 1216, col 7 to line 1216, col 13 of module twoPhaseSingleShard: 87603
@!@!@ENDMSG 2221 @!@!@
@!@!@STARTMSG 2221:0 @!@!@
  |line 1216, col 19 to line 1216, col 45 of module twoPhaseSingleShard: 87603
@!@!@ENDMSG 2221 @!@!@
@!@!@STARTMSG 2221:0 @!@!@
  line 929, col 8 to line 929, col 47 of module twoPhaseSingleShard: 104417
@!@!@ENDMSG 2221 @!@!@
@!@!@STARTMSG 2221:0 @!@!@
  |line 929, col 8 to line 929, col 36 of module twoPhaseSingleShard: 87603
@!@!@ENDMSG 2221 @!@!@
@!@!@STARTMSG 2221:0 @!@!@
  line 952, col 16 to line 952, col 148 of module twoPhaseSingleShard: 350412
@!@!@ENDMSG 2221 @!@!@
@!@!@STARTMSG 2221:0 @!@!@
  |line 952, col 16 to line 952, col 80 of module twoPhaseSingleShard: 350412
@!@!@ENDMSG 2221 @!@!@
@!@!@STARTMSG 2221:0 @!@!@
  |line 952, col 85 to line 952, col 148 of module twoPhaseSingleShard: 9440
@!@!@ENDMSG 2221 @!@!@
@!@!@STARTMSG 2221:0 @!@!@
  line 954, col 47 to line 954, col 56 of module twoPhaseSingleShard: 1064413
@!@!@ENDMSG 2221 @!@!@
@!@!@STARTMSG 2221:0 @!@!@
  |line 954, col 47 to line 954, col 51 of module twoPhaseSingleShard: 1007627
@!@!@ENDMSG 2221 @!@!@
@!@!@STARTMSG 2221:0 @!@!@
  |line 954, col 55 to line 954, col 56 of module twoPhaseSingleShard: 1007627
@!@!@ENDMSG 2221 @!@!@
@!@!@STARTMSG 2221:0 @!@!@
  line 954, col 40 to line 954, col 43 of module twoPhaseSingleShard: 614142
@!@!@ENDMSG 2221 @!@!@
@!@!@STARTMSG 2775:0 @!@!@
  |line 933, col 21 to line 940, col 51 of module twoPhaseSingleShard: 614142:1621769
@!@!@ENDMSG 2775 @!@!@
@!@!@STARTMSG 2221:0 @!@!@
  ||line 934, col 35 to line 940, col 50 of module twoPhaseSingleShard: 5836332
@!@!@ENDMSG 2221 @!@!@
@!@!@STARTMSG 2221:0 @!@!@
  |||line 934, col 38 to line 934, col 56 of module twoPhaseSingleShard: 5836332
@!@!@ENDMSG 2221 @!@!@
@!@!@STARTMSG 2221:0 @!@!@
  |||line 935, col 38 to line 935, col 46 of module twoPhaseSingleShard: 2035212
@!@!@ENDMSG 2221 @!@!@
@!@!@STARTMSG 2221:0 @!@!@
  |||line 936, col 38 to line 936, col 51 of module twoPhaseSingleShard: 1585977
@!@!@ENDMSG 2221 @!@!@
@!@!@STARTMSG 2221:0 @!@!@
  |||line 937, col 38 to line 937, col 56 of module twoPhaseSingleShard: 1299360
@!@!@ENDMSG 2221 @!@!@
@!@!@STARTMSG 2221:0 @!@!@
  |||line 938, col 38 to line 938, col 58 of module twoPhaseSingleShard: 1299360
@!@!@ENDMSG 2221 @!@!@
@!@!@STARTMSG 2221:0 @!@!@
  |||line 939, col 38 to line 939, col 102 of module twoPhaseSingleShard: 1299360
@!@!@ENDMSG 2221 @!@!@
@!@!@STARTMSG 2221:0 @!@!@
  |||line 940, col 38 to line 940, col 50 of module twoPhaseSingleShard: 1284515
@!@!@ENDMSG 2221 @!@!@
@!@!@STARTMSG 2221:0 @!@!@
  ||line 933, col 28 to line 933, col 45 of module twoPhaseSingleShard: 614142
@!@!@ENDMSG 2221 @!@!@
@!@!@STARTMSG 2775:0 @!@!@
  |||line 58, col 5 to line 58, col 47 of module twoPhaseSingleShard: 614142:6450474
@!@!@ENDMSG 2775 @!@!@
@!@!@STARTMSG 2221:0 @!@!@
  ||||line 58, col 31 to line 58, col 45 of module twoPhaseSingleShard: 5836332
@!@!@ENDMSG 2221 @!@!@
@!@!@STARTMSG 2221:0 @!@!@
  ||||line 58, col 13 to line 58, col 27 of module twoPhaseSingleShard: 614142
@!@!@ENDMSG 2221 @!@!@
@!@!@STARTMSG 2221:0 @!@!@
  |||line 933, col 41 to line 933, col 44 of module twoPhaseSingleShard: 614142
@!@!@ENDMSG 2221 @!@!@
@!@!@STARTMSG 2221:0 @!@!@
  line 954, col 26 to line 954, col 27 of module twoPhaseSingleShard: 344808
@!@!@ENDMSG 2221 @!@!@
@!@!@STARTMSG 2221:0 @!@!@
  line 452, col 10 to line 452, col 110 of module twoPhaseSingleShard: 0
@!@!@ENDMSG 2221 @!@!@
@!@!@STARTMSG 2221:0 @!@!@
  line 453, col 10 to line 453, col 43 of module twoPhaseSingleShard: 0
@!@!@ENDMSG 2221 @!@!@
@!@!@STARTMSG 2221:0 @!@!@
  line 434, col 11 to line 434, col 50 of module twoPhaseSingleShard: 149645
@!@!@ENDMSG 2221 @!@!@
@!@!@STARTMSG 2221:0 @!@!@
  |line 434, col 11 to line 434, col 39 of module twoPhaseSingleShard: 123052
@!@!@ENDMSG 2221 @!@!@
@!@!@STARTMSG 2221:0 @!@!@
  line 435, col 11 to line 442, col 17 of module twoPhaseSingleShard: 149645
@!@!@ENDMSG 2221 @!@!@
@!@!@STARTMSG 2221:0 @!@!@
  |line 435, col 12 to line 442, col 17 of module twoPhaseSingleShard: 123052
@!@!@ENDMSG 2221 @!@!@
@!@!@STARTMSG 2221:0 @!@!@
  line 443, col 10 to line 450, col 17 of module twoPhaseSingleShard: 54558
@!@!@ENDMSG 2221 @!@!@
@!@!@STARTMSG 2221:0 @!@!@
  |line 443, col 11 to line 450, col 17 of module twoPhaseSingleShard: 27965
@!@!@ENDMSG 2221 @!@!@
@!@!@STARTMSG 2221:0 @!@!@
  line 452, col 10 to line 452, col 110 of module twoPhaseSingleShard: 26593
@!@!@ENDMSG 2221 @!@!@
@!@!@STARTMSG 2221:0 @!@!@
  |line 452, col 29 to line 452, col 110 of module twoPhaseSingleShard: 26593
@!@!@ENDMSG 2221 @!@!@
@!@!@STARTMSG 2221:0 @!@!@
  ||line 452, col 30 to line 452, col 44 of module twoPhaseSingleShard: 26593
@!@!@ENDMSG 2221 @!@!@
@!@!@STARTMSG 2221:0 @!@!@
  ||line 452, col 52 to line 452, col 109 of module twoPhaseSingleShard: 26593
@!@!@ENDMSG 2221 @!@!@
@!@!@STARTMSG 2221:0 @!@!@
  ||line 452, col 60 to line 452, col 109 of module twoPhaseSingleShard: 26593
@!@!@ENDMSG 2221 @!@!@
@!@!@STARTMSG 2221:0 @!@!@
  |||line 218, col 3 to line 218, col 33 of module twoPhaseSingleShard: 26593
@!@!@ENDMSG 2221 @!@!@
@!@!@STARTMSG 2221:0 @!@!@
  ||||line 214, col 5 to line 215, col 75 of module twoPhaseSingleShard: 75846
@!@!@ENDMSG 2221 @!@!@
@!@!@STARTMSG 2221:0 @!@!@
  |||||line 214, col 8 to line 214, col 17 of module twoPhaseSingleShard: 75846
@!@!@ENDMSG 2221 @!@!@
@!@!@STARTMSG 2221:0 @!@!@
  |||||line 214, col 24 to line 214, col 24 of module twoPhaseSingleShard: 26593
@!@!@ENDMSG 2221 @!@!@
@!@!@STARTMSG 2221:0 @!@!@
  |||||line 215, col 10 to line 215, col 75 of module twoPhaseSingleShard: 49253
@!@!@ENDMSG 2221 @!@!@
@!@!@STARTMSG 2221:0 @!@!@
  ||||||line 215, col 26 to line 215, col 34 of module twoPhaseSingleShard: 49253
@!@!@ENDMSG 2221 @!@!@
@!@!@STARTMSG 2221:0 @!@!@
  ||||||line 215, col 37 to line 215, col 42 of module twoPhaseSingleShard: 22660
@!@!@ENDMSG 2221 @!@!@
@!@!@STARTMSG 2221:0 @!@!@
  ||||||line 215, col 46 to line 215, col 74 of module twoPhaseSingleShard: 49253
@!@!@ENDMSG 2221 @!@!@
@!@!@STARTMSG 2221:0 @!@!@
  |||||||line 170, col 5 to line 210, col 9 of module twoPhaseSingleShard: 49253
@!@!@ENDMSG 2221 @!@!@
@!@!@STARTMSG 2221:0 @!@!@
  ||||||||line 170, col 8 to line 170, col 44 of module twoPhaseSingleShard: 49253
@!@!@ENDMSG 2221 @!@!@
@!@!@STARTMSG 2221:0 @!@!@
  ||||||||line 172, col 9 to line 208, col 39 of module twoPhaseSingleShard: 49253
@!@!@ENDMSG 2221 @!@!@
@!@!@STARTMSG 2221:0 @!@!@
  |||||||||line 172, col 14 to line 172, col 54 of module twoPhaseSingleShard: 49253
@!@!@ENDMSG 2221 @!@!@
@!@!@STARTMSG 2221:0 @!@!@
  ||||||||||line 172, col 14 to line 172, col 30 of module twoPhaseSingleShard: 49253
@!@!@ENDMSG 2221 @!@!@
@!@!@STARTMSG 2221:0 @!@!@
  ||||||||||line 172, col 35 to line 172, col 54 of module twoPhaseSingleShard: 37923
@!@!@ENDMSG 2221 @!@!@
@!@!@STARTMSG 2221:0 @!@!@
  |||||||||line 172, col 61 to line 172, col 119 of module twoPhaseSingleShard: 22660
@!@!@ENDMSG 2221 @!@!@
@!@!@STARTMSG 2221:0 @!@!@
  |||||||||line 173, col 12 to line 173, col 55 of module twoPhaseSingleShard: 26593
@!@!@ENDMSG 2221 @!@!@
@!@!@STARTMSG 2221:0 @!@!@
  ||||||||||line 173, col 12 to line 173, col 28 of module twoPhaseSingleShard: 26593
@!@!@ENDMSG 2221 @!@!@
@!@!@STARTMSG 2221:0 @!@!@
  ||||||||||line 173, col 33 to line 173, col 55 of module twoPhaseSingleShard: 15263
@!@!@ENDMSG 2221 @!@!@
@!@!@STARTMSG 2221:0 @!@!@
  |||||||||line 180, col 21 to line 180, col 57 of module twoPhaseSingleShard: 502
@!@!@ENDMSG 2221 @!@!@
@!@!@STARTMSG 2775:0 @!@!@
  |||||||||line 177, col 40 to line 177, col 86 of module twoPhaseSingleShard: 502:664
@!@!@ENDMSG 2775 @!@!@
@!@!@STARTMSG 2221:0 @!@!@
  |||||||||line 175, col 21 to line 175, col 129 of module twoPhaseSingleShard: 502
@!@!@ENDMSG 2221 @!@!@
@!@!@STARTMSG 2221:0 @!@!@
  ||||||||||line 175, col 21 to line 175, col 21 of module twoPhaseSingleShard: 502
@!@!@ENDMSG 2221 @!@!@
@!@!@STARTMSG 2221:0 @!@!@
  ||||||||||line 175, col 26 to line 175, col 129 of module twoPhaseSingleShard: 502
@!@!@ENDMSG 2221 @!@!@
@!@!@STARTMSG 2221:0 @!@!@
  |||||||||||line 175, col 27 to line 175, col 128 of module twoPhaseSingleShard: 502
@!@!@ENDMSG 2221 @!@!@
@!@!@STARTMSG 2221:0 @!@!@
  ||||||||||||line 175, col 28 to line 175, col 53 of module twoPhaseSingleShard: 502
@!@!@ENDMSG 2221 @!@!@
@!@!@STARTMSG 2221:0 @!@!@
  ||||||||||||line 175, col 72 to line 175, col 127 of module twoPhaseSingleShard: 502
@!@!@ENDMSG 2221 @!@!@
@!@!@STARTMSG 2221:0 @!@!@
  |||||||||||||line 175, col 73 to line 175, col 115 of module twoPhaseSingleShard: 502
@!@!@ENDMSG 2221 @!@!@
@!@!@STARTMSG 2221:0 @!@!@
  ||||||||||||||line 175, col 90 to line 175, col 115 of module twoPhaseSingleShard: 664
@!@!@ENDMSG 2221 @!@!@
@!@!@STARTMSG 2221:0 @!@!@
  ||||||||||||||line 175, col 86 to line 175, col 86 of module twoPhaseSingleShard: 502
@!@!@ENDMSG 2221 @!@!@
@!@!@STARTMSG 2775:0 @!@!@
  |||||||||line 178, col 43 to line 178, col 92 of module twoPhaseSingleShard: 502:162
@!@!@ENDMSG 2775 @!@!@
@!@!@STARTMSG 2221:0 @!@!@
  |||||||||line 179, col 24 to line 179, col 130 of module twoPhaseSingleShard: 502
@!@!@ENDMSG 2221 @!@!@
@!@!@STARTMSG 2221:0 @!@!@
  ||||||||||line 179, col 26 to line 179, col 97 of module twoPhaseSingleShard: 162
@!@!@ENDMSG 2221 @!@!@
@!@!@STARTMSG 2221:0 @!@!@
  ||||||||||line 179, col 108 to line 179, col 128 of module twoPhaseSingleShard: 502
@!@!@ENDMSG 2221 @!@!@
@!@!@STARTMSG 2221:0 @!@!@
  |||||||||line 182, col 15 to line 184, col 20 of module twoPhaseSingleShard: 15263
@!@!@ENDMSG 2221 @!@!@
@!@!@STARTMSG 2221:0 @!@!@
  ||||||||||line 182, col 18 to line 182, col 72 of module twoPhaseSingleShard: 15263
@!@!@ENDMSG 2221 @!@!@
@!@!@STARTMSG 2221:0 @!@!@
  |||||||||||line 182, col 18 to line 182, col 68 of module twoPhaseSingleShard: 15263
@!@!@ENDMSG 2221 @!@!@
@!@!@STARTMSG 2221:0 @!@!@
  ||||||||||||line 182, col 30 to line 182, col 67 of module twoPhaseSingleShard: 15263
@!@!@ENDMSG 2221 @!@!@
@!@!@STARTMSG 2221:0 @!@!@
  |||||||||||||line 182, col 41 to line 182, col 66 of module twoPhaseSingleShard: 1004
@!@!@ENDMSG 2221 @!@!@
@!@!@STARTMSG 2221:0 @!@!@
  |||||||||||||line 182, col 37 to line 182, col 37 of module twoPhaseSingleShard: 15263
@!@!@ENDMSG 2221 @!@!@
@!@!@STARTMSG 2221:0 @!@!@
  ||||||||||line 183, col 20 to line 183, col 21 of module twoPhaseSingleShard: 502
@!@!@ENDMSG 2221 @!@!@
@!@!@STARTMSG 2221:0 @!@!@
  ||||||||||line 184, col 20 to line 184, col 20 of module twoPhaseSingleShard: 14761
@!@!@ENDMSG 2221 @!@!@
@!@!@STARTMSG 2221:0 @!@!@
  |||||||||line 185, col 12 to line 185, col 52 of module twoPhaseSingleShard: 11330
@!@!@ENDMSG 2221 @!@!@
@!@!@STARTMSG 2775:0 @!@!@
  |||||||||line 194, col 9 to line 194, col 30 of module twoPhaseSingleShard: 11330:886
@!@!@ENDMSG 2775 @!@!@
@!@!@STARTMSG 2221:0 @!@!@
  ||||||||||line 194, col 10 to line 194, col 19 of module twoPhaseSingleShard: 22660
@!@!@ENDMSG 2221 @!@!@
@!@!@STARTMSG 2221:0 @!@!@
  |||||||||||line 188, col 17 to line 192, col 26 of module twoPhaseSingleShard: 22660
@!@!@ENDMSG 2221 @!@!@
@!@!@STARTMSG 2221:0 @!@!@
  ||||||||||||line 188, col 20 to line 188, col 45 of module twoPhaseSingleShard: 22660
@!@!@ENDMSG 2221 @!@!@
@!@!@STARTMSG 2221:0 @!@!@
  ||||||||||||line 189, col 25 to line 189, col 96 of module twoPhaseSingleShard: 11330
@!@!@ENDMSG 2221 @!@!@
@!@!@STARTMSG 2221:0 @!@!@
  ||||||||||||line 192, col 26 to line 192, col 26 of module twoPhaseSingleShard: 11330
@!@!@ENDMSG 2221 @!@!@
@!@!@STARTMSG 2221:0 @!@!@
  |||||||||||line 194, col 18 to line 194, col 18 of module twoPhaseSingleShard: 22660
@!@!@ENDMSG 2221 @!@!@
@!@!@STARTMSG 2221:0 @!@!@
  ||||||||||line 194, col 29 to line 194, col 29 of module twoPhaseSingleShard: 11330
@!@!@ENDMSG 2221 @!@!@
@!@!@STARTMSG 2221:0 @!@!@
  |||||||line 215, col 54 to line 215, col 62 of module twoPhaseSingleShard: 49253
@!@!@ENDMSG 2221 @!@!@
@!@!@STARTMSG 2221:0 @!@!@
  |||||||line 215, col 65 to line 215, col 70 of module twoPhaseSingleShard: 49253
@!@!@ENDMSG 2221 @!@!@
@!@!@STARTMSG 2221:0 @!@!@
  |||||||line 215, col 73 to line 215, col 73 of module twoPhaseSingleShard: 49253
@!@!@ENDMSG 2221 @!@!@
@!@!@STARTMSG 2221:0 @!@!@
  ||||line 218, col 19 to line 218, col 21 of module twoPhaseSingleShard: 26593
@!@!@ENDMSG 2221 @!@!@
@!@!@STARTMSG 2221:0 @!@!@
  ||||line 218, col 24 to line 218, col 29 of module twoPhaseSingleShard: 26593
@!@!@ENDMSG 2221 @!@!@
@!@!@STARTMSG 2221:0 @!@!@
  ||||line 218, col 32 to line 218, col 32 of module twoPhaseSingleShard: 26593
@!@!@ENDMSG 2221 @!@!@
@!@!@STARTMSG 2221:0 @!@!@
  |||line 452, col 66 to line 452, col 85 of module twoPhaseSingleShard: 26593
@!@!@ENDMSG 2221 @!@!@
@!@!@STARTMSG 2221:0 @!@!@
  |||line 452, col 88 to line 452, col 88 of module twoPhaseSingleShard: 26593
@!@!@ENDMSG 2221 @!@!@
@!@!@STARTMSG 2221:0 @!@!@
  |||line 452, col 91 to line 452, col 108 of module twoPhaseSingleShard: 26593
@!@!@ENDMSG 2221 @!@!@
@!@!@STARTMSG 2221:0 @!@!@
  line 453, col 10 to line 453, col 43 of module twoPhaseSingleShard: 26593
@!@!@ENDMSG 2221 @!@!@
@!@!@STARTMSG 2221:0 @!@!@
  line 459, col 9 to line 461, col 195 of module twoPhaseSingleShard: 26593
@!@!@ENDMSG 2221 @!@!@
@!@!@STARTMSG 2221:0 @!@!@
  line 956, col 33 to line 956, col 38 of module twoPhaseSingleShard: 123052
@!@!@ENDMSG 2221 @!@!@
@!@!@STARTMSG 2221:0 @!@!@
  line 956, col 41 to line 956, col 41 of module twoPhaseSingleShard: 123052
@!@!@ENDMSG 2221 @!@!@
@!@!@STARTMSG 2221:0 @!@!@
  line 956, col 44 to line 956, col 53 of module twoPhaseSingleShard: 123052
@!@!@ENDMSG 2221 @!@!@
@!@!@STARTMSG 2221:0 @!@!@
  line 956, col 56 to line 956, col 64 of module twoPhaseSingleShard: 123052
@!@!@ENDMSG 2221 @!@!@
@!@!@STARTMSG 2221:0 @!@!@
  line 957, col 16 to line 957, col 31 of module twoPhaseSingleShard: 26593
@!@!@ENDMSG 2221 @!@!@
@!@!@STARTMSG 2221:0 @!@!@
  line 958, col 16 to line 959, col 103 of module twoPhaseSingleShard: 26593
@!@!@ENDMSG 2221 @!@!@
@!@!@STARTMSG 2221:0 @!@!@
  line 961, col 16 to line 961, col 31 of module twoPhaseSingleShard: 4084
@!@!@ENDMSG 2221 @!@!@
@!@!@STARTMSG 2221:0 @!@!@
  |line 961, col 24 to line 961, col 31 of module twoPhaseSingleShard: 5604
@!@!@ENDMSG 2221 @!@!@
@!@!@STARTMSG 2221:0 @!@!@
  line 963, col 16 to line 963, col 55 of module twoPhaseSingleShard: 9688
@!@!@ENDMSG 2221 @!@!@
@!@!@STARTMSG 2221:0 @!@!@
  |line 963, col 16 to line 963, col 44 of module twoPhaseSingleShard: 5604
@!@!@ENDMSG 2221 @!@!@
@!@!@STARTMSG 2221:0 @!@!@
  line 964, col 16 to line 971, col 24 of module twoPhaseSingleShard: 9688
@!@!@ENDMSG 2221 @!@!@
@!@!@STARTMSG 2221:0 @!@!@
  |line 964, col 17 to line 971, col 24 of module twoPhaseSingleShard: 5604
@!@!@ENDMSG 2221 @!@!@
@!@!@STARTMSG 2221:0 @!@!@
  line 972, col 16 to line 979, col 22 of module twoPhaseSingleShard: 9688
@!@!@ENDMSG 2221 @!@!@
@!@!@STARTMSG 2221:0 @!@!@
  |line 972, col 17 to line 979, col 22 of module twoPhaseSingleShard: 5604
@!@!@ENDMSG 2221 @!@!@
@!@!@STARTMSG 2221:0 @!@!@
  line 982, col 16 to line 982, col 171 of module twoPhaseSingleShard: 8168
@!@!@ENDMSG 2221 @!@!@
@!@!@STARTMSG 2221:0 @!@!@
  |line 982, col 17 to line 982, col 171 of module twoPhaseSingleShard: 4084
@!@!@ENDMSG 2221 @!@!@
@!@!@STARTMSG 2221:0 @!@!@
  line 983, col 16 to line 983, col 53 of module twoPhaseSingleShard: 4084
@!@!@ENDMSG 2221 @!@!@
@!@!@STARTMSG 2221:0 @!@!@
  line 984, col 16 to line 984, col 59 of module twoPhaseSingleShard: 4084
@!@!@ENDMSG 2221 @!@!@
@!@!@STARTMSG 2221:0 @!@!@
  line 986, col 16 to line 986, col 185 of module twoPhaseSingleShard: 4084
@!@!@ENDMSG 2221 @!@!@
@!@!@STARTMSG 2221:0 @!@!@
  line 930, col 18 to line 930, col 34 of module twoPhaseSingleShard: 87603
@!@!@ENDMSG 2221 @!@!@
@!@!@STARTMSG 2775:0 @!@!@
  |line 161, col 24 to line 161, col 108 of module twoPhaseSingleShard: 87603:700824
@!@!@ENDMSG 2775 @!@!@
@!@!@STARTMSG 2221:0 @!@!@
  ||line 161, col 47 to line 161, col 107 of module twoPhaseSingleShard: 700824
@!@!@ENDMSG 2221 @!@!@
@!@!@STARTMSG 2775:0 @!@!@
  ||line 161, col 31 to line 161, col 43 of module twoPhaseSingleShard: 87603:1120626
@!@!@ENDMSG 2775 @!@!@
@!@!@STARTMSG 2221:0 @!@!@
  |line 930, col 25 to line 930, col 33 of module twoPhaseSingleShard: 87603
@!@!@ENDMSG 2221 @!@!@
@!@!@STARTMSG 2221:0 @!@!@
  line 1217, col 26 to line 1217, col 31 of module twoPhaseSingleShard: 87603
@!@!@ENDMSG 2221 @!@!@
@!@!@STARTMSG 2221:0 @!@!@
  line 1217, col 34 to line 1217, col 40 of module twoPhaseSingleShard: 87603
@!@!@ENDMSG 2221 @!@!@
@!@!@STARTMSG 2221:0 @!@!@
  line 1217, col 43 to line 1217, col 45 of module twoPhaseSingleShard: 87603
@!@!@ENDMSG 2221 @!@!@
@!@!@STARTMSG 2221:0 @!@!@
  line 1353, col 29 to line 1353, col 29 of module twoPhaseSingleShard: 261504
@!@!@ENDMSG 2221 @!@!@
@!@!@STARTMSG 2221:0 @!@!@
  line 1354, col 16 to line 1354, col 39 of module twoPhaseSingleShard: 30677
@!@!@ENDMSG 2221 @!@!@
@!@!@STARTMSG 2221:0 @!@!@
  line 1352, col 16 to line 1352, col 33 of module twoPhaseSingleShard: 28061
@!@!@ENDMSG 2221 @!@!@
@!@!@STARTMSG 2775:0 @!@!@
  |line 58, col 5 to line 58, col 47 of module twoPhaseSingleShard: 28061:289565
@!@!@ENDMSG 2775 @!@!@
@!@!@STARTMSG 2221:0 @!@!@
  ||line 58, col 31 to line 58, col 45 of module twoPhaseSingleShard: 261504
@!@!@ENDMSG 2221 @!@!@
@!@!@STARTMSG 2221:0 @!@!@
  ||line 58, col 13 to line 58, col 27 of module twoPhaseSingleShard: 28061
@!@!@ENDMSG 2221 @!@!@
@!@!@STARTMSG 2221:0 @!@!@
  |line 1352, col 29 to line 1352, col 32 of module twoPhaseSingleShard: 28061
@!@!@ENDMSG 2221 @!@!@
@!@!@STARTMSG 2772:0 @!@!@
<Next line 1345, col 3 to line 1345, col 6 of module twoPhaseSingleShard (1355 7 1357 39)>: 494:1326
@!@!@ENDMSG 2772 @!@!@
@!@!@STARTMSG 2221:0 @!@!@
  line 1221, col 7 to line 1221, col 26 of module twoPhaseSingleShard: 262819
@!@!@ENDMSG 2221 @!@!@
@!@!@STARTMSG 2221:0 @!@!@
  |line 1221, col 7 to line 1221, col 14 of module twoPhaseSingleShard: 261493
@!@!@ENDMSG 2221 @!@!@
@!@!@STARTMSG 2221:0 @!@!@
  line 1222, col 7 to line 1222, col 45 of module twoPhaseSingleShard: 29151
@!@!@ENDMSG 2221 @!@!@
@!@!@STARTMSG 2221:0 @!@!@
  |line 1222, col 7 to line 1222, col 13 of module twoPhaseSingleShard: 27825
@!@!@ENDMSG 2221 @!@!@
@!@!@STARTMSG 2221:0 @!@!@
  |line 1222, col 19 to line 1222, col 45 of module twoPhaseSingleShard: 27825
@!@!@ENDMSG 2221 @!@!@
@!@!@STARTMSG 2221:0 @!@!@
  line 998, col 8 to line 998, col 47 of module twoPhaseSingleShard: 29151
@!@!@ENDMSG 2221 @!@!@
@!@!@STARTMSG 2221:0 @!@!@
  |line 998, col 8 to line 998, col 36 of module twoPhaseSingleShard: 27825
@!@!@ENDMSG 2221 @!@!@
@!@!@STARTMSG 2221:0 @!@!@
  line 1011, col 47 to line 1011, col 56 of module twoPhaseSingleShard: 194227
@!@!@ENDMSG 2221 @!@!@
@!@!@STARTMSG 2221:0 @!@!@
  |line 1011, col 47 to line 1011, col 51 of module twoPhaseSingleShard: 191575
@!@!@ENDMSG 2221 @!@!@
@!@!@STARTMSG 2221:0 @!@!@
  |line 1011, col 55 to line 1011, col 56 of module twoPhaseSingleShard: 191575
@!@!@ENDMSG 2221 @!@!@
@!@!@STARTMSG 2221:0 @!@!@
  line 1011, col 40 to line 1011, col 43 of module twoPhaseSingleShard: 169220
@!@!@ENDMSG 2221 @!@!@
@!@!@STARTMSG 2775:0 @!@!@
  |line 1002, col 21 to line 1008, col 51 of module twoPhaseSingleShard: 169220:360795
@!@!@ENDMSG 2775 @!@!@
@!@!@STARTMSG 2221:0 @!@!@
  ||line 1003, col 35 to line 1008, col 50 of module twoPhaseSingleShard: 1713633
@!@!@ENDMSG 2221 @!@!@
@!@!@STARTMSG 2221:0 @!@!@
  |||line 1003, col 38 to line 1003, col 55 of module twoPhaseSingleShard: 1713633
@!@!@ENDMSG 2221 @!@!@
@!@!@STARTMSG 2221:0 @!@!@
  |||line 1004, col 38 to line 1004, col 46 of module twoPhaseSingleShard: 332661
@!@!@ENDMSG 2221 @!@!@
@!@!@STARTMSG 2221:0 @!@!@
  |||line 1005, col 38 to line 1005, col 51 of module twoPhaseSingleShard: 285288
@!@!@ENDMSG 2221 @!@!@
@!@!@STARTMSG 2221:0 @!@!@
  |||line 1006, col 38 to line 1006, col 56 of module twoPhaseSingleShard: 239984
@!@!@ENDMSG 2221 @!@!@
@!@!@STARTMSG 2221:0 @!@!@
  |||line 1007, col 38 to line 1007, col 58 of module twoPhaseSingleShard: 239984
@!@!@ENDMSG 2221 @!@!@
@!@!@STARTMSG 2221:0 @!@!@
  |||line 1008, col 38 to line 1008, col 50 of module twoPhaseSingleShard: 239984
@!@!@ENDMSG 2221 @!@!@
@!@!@STARTMSG 2221:0 @!@!@
  ||line 1002, col 28 to line 1002, col 45 of module twoPhaseSingleShard: 169220
@!@!@ENDMSG 2221 @!@!@
@!@!@STARTMSG 2775:0 @!@!@
  |||line 58, col 5 to line 58, col 47 of module twoPhaseSingleShard: 169220:1882853
@!@!@ENDMSG 2775 @!@!@
@!@!@STARTMSG 2221:0 @!@!@
  ||||line 58, col 31 to line 58, col 45 of module twoPhaseSingleShard: 1713633
@!@!@ENDMSG 2221 @!@!@
@!@!@STARTMSG 2221:0 @!@!@
  ||||line 58, col 13 to line 58, col 27 of module twoPhaseSingleShard: 169220
@!@!@ENDMSG 2221 @!@!@
@!@!@STARTMSG 2221:0 @!@!@
  |||line 1002, col 41 to line 1002, col 44 of module twoPhaseSingleShard: 169220
@!@!@ENDMSG 2221 @!@!@
@!@!@STARTMSG 2221:0 @!@!@
  line 1011, col 26 to line 1011, col 27 of module twoPhaseSingleShard: 111300
@!@!@ENDMSG 2221 @!@!@
@!@!@STARTMSG 2221:0 @!@!@
  line 546, col 10 to line 546, col 49 of module twoPhaseSingleShard: 12000
@!@!@ENDMSG 2221 @!@!@
@!@!@STARTMSG 2221:0 @!@!@
  |line 546, col 10 to line 546, col 38 of module twoPhaseSingleShard: 10674
@!@!@ENDMSG 2221 @!@!@
@!@!@STARTMSG 2221:0 @!@!@
  line 547, col 10 to line 554, col 18 of module twoPhaseSingleShard: 12000
@!@!@ENDMSG 2221 @!@!@
@!@!@STARTMSG 2221:0 @!@!@
  |line 547, col 11 to line 554, col 18 of module twoPhaseSingleShard: 10674
@!@!@ENDMSG 2221 @!@!@
@!@!@STARTMSG 2221:0 @!@!@
  line 555, col 10 to line 562, col 9 of module twoPhaseSingleShard: 1326
@!@!@ENDMSG 2221 @!@!@
@!@!@STARTMSG 2221:0 @!@!@
  line 1013, col 32 to line 1013, col 37 of module twoPhaseSingleShard: 10674
@!@!@ENDMSG 2221 @!@!@
@!@!@STARTMSG 2221:0 @!@!@
  line 1013, col 40 to line 1013, col 40 of module twoPhaseSingleShard: 10674
@!@!@ENDMSG 2221 @!@!@
@!@!@STARTMSG 2221:0 @!@!@
  line 1013, col 43 to line 1013, col 52 of module twoPhaseSingleShard: 10674
@!@!@ENDMSG 2221 @!@!@
@!@!@STARTMSG 2221:0 @!@!@
  line 1013, col 55 to line 1013, col 63 of module twoPhaseSingleShard: 10674
@!@!@ENDMSG 2221 @!@!@
@!@!@STARTMSG 2221:0 @!@!@
  line 1014, col 16 to line 1014, col 31 of module twoPhaseSingleShard: 1326
@!@!@ENDMSG 2221 @!@!@
@!@!@STARTMSG 2221:0 @!@!@
  line 1015, col 9 to line 1016, col 136 of module twoPhaseSingleShard: 3978
@!@!@ENDMSG 2221 @!@!@
@!@!@STARTMSG 2221:0 @!@!@
  line 999, col 18 to line 999, col 34 of module twoPhaseSingleShard: 27825
@!@!@ENDMSG 2221 @!@!@
@!@!@STARTMSG 2775:0 @!@!@
  |line 161, col 24 to line 161, col 108 of module twoPhaseSingleShard: 27825:222600
@!@!@ENDMSG 2775 @!@!@
@!@!@STARTMSG 2221:0 @!@!@
  ||line 161, col 47 to line 161, col 107 of module twoPhaseSingleShard: 222600
@!@!@ENDMSG 2221 @!@!@
@!@!@STARTMSG 2775:0 @!@!@
  ||line 161, col 31 to line 161, col 43 of module twoPhaseSingleShard: 27825:361725
@!@!@ENDMSG 2775 @!@!@
@!@!@STARTMSG 2221:0 @!@!@
  |line 999, col 25 to line 999, col 33 of module twoPhaseSingleShard: 27825
@!@!@ENDMSG 2221 @!@!@
@!@!@STARTMSG 2221:0 @!@!@
  line 1223, col 25 to line 1223, col 30 of module twoPhaseSingleShard: 27825
@!@!@ENDMSG 2221 @!@!@
@!@!@STARTMSG 2221:0 @!@!@
  line 1223, col 33 to line 1223, col 39 of module twoPhaseSingleShard: 27825
@!@!@ENDMSG 2221 @!@!@
@!@!@STARTMSG 2221:0 @!@!@
  line 1223, col 42 to line 1223, col 44 of module twoPhaseSingleShard: 27825
@!@!@ENDMSG 2221 @!@!@
@!@!@STARTMSG 2221:0 @!@!@
  line 1356, col 28 to line 1356, col 28 of module twoPhaseSingleShard: 261493
@!@!@ENDMSG 2221 @!@!@
@!@!@STARTMSG 2221:0 @!@!@
  line 1357, col 16 to line 1357, col 39 of module twoPhaseSingleShard: 1326
@!@!@ENDMSG 2221 @!@!@
@!@!@STARTMSG 2221:0 @!@!@
  line 1355, col 16 to line 1355, col 33 of module twoPhaseSingleShard: 28059
@!@!@ENDMSG 2221 @!@!@
@!@!@STARTMSG 2775:0 @!@!@
  |line 58, col 5 to line 58, col 47 of module twoPhaseSingleShard: 28059:289552
@!@!@ENDMSG 2775 @!@!@
@!@!@STARTMSG 2221:0 @!@!@
  ||line 58, col 31 to line 58, col 45 of module twoPhaseSingleShard: 261493
@!@!@ENDMSG 2221 @!@!@
@!@!@STARTMSG 2221:0 @!@!@
  ||line 58, col 13 to line 58, col 27 of module twoPhaseSingleShard: 28059
@!@!@ENDMSG 2221 @!@!@
@!@!@STARTMSG 2221:0 @!@!@
  |line 1355, col 29 to line 1355, col 32 of module twoPhaseSingleShard: 28059
@!@!@ENDMSG 2221 @!@!@
@!@!@STARTMSG 2772:0 @!@!@
<Next line 1345, col 3 to line 1345, col 6 of module twoPhaseSingleShard (1358 7 1360 35)>: 4045:5960
@!@!@ENDMSG 2772 @!@!@
@!@!@STARTMSG 2221:0 @!@!@
  line 1235, col 6 to line 1235, col 23 of module twoPhaseSingleShard: 790439
@!@!@ENDMSG 2221 @!@!@
@!@!@STARTMSG 2221:0 @!@!@
  |line 1235, col 6 to line 1235, col 13 of module twoPhaseSingleShard: 784479
@!@!@ENDMSG 2221 @!@!@
@!@!@STARTMSG 2221:0 @!@!@
  line 1236, col 6 to line 1236, col 38 of module twoPhaseSingleShard: 51803
@!@!@ENDMSG 2221 @!@!@
@!@!@STARTMSG 2221:0 @!@!@
  |line 1236, col 6 to line 1236, col 6 of module twoPhaseSingleShard: 45843
@!@!@ENDMSG 2221 @!@!@
@!@!@STARTMSG 2221:0 @!@!@
  |line 1236, col 12 to line 1236, col 38 of module twoPhaseSingleShard: 45843
@!@!@ENDMSG 2221 @!@!@
@!@!@STARTMSG 2221:0 @!@!@
  line 688, col 7 to line 688, col 46 of module twoPhaseSingleShard: 51803
@!@!@ENDMSG 2221 @!@!@
@!@!@STARTMSG 2221:0 @!@!@
  |line 688, col 7 to line 688, col 35 of module twoPhaseSingleShard: 45843
@!@!@ENDMSG 2221 @!@!@
@!@!@STARTMSG 2221:0 @!@!@
  line 689, col 7 to line 689, col 55 of module twoPhaseSingleShard: 51803
@!@!@ENDMSG 2221 @!@!@
@!@!@STARTMSG 2221:0 @!@!@
  |line 689, col 7 to line 689, col 12 of module twoPhaseSingleShard: 45843
@!@!@ENDMSG 2221 @!@!@
@!@!@STARTMSG 2221:0 @!@!@
  |line 689, col 18 to line 689, col 55 of module twoPhaseSingleShard: 45843
@!@!@ENDMSG 2221 @!@!@
@!@!@STARTMSG 2221:0 @!@!@
  line 690, col 8 to line 690, col 58 of module twoPhaseSingleShard: 11943
@!@!@ENDMSG 2221 @!@!@
@!@!@STARTMSG 2221:0 @!@!@
  |line 690, col 10 to line 690, col 57 of module twoPhaseSingleShard: 5983
@!@!@ENDMSG 2221 @!@!@
@!@!@STARTMSG 2221:0 @!@!@
  line 691, col 7 to line 692, col 140 of module twoPhaseSingleShard: 5960
@!@!@ENDMSG 2221 @!@!@
@!@!@STARTMSG 2221:0 @!@!@
  line 693, col 7 to line 693, col 22 of module twoPhaseSingleShard: 5960
@!@!@ENDMSG 2221 @!@!@
@!@!@STARTMSG 2221:0 @!@!@
  line 695, col 7 to line 696, col 64 of module twoPhaseSingleShard: 5960
@!@!@ENDMSG 2221 @!@!@
@!@!@STARTMSG 2221:0 @!@!@
  line 1237, col 18 to line 1237, col 18 of module twoPhaseSingleShard: 45843
@!@!@ENDMSG 2221 @!@!@
@!@!@STARTMSG 2221:0 @!@!@
  line 1237, col 21 to line 1237, col 27 of module twoPhaseSingleShard: 45843
@!@!@ENDMSG 2221 @!@!@
@!@!@STARTMSG 2221:0 @!@!@
  line 1237, col 30 to line 1237, col 35 of module twoPhaseSingleShard: 45843
@!@!@ENDMSG 2221 @!@!@
@!@!@STARTMSG 2221:0 @!@!@
  line 1237, col 54 to line 1237, col 62 of module twoPhaseSingleShard: 45843
@!@!@ENDMSG 2221 @!@!@
@!@!@STARTMSG 2221:0 @!@!@
  line 1359, col 26 to line 1359, col 26 of module twoPhaseSingleShard: 45843
@!@!@ENDMSG 2221 @!@!@
@!@!@STARTMSG 2221:0 @!@!@
  line 1359, col 28 to line 1359, col 28 of module twoPhaseSingleShard: 784479
@!@!@ENDMSG 2221 @!@!@
@!@!@STARTMSG 2221:0 @!@!@
  line 1360, col 16 to line 1360, col 35 of module twoPhaseSingleShard: 5960
@!@!@ENDMSG 2221 @!@!@
@!@!@STARTMSG 2221:0 @!@!@
  line 1358, col 16 to line 1358, col 20 of module twoPhaseSingleShard: 28059
@!@!@ENDMSG 2221 @!@!@
@!@!@STARTMSG 2221:0 @!@!@
  line 1358, col 29 to line 1358, col 46 of module twoPhaseSingleShard: 28059
@!@!@ENDMSG 2221 @!@!@
@!@!@STARTMSG 2775:0 @!@!@
  |line 58, col 5 to line 58, col 47 of module twoPhaseSingleShard: 28059:289552
@!@!@ENDMSG 2775 @!@!@
@!@!@STARTMSG 2221:0 @!@!@
  ||line 58, col 31 to line 58, col 45 of module twoPhaseSingleShard: 261493
@!@!@ENDMSG 2221 @!@!@
@!@!@STARTMSG 2221:0 @!@!@
  ||line 58, col 13 to line 58, col 27 of module twoPhaseSingleShard: 28059
@!@!@ENDMSG 2221 @!@!@
@!@!@STARTMSG 2221:0 @!@!@
  |line 1358, col 42 to line 1358, col 45 of module twoPhaseSingleShard: 28059
@!@!@ENDMSG 2221 @!@!@
@!@!@STARTMSG 2772:0 @!@!@
<Next line 1345, col 3 to line 1345, col 6 of module twoPhaseSingleShard (1362 13 1363 35)>: 116:17169
@!@!@ENDMSG 2772 @!@!@
@!@!@STARTMSG 2221:0 @!@!@
  line 1244, col 8 to line 1244, col 35 of module twoPhaseSingleShard: 17169
@!@!@ENDMSG 2221 @!@!@
@!@!@STARTMSG 2221:0 @!@!@
  |line 1244, col 8 to line 1244, col 31 of module twoPhaseSingleShard: 84174
@!@!@ENDMSG 2221 @!@!@
@!@!@STARTMSG 2221:0 @!@!@
  line 1245, col 8 to line 1245, col 82 of module twoPhaseSingleShard: 34338
@!@!@ENDMSG 2221 @!@!@
@!@!@STARTMSG 2221:0 @!@!@
  |line 1245, col 8 to line 1245, col 8 of module twoPhaseSingleShard: 17169
@!@!@ENDMSG 2221 @!@!@
@!@!@STARTMSG 2221:0 @!@!@
  |line 1245, col 14 to line 1245, col 82 of module twoPhaseSingleShard: 17169
@!@!@ENDMSG 2221 @!@!@
@!@!@STARTMSG 2221:0 @!@!@
  line 1246, col 8 to line 1246, col 66 of module twoPhaseSingleShard: 17169
@!@!@ENDMSG 2221 @!@!@
@!@!@STARTMSG 2221:0 @!@!@
  line 1247, col 8 to line 1247, col 96 of module twoPhaseSingleShard: 17169
@!@!@ENDMSG 2221 @!@!@
@!@!@STARTMSG 2221:0 @!@!@
  line 1248, col 8 to line 1248, col 55 of module twoPhaseSingleShard: 17169
@!@!@ENDMSG 2221 @!@!@
@!@!@STARTMSG 2221:0 @!@!@
  line 1249, col 8 to line 1250, col 67 of module twoPhaseSingleShard: 17169
@!@!@ENDMSG 2221 @!@!@
@!@!@STARTMSG 2221:0 @!@!@
  line 1362, col 30 to line 1362, col 30 of module twoPhaseSingleShard: 17169
@!@!@ENDMSG 2221 @!@!@
@!@!@STARTMSG 2221:0 @!@!@
  line 1363, col 16 to line 1363, col 35 of module twoPhaseSingleShard: 17169
@!@!@ENDMSG 2221 @!@!@
@!@!@STARTMSG 2772:0 @!@!@
<Next line 1345, col 3 to line 1345, col 6 of module twoPhaseSingleShard (1365 13 1366 35)>: 9829:18662
@!@!@ENDMSG 2772 @!@!@
@!@!@STARTMSG 2221:0 @!@!@
  line 1259, col 12 to line 1259, col 37 of module twoPhaseSingleShard: 18461
@!@!@ENDMSG 2221 @!@!@
@!@!@STARTMSG 2221:0 @!@!@
  |line 1259, col 12 to line 1259, col 33 of module twoPhaseSingleShard: 84166
@!@!@ENDMSG 2221 @!@!@
@!@!@STARTMSG 2221:0 @!@!@
  line 360, col 12 to line 360, col 55 of module twoPhaseSingleShard: 18461
@!@!@ENDMSG 2221 @!@!@
@!@!@STARTMSG 2221:0 @!@!@
  line 72, col 12 to line 72, col 39 of module twoPhaseSingleShard: 0
@!@!@ENDMSG 2221 @!@!@
@!@!@STARTMSG 2221:0 @!@!@
  line 385, col 16 to line 385, col 55 of module twoPhaseSingleShard: 30524
@!@!@ENDMSG 2221 @!@!@
@!@!@STARTMSG 2221:0 @!@!@
  |line 385, col 17 to line 385, col 55 of module twoPhaseSingleShard: 18461
@!@!@ENDMSG 2221 @!@!@
@!@!@STARTMSG 2221:0 @!@!@
  ||line 253, col 26 to line 253, col 73 of module twoPhaseSingleShard: 18461
@!@!@ENDMSG 2221 @!@!@
@!@!@STARTMSG 2221:0 @!@!@
  |||line 253, col 51 to line 253, col 73 of module twoPhaseSingleShard: 9406
@!@!@ENDMSG 2221 @!@!@
@!@!@STARTMSG 2221:0 @!@!@
  |||line 253, col 35 to line 253, col 47 of module twoPhaseSingleShard: 18461
@!@!@ENDMSG 2221 @!@!@
@!@!@STARTMSG 2221:0 @!@!@
  ||line 249, col 22 to line 249, col 82 of module twoPhaseSingleShard: 9406
@!@!@ENDMSG 2221 @!@!@
@!@!@STARTMSG 2221:0 @!@!@
  |||line 249, col 23 to line 249, col 51 of module twoPhaseSingleShard: 13738
@!@!@ENDMSG 2221 @!@!@
@!@!@STARTMSG 2221:0 @!@!@
  |||line 249, col 62 to line 249, col 81 of module twoPhaseSingleShard: 9406
@!@!@ENDMSG 2221 @!@!@
@!@!@STARTMSG 2221:0 @!@!@
  ||line 250, col 21 to line 250, col 58 of module twoPhaseSingleShard: 18461
@!@!@ENDMSG 2221 @!@!@
@!@!@STARTMSG 2775:0 @!@!@
  ||line 252, col 24 to line 252, col 50 of module twoPhaseSingleShard: 18461:27867
@!@!@ENDMSG 2775 @!@!@
@!@!@STARTMSG 2221:0 @!@!@
  |||line 252, col 26 to line 252, col 29 of module twoPhaseSingleShard: 9607
@!@!@ENDMSG 2221 @!@!@
@!@!@STARTMSG 2221:0 @!@!@
  ||||line 251, col 15 to line 251, col 79 of module twoPhaseSingleShard: 9607
@!@!@ENDMSG 2221 @!@!@
@!@!@STARTMSG 2221:0 @!@!@
  |||||line 251, col 16 to line 251, col 46 of module twoPhaseSingleShard: 18071
@!@!@ENDMSG 2221 @!@!@
@!@!@STARTMSG 2221:0 @!@!@
  |||||line 251, col 56 to line 251, col 78 of module twoPhaseSingleShard: 9607
@!@!@ENDMSG 2221 @!@!@
@!@!@STARTMSG 2221:0 @!@!@
  ||||line 252, col 28 to line 252, col 28 of module twoPhaseSingleShard: 9607
@!@!@ENDMSG 2221 @!@!@
@!@!@STARTMSG 2221:0 @!@!@
  |||line 252, col 39 to line 252, col 48 of module twoPhaseSingleShard: 18461
@!@!@ENDMSG 2221 @!@!@
@!@!@STARTMSG 2221:0 @!@!@
  ||line 258, col 7 to line 258, col 21 of module twoPhaseSingleShard: 18461
@!@!@ENDMSG 2221 @!@!@
@!@!@STARTMSG 2221:0 @!@!@
  ||line 385, col 40 to line 385, col 40 of module twoPhaseSingleShard: 18461
@!@!@ENDMSG 2221 @!@!@
@!@!@STARTMSG 2221:0 @!@!@
  ||line 385, col 43 to line 385, col 54 of module twoPhaseSingleShard: 9406
@!@!@ENDMSG 2221 @!@!@
@!@!@STARTMSG 2221:0 @!@!@
  line 386, col 16 to line 386, col 41 of module twoPhaseSingleShard: 12063
@!@!@ENDMSG 2221 @!@!@
@!@!@STARTMSG 2221:0 @!@!@
  line 387, col 16 to line 387, col 150 of module twoPhaseSingleShard: 12063
@!@!@ENDMSG 2221 @!@!@
@!@!@STARTMSG 2221:0 @!@!@
  line 388, col 16 to line 388, col 112 of module twoPhaseSingleShard: 12063
@!@!@ENDMSG 2221 @!@!@
@!@!@STARTMSG 2221:0 @!@!@
  line 253, col 51 to line 253, col 73 of module twoPhaseSingleShard: 16206
@!@!@ENDMSG 2221 @!@!@
@!@!@STARTMSG 2221:0 @!@!@
  |line 253, col 51 to line 253, col 68 of module twoPhaseSingleShard: 9607
@!@!@ENDMSG 2221 @!@!@
@!@!@STARTMSG 2221:0 @!@!@
  ||line 253, col 51 to line 253, col 61 of module twoPhaseSingleShard: 9607
@!@!@ENDMSG 2221 @!@!@
@!@!@STARTMSG 2221:0 @!@!@
  |||line 249, col 22 to line 249, col 82 of module twoPhaseSingleShard: 9607
@!@!@ENDMSG 2221 @!@!@
@!@!@STARTMSG 2221:0 @!@!@
  ||||line 249, col 23 to line 249, col 51 of module twoPhaseSingleShard: 14341
@!@!@ENDMSG 2221 @!@!@
@!@!@STARTMSG 2221:0 @!@!@
  ||||line 249, col 62 to line 249, col 81 of module twoPhaseSingleShard: 9607
@!@!@ENDMSG 2221 @!@!@
@!@!@STARTMSG 2221:0 @!@!@
  ||line 253, col 68 to line 253, col 68 of module twoPhaseSingleShard: 9607
@!@!@ENDMSG 2221 @!@!@
@!@!@STARTMSG 2221:0 @!@!@
  |line 253, col 72 to line 253, col 73 of module twoPhaseSingleShard: 9607
@!@!@ENDMSG 2221 @!@!@
@!@!@STARTMSG 2221:0 @!@!@
  line 253, col 35 to line 253, col 47 of module twoPhaseSingleShard: 18461
@!@!@ENDMSG 2221 @!@!@
@!@!@STARTMSG 2775:0 @!@!@
  |line 252, col 24 to line 252, col 50 of module twoPhaseSingleShard: 18461:28068
@!@!@ENDMSG 2775 @!@!@
@!@!@STARTMSG 2221:0 @!@!@
  ||line 252, col 26 to line 252, col 29 of module twoPhaseSingleShard: 9607
@!@!@ENDMSG 2221 @!@!@
@!@!@STARTMSG 2221:0 @!@!@
  |||line 251, col 15 to line 251, col 79 of module twoPhaseSingleShard: 9607
@!@!@ENDMSG 2221 @!@!@
@!@!@STARTMSG 2221:0 @!@!@
  ||||line 251, col 16 to line 251, col 46 of module twoPhaseSingleShard: 18071
@!@!@ENDMSG 2221 @!@!@
@!@!@STARTMSG 2221:0 @!@!@
  ||||line 251, col 56 to line 251, col 78 of module twoPhaseSingleShard: 9607
@!@!@ENDMSG 2221 @!@!@
@!@!@STARTMSG 2221:0 @!@!@
  |||line 252, col 28 to line 252, col 28 of module twoPhaseSingleShard: 9607
@!@!@ENDMSG 2221 @!@!@
@!@!@STARTMSG 2221:0 @!@!@
  ||line 252, col 39 to line 252, col 48 of module twoPhaseSingleShard: 18461
@!@!@ENDMSG 2221 @!@!@
@!@!@STARTMSG 2221:0 @!@!@
  line 391, col 39 to line 391, col 39 of module twoPhaseSingleShard: 18461
@!@!@ENDMSG 2221 @!@!@
@!@!@STARTMSG 2221:0 @!@!@
  line 391, col 42 to line 391, col 53 of module twoPhaseSingleShard: 9406
@!@!@ENDMSG 2221 @!@!@
@!@!@STARTMSG 2221:0 @!@!@
  line 392, col 16 to line 392, col 50 of module twoPhaseSingleShard: 6599
@!@!@ENDMSG 2221 @!@!@
@!@!@STARTMSG 2221:0 @!@!@
  line 393, col 16 to line 393, col 150 of module twoPhaseSingleShard: 6599
@!@!@ENDMSG 2221 @!@!@
@!@!@STARTMSG 2221:0 @!@!@
  line 394, col 16 to line 394, col 111 of module twoPhaseSingleShard: 6599
@!@!@ENDMSG 2221 @!@!@
@!@!@STARTMSG 2221:0 @!@!@
  line 1261, col 46 to line 1261, col 58 of module twoPhaseSingleShard: 18461
@!@!@ENDMSG 2221 @!@!@
@!@!@STARTMSG 2221:0 @!@!@
  line 1261, col 61 to line 1261, col 61 of module twoPhaseSingleShard: 18461
@!@!@ENDMSG 2221 @!@!@
@!@!@STARTMSG 2221:0 @!@!@
  line 1261, col 64 to line 1261, col 90 of module twoPhaseSingleShard: 18461
@!@!@ENDMSG 2221 @!@!@
@!@!@STARTMSG 2221:0 @!@!@
  line 1261, col 93 to line 1261, col 95 of module twoPhaseSingleShard: 18461
@!@!@ENDMSG 2221 @!@!@
@!@!@STARTMSG 2221:0 @!@!@
  line 1262, col 12 to line 1262, col 83 of module twoPhaseSingleShard: 18662
@!@!@ENDMSG 2221 @!@!@
@!@!@STARTMSG 2221:0 @!@!@
  line 1264, col 11 to line 1265, col 74 of module twoPhaseSingleShard: 55986
@!@!@ENDMSG 2221 @!@!@
@!@!@STARTMSG 2221:0 @!@!@
  line 1365, col 30 to line 1365, col 30 of module twoPhaseSingleShard: 84166
@!@!@ENDMSG 2221 @!@!@
@!@!@STARTMSG 2221:0 @!@!@
  line 1366, col 16 to line 1366, col 35 of module twoPhaseSingleShard: 18662
@!@!@ENDMSG 2221 @!@!@
@!@!@STARTMSG 2772:0 @!@!@
<Next line 1345, col 3 to line 1345, col 6 of module twoPhaseSingleShard (1388 7 1390 35)>: 18931:25955
@!@!@ENDMSG 2772 @!@!@
@!@!@STARTMSG 2221:0 @!@!@
  line 1270, col 8 to line 1270, col 31 of module twoPhaseSingleShard: 810373
@!@!@ENDMSG 2221 @!@!@
@!@!@STARTMSG 2221:0 @!@!@
  |line 1270, col 8 to line 1270, col 19 of module twoPhaseSingleShard: 784416
@!@!@ENDMSG 2221 @!@!@
@!@!@STARTMSG 2221:0 @!@!@
  line 1271, col 8 to line 1271, col 44 of module twoPhaseSingleShard: 60823
@!@!@ENDMSG 2221 @!@!@
@!@!@STARTMSG 2221:0 @!@!@
  |line 1271, col 8 to line 1271, col 8 of module twoPhaseSingleShard: 34866
@!@!@ENDMSG 2221 @!@!@
@!@!@STARTMSG 2221:0 @!@!@
  |line 1271, col 14 to line 1271, col 44 of module twoPhaseSingleShard: 34866
@!@!@ENDMSG 2221 @!@!@
@!@!@STARTMSG 2221:0 @!@!@
  line 814, col 9 to line 814, col 29 of module twoPhaseSingleShard: 25957
@!@!@ENDMSG 2221 @!@!@
@!@!@STARTMSG 2221:0 @!@!@
  |line 814, col 9 to line 814, col 25 of module twoPhaseSingleShard: 34866
@!@!@ENDMSG 2221 @!@!@
@!@!@STARTMSG 2221:0 @!@!@
  ||line 814, col 21 to line 814, col 24 of module twoPhaseSingleShard: 34866
@!@!@ENDMSG 2221 @!@!@
@!@!@STARTMSG 2221:0 @!@!@
  |||line 800, col 12 to line 804, col 20 of module twoPhaseSingleShard: 34866
@!@!@ENDMSG 2221 @!@!@
@!@!@STARTMSG 2221:0 @!@!@
  ||||line 800, col 40 to line 803, col 50 of module twoPhaseSingleShard: 331992
@!@!@ENDMSG 2221 @!@!@
@!@!@STARTMSG 2221:0 @!@!@
  |||||line 800, col 40 to line 802, col 58 of module twoPhaseSingleShard: 331992
@!@!@ENDMSG 2221 @!@!@
@!@!@STARTMSG 2221:0 @!@!@
  ||||||line 800, col 40 to line 801, col 50 of module twoPhaseSingleShard: 331992
@!@!@ENDMSG 2221 @!@!@
@!@!@STARTMSG 2221:0 @!@!@
  |||||||line 800, col 40 to line 800, col 68 of module twoPhaseSingleShard: 331992
@!@!@ENDMSG 2221 @!@!@
@!@!@STARTMSG 2221:0 @!@!@
  |||||||line 801, col 42 to line 801, col 50 of module twoPhaseSingleShard: 26721
@!@!@ENDMSG 2221 @!@!@
@!@!@STARTMSG 2221:0 @!@!@
  ||||||line 802, col 42 to line 802, col 58 of module twoPhaseSingleShard: 26721
@!@!@ENDMSG 2221 @!@!@
@!@!@STARTMSG 2221:0 @!@!@
  |||||line 803, col 42 to line 803, col 50 of module twoPhaseSingleShard: 26721
@!@!@ENDMSG 2221 @!@!@
@!@!@STARTMSG 2221:0 @!@!@
  ||||line 800, col 19 to line 800, col 36 of module twoPhaseSingleShard: 34866
@!@!@ENDMSG 2221 @!@!@
@!@!@STARTMSG 2775:0 @!@!@
  |||||line 58, col 5 to line 58, col 47 of module twoPhaseSingleShard: 34866:366858
@!@!@ENDMSG 2775 @!@!@
@!@!@STARTMSG 2221:0 @!@!@
  ||||||line 58, col 31 to line 58, col 45 of module twoPhaseSingleShard: 331992
@!@!@ENDMSG 2221 @!@!@
@!@!@STARTMSG 2221:0 @!@!@
  ||||||line 58, col 13 to line 58, col 27 of module twoPhaseSingleShard: 34866
@!@!@ENDMSG 2221 @!@!@
@!@!@STARTMSG 2221:0 @!@!@
  |||||line 800, col 32 to line 800, col 35 of module twoPhaseSingleShard: 34866
@!@!@ENDMSG 2221 @!@!@
@!@!@STARTMSG 2221:0 @!@!@
  line 72, col 12 to line 72, col 39 of module twoPhaseSingleShard: 25957
@!@!@ENDMSG 2221 @!@!@
@!@!@STARTMSG 2221:0 @!@!@
  |line 72, col 20 to line 72, col 39 of module twoPhaseSingleShard: 25959
@!@!@ENDMSG 2221 @!@!@
@!@!@STARTMSG 2221:0 @!@!@
  ||line 61, col 5 to line 64, col 28 of module twoPhaseSingleShard: 25959
@!@!@ENDMSG 2221 @!@!@
@!@!@STARTMSG 2221:0 @!@!@
  |||line 61, col 8 to line 61, col 28 of module twoPhaseSingleShard: 25959
@!@!@ENDMSG 2221 @!@!@
@!@!@STARTMSG 2221:0 @!@!@
  ||||line 61, col 8 to line 61, col 8 of module twoPhaseSingleShard: 25959
@!@!@ENDMSG 2221 @!@!@
@!@!@STARTMSG 2221:0 @!@!@
  ||||line 61, col 14 to line 61, col 28 of module twoPhaseSingleShard: 25957
@!@!@ENDMSG 2221 @!@!@
@!@!@STARTMSG 2221:0 @!@!@
  |||line 64, col 9 to line 64, col 28 of module twoPhaseSingleShard: 25957
@!@!@ENDMSG 2221 @!@!@
@!@!@STARTMSG 2221:0 @!@!@
  ||line 72, col 32 to line 72, col 32 of module twoPhaseSingleShard: 25959
@!@!@ENDMSG 2221 @!@!@
@!@!@STARTMSG 2221:0 @!@!@
  ||line 72, col 35 to line 72, col 38 of module twoPhaseSingleShard: 25957
@!@!@ENDMSG 2221 @!@!@
@!@!@STARTMSG 2221:0 @!@!@
  line 815, col 15 to line 820, col 52 of module twoPhaseSingleShard: 25959
@!@!@ENDMSG 2221 @!@!@
@!@!@STARTMSG 2221:0 @!@!@
  |line 816, col 20 to line 816, col 28 of module twoPhaseSingleShard: 25959
@!@!@ENDMSG 2221 @!@!@
@!@!@STARTMSG 2221:0 @!@!@
  |line 817, col 20 to line 817, col 28 of module twoPhaseSingleShard: 25959
@!@!@ENDMSG 2221 @!@!@
@!@!@STARTMSG 2221:0 @!@!@
  |line 818, col 37 to line 818, col 104 of module twoPhaseSingleShard: 25959
@!@!@ENDMSG 2221 @!@!@
@!@!@STARTMSG 2221:0 @!@!@
  ||line 765, col 3 to line 774, col 9 of module twoPhaseSingleShard: 37892
@!@!@ENDMSG 2221 @!@!@
@!@!@STARTMSG 2221:0 @!@!@
  |||line 765, col 6 to line 765, col 45 of module twoPhaseSingleShard: 37892
@!@!@ENDMSG 2221 @!@!@
@!@!@STARTMSG 2221:0 @!@!@
  |||line 767, col 7 to line 772, col 65 of module twoPhaseSingleShard: 37892
@!@!@ENDMSG 2221 @!@!@
@!@!@STARTMSG 2221:0 @!@!@
  ||||line 767, col 10 to line 767, col 23 of module twoPhaseSingleShard: 37892
@!@!@ENDMSG 2221 @!@!@
@!@!@STARTMSG 2221:0 @!@!@
  |||||line 767, col 10 to line 767, col 18 of module twoPhaseSingleShard: 37892
@!@!@ENDMSG 2221 @!@!@
@!@!@STARTMSG 2221:0 @!@!@
  |||||line 767, col 22 to line 767, col 23 of module twoPhaseSingleShard: 37890
@!@!@ENDMSG 2221 @!@!@
@!@!@STARTMSG 2221:0 @!@!@
  ||||line 767, col 30 to line 767, col 33 of module twoPhaseSingleShard: 25957
@!@!@ENDMSG 2221 @!@!@
@!@!@STARTMSG 2221:0 @!@!@
  ||||line 771, col 19 to line 771, col 35 of module twoPhaseSingleShard: 11933
@!@!@ENDMSG 2221 @!@!@
@!@!@STARTMSG 2775:0 @!@!@
  ||||line 770, col 20 to line 770, col 89 of module twoPhaseSingleShard: 11933:23930
@!@!@ENDMSG 2775 @!@!@
@!@!@STARTMSG 2221:0 @!@!@
  |||||line 770, col 40 to line 770, col 87 of module twoPhaseSingleShard: 11953
@!@!@ENDMSG 2221 @!@!@
@!@!@STARTMSG 2221:0 @!@!@
  ||||||line 770, col 65 to line 770, col 87 of module twoPhaseSingleShard: 24
@!@!@ENDMSG 2221 @!@!@
@!@!@STARTMSG 2221:0 @!@!@
  ||||||line 770, col 54 to line 770, col 61 of module twoPhaseSingleShard: 11953
@!@!@ENDMSG 2221 @!@!@
@!@!@STARTMSG 2221:0 @!@!@
  |||||line 770, col 28 to line 770, col 36 of module twoPhaseSingleShard: 11933
@!@!@ENDMSG 2221 @!@!@
@!@!@STARTMSG 2221:0 @!@!@
  ||||line 772, col 12 to line 772, col 65 of module twoPhaseSingleShard: 11933
@!@!@ENDMSG 2221 @!@!@
@!@!@STARTMSG 2221:0 @!@!@
  |||||line 761, col 5 to line 761, col 24 of module twoPhaseSingleShard: 11933
@!@!@ENDMSG 2221 @!@!@
@!@!@STARTMSG 2221:0 @!@!@
  ||||||line 761, col 5 to line 761, col 17 of module twoPhaseSingleShard: 11933
@!@!@ENDMSG 2221 @!@!@
@!@!@STARTMSG 2221:0 @!@!@
  |||||||line 27, col 3 to line 27, col 56 of module SequencesExt: 11933
@!@!@ENDMSG 2221 @!@!@
@!@!@STARTMSG 2221:0 @!@!@
  ||||||||line 27, col 43 to line 27, col 56 of module SequencesExt: 11941
@!@!@ENDMSG 2221 @!@!@
@!@!@STARTMSG 2221:0 @!@!@
  |||||||||line 108, col 19 to line 108, col 60 of module Functions: 11941
@!@!@ENDMSG 2221 @!@!@
@!@!@STARTMSG 2221:0 @!@!@
  ||||||||||line 108, col 41 to line 108, col 60 of module Functions: 11973
@!@!@ENDMSG 2221 @!@!@
@!@!@STARTMSG 2221:0 @!@!@
  |||||||||||line 108, col 41 to line 108, col 51 of module Functions: 11973
@!@!@ENDMSG 2221 @!@!@
@!@!@STARTMSG 2221:0 @!@!@
  |||||||||||line 108, col 56 to line 108, col 60 of module Functions: 11957
@!@!@ENDMSG 2221 @!@!@
@!@!@STARTMSG 2221:0 @!@!@
  ||||||||||line 108, col 30 to line 108, col 37 of module Functions: 11941
@!@!@ENDMSG 2221 @!@!@
@!@!@STARTMSG 2221:0 @!@!@
  |||||||||line 27, col 55 to line 27, col 55 of module SequencesExt: 11941
@!@!@ENDMSG 2221 @!@!@
@!@!@STARTMSG 2775:0 @!@!@
  ||||||||line 27, col 16 to line 27, col 39 of module SequencesExt: 11933:47828
@!@!@ENDMSG 2775 @!@!@
@!@!@STARTMSG 2221:0 @!@!@
  |||||||line 761, col 14 to line 761, col 16 of module twoPhaseSingleShard: 11933
@!@!@ENDMSG 2221 @!@!@
@!@!@STARTMSG 2221:0 @!@!@
  ||||||line 761, col 22 to line 761, col 24 of module twoPhaseSingleShard: 11933
@!@!@ENDMSG 2221 @!@!@
@!@!@STARTMSG 2221:0 @!@!@
  |||||line 772, col 27 to line 772, col 31 of module twoPhaseSingleShard: 11933
@!@!@ENDMSG 2221 @!@!@
@!@!@STARTMSG 2221:0 @!@!@
  |||||line 772, col 33 to line 772, col 64 of module twoPhaseSingleShard: 11933
@!@!@ENDMSG 2221 @!@!@
@!@!@STARTMSG 2221:0 @!@!@
  ||||||line 772, col 42 to line 772, col 46 of module twoPhaseSingleShard: 12
@!@!@ENDMSG 2221 @!@!@
@!@!@STARTMSG 2221:0 @!@!@
  ||||||line 772, col 49 to line 772, col 52 of module twoPhaseSingleShard: 11933
@!@!@ENDMSG 2221 @!@!@
@!@!@STARTMSG 2221:0 @!@!@
  ||||||line 772, col 55 to line 772, col 63 of module twoPhaseSingleShard: 11933
@!@!@ENDMSG 2221 @!@!@
@!@!@STARTMSG 2221:0 @!@!@
  ||line 818, col 46 to line 818, col 71 of module twoPhaseSingleShard: 11921
@!@!@ENDMSG 2221 @!@!@
@!@!@STARTMSG 2221:0 @!@!@
  ||line 818, col 74 to line 818, col 99 of module twoPhaseSingleShard: 25959
@!@!@ENDMSG 2221 @!@!@
@!@!@STARTMSG 2221:0 @!@!@
  |||line 818, col 81 to line 818, col 99 of module twoPhaseSingleShard: 25959
@!@!@ENDMSG 2221 @!@!@
@!@!@STARTMSG 2221:0 @!@!@
  ||||line 799, col 27 to line 799, col 101 of module twoPhaseSingleShard: 25959
@!@!@ENDMSG 2221 @!@!@
@!@!@STARTMSG 2221:0 @!@!@
  |||||line 797, col 19 to line 797, col 58 of module twoPhaseSingleShard: 25959
@!@!@ENDMSG 2221 @!@!@
@!@!@STARTMSG 2221:0 @!@!@
  ||||||line 113, col 3 to line 113, col 57 of module twoPhaseSingleShard: 25959
@!@!@ENDMSG 2221 @!@!@
@!@!@STARTMSG 2775:0 @!@!@
  |||||||line 113, col 9 to line 113, col 57 of module twoPhaseSingleShard: 25959:37898
@!@!@ENDMSG 2775 @!@!@
@!@!@STARTMSG 2221:0 @!@!@
  ||||||||line 113, col 10 to line 113, col 37 of module twoPhaseSingleShard: 25957
@!@!@ENDMSG 2221 @!@!@
@!@!@STARTMSG 2221:0 @!@!@
  |||||||||line 106, col 3 to line 110, col 12 of module twoPhaseSingleShard: 37898
@!@!@ENDMSG 2221 @!@!@
@!@!@STARTMSG 2221:0 @!@!@
  ||||||||||line 106, col 6 to line 106, col 43 of module twoPhaseSingleShard: 37898
@!@!@ENDMSG 2221 @!@!@
@!@!@STARTMSG 2221:0 @!@!@
  ||||||||||line 108, col 23 to line 108, col 30 of module twoPhaseSingleShard: 37898
@!@!@ENDMSG 2221 @!@!@
@!@!@STARTMSG 2221:0 @!@!@
  ||||||||||line 109, col 10 to line 109, col 82 of module twoPhaseSingleShard: 37898
@!@!@ENDMSG 2221 @!@!@
@!@!@STARTMSG 2221:0 @!@!@
  |||||||||||line 109, col 10 to line 109, col 17 of module twoPhaseSingleShard: 37898
@!@!@ENDMSG 2221 @!@!@
@!@!@STARTMSG 2221:0 @!@!@
  |||||||||||line 109, col 24 to line 109, col 82 of module twoPhaseSingleShard: 37898
@!@!@ENDMSG 2221 @!@!@
@!@!@STARTMSG 2775:0 @!@!@
  ||||||||||||line 109, col 30 to line 109, col 82 of module twoPhaseSingleShard: 37898:11945
@!@!@ENDMSG 2775 @!@!@
@!@!@STARTMSG 2221:0 @!@!@
  |||||||||||||line 109, col 31 to line 109, col 63 of module twoPhaseSingleShard: 11941
@!@!@ENDMSG 2221 @!@!@
@!@!@STARTMSG 2221:0 @!@!@
  |||||||||||||line 109, col 74 to line 109, col 81 of module twoPhaseSingleShard: 37898
@!@!@ENDMSG 2221 @!@!@
@!@!@STARTMSG 2221:0 @!@!@
  |||||||||line 113, col 22 to line 113, col 26 of module twoPhaseSingleShard: 25957
@!@!@ENDMSG 2221 @!@!@
@!@!@STARTMSG 2221:0 @!@!@
  |||||||||line 113, col 29 to line 113, col 33 of module twoPhaseSingleShard: 25957
@!@!@ENDMSG 2221 @!@!@
@!@!@STARTMSG 2221:0 @!@!@
  ||||||||line 113, col 51 to line 113, col 56 of module twoPhaseSingleShard: 25959
@!@!@ENDMSG 2221 @!@!@
@!@!@STARTMSG 2221:0 @!@!@
  ||||||line 797, col 34 to line 797, col 45 of module twoPhaseSingleShard: 25957
@!@!@ENDMSG 2221 @!@!@
@!@!@STARTMSG 2221:0 @!@!@
  ||||||line 797, col 48 to line 797, col 57 of module twoPhaseSingleShard: 25959
@!@!@ENDMSG 2221 @!@!@
@!@!@STARTMSG 2775:0 @!@!@
  |||||line 798, col 10 to line 798, col 34 of module twoPhaseSingleShard: 25959:11941
@!@!@ENDMSG 2775 @!@!@
@!@!@STARTMSG 2221:0 @!@!@
  |||||line 799, col 36 to line 799, col 50 of module twoPhaseSingleShard: 25957
@!@!@ENDMSG 2221 @!@!@
@!@!@STARTMSG 2221:0 @!@!@
  |||||line 799, col 53 to line 799, col 78 of module twoPhaseSingleShard: 11921
@!@!@ENDMSG 2221 @!@!@
@!@!@STARTMSG 2221:0 @!@!@
  |||||line 799, col 81 to line 799, col 100 of module twoPhaseSingleShard: 25959
@!@!@ENDMSG 2221 @!@!@
@!@!@STARTMSG 2775:0 @!@!@
  ||||||line 794, col 23 to line 794, col 101 of module twoPhaseSingleShard: 25959:4
@!@!@ENDMSG 2775 @!@!@
@!@!@STARTMSG 2221:0 @!@!@
  |||||||line 794, col 48 to line 794, col 100 of module twoPhaseSingleShard: 2
@!@!@ENDMSG 2221 @!@!@
@!@!@STARTMSG 2221:0 @!@!@
  ||||||||line 794, col 77 to line 794, col 100 of module twoPhaseSingleShard: 2
@!@!@ENDMSG 2221 @!@!@
@!@!@STARTMSG 2221:0 @!@!@
  |||||||||line 794, col 77 to line 794, col 77 of module twoPhaseSingleShard: 2
@!@!@ENDMSG 2221 @!@!@
@!@!@STARTMSG 2221:0 @!@!@
  |||||||||line 794, col 86 to line 794, col 100 of module twoPhaseSingleShard: 2
@!@!@ENDMSG 2221 @!@!@
@!@!@STARTMSG 2221:0 @!@!@
  ||||||||||line 792, col 23 to line 792, col 52 of module twoPhaseSingleShard: 2
@!@!@ENDMSG 2221 @!@!@
@!@!@STARTMSG 2221:0 @!@!@
  |||||||||||line 792, col 23 to line 792, col 34 of module twoPhaseSingleShard: 2
@!@!@ENDMSG 2221 @!@!@
@!@!@STARTMSG 2221:0 @!@!@
  ||||||||||||line 790, col 20 to line 790, col 76 of module twoPhaseSingleShard: 2
@!@!@ENDMSG 2221 @!@!@
@!@!@STARTMSG 2221:0 @!@!@
  |||||||||||||line 790, col 26 to line 790, col 76 of module twoPhaseSingleShard: 2
@!@!@ENDMSG 2221 @!@!@
@!@!@STARTMSG 2221:0 @!@!@
  ||||||||||||||line 790, col 27 to line 790, col 54 of module twoPhaseSingleShard: 2
@!@!@ENDMSG 2221 @!@!@
@!@!@STARTMSG 2221:0 @!@!@
  |||||||||||||||line 96, col 5 to line 100, col 14 of module twoPhaseSingleShard: 4
@!@!@ENDMSG 2221 @!@!@
@!@!@STARTMSG 2221:0 @!@!@
  ||||||||||||||||line 96, col 8 to line 96, col 46 of module twoPhaseSingleShard: 4
@!@!@ENDMSG 2221 @!@!@
@!@!@STARTMSG 2221:0 @!@!@
  ||||||||||||||||line 98, col 9 to line 99, col 102 of module twoPhaseSingleShard: 4
@!@!@ENDMSG 2221 @!@!@
@!@!@STARTMSG 2221:0 @!@!@
  |||||||||||||||||line 98, col 12 to line 98, col 29 of module twoPhaseSingleShard: 4
@!@!@ENDMSG 2221 @!@!@
@!@!@STARTMSG 2221:0 @!@!@
  |||||||||||||||||line 98, col 36 to line 98, col 37 of module twoPhaseSingleShard: 2
@!@!@ENDMSG 2221 @!@!@
@!@!@STARTMSG 2221:0 @!@!@
  |||||||||||||||||line 99, col 14 to line 99, col 102 of module twoPhaseSingleShard: 2
@!@!@ENDMSG 2221 @!@!@
@!@!@STARTMSG 2221:0 @!@!@
  |||||||||||||||line 790, col 40 to line 790, col 40 of module twoPhaseSingleShard: 2
@!@!@ENDMSG 2221 @!@!@
@!@!@STARTMSG 2221:0 @!@!@
  |||||||||||||||line 790, col 43 to line 790, col 50 of module twoPhaseSingleShard: 2
@!@!@ENDMSG 2221 @!@!@
@!@!@STARTMSG 2221:0 @!@!@
  ||||||||||||||line 790, col 64 to line 790, col 75 of module twoPhaseSingleShard: 2
@!@!@ENDMSG 2221 @!@!@
@!@!@STARTMSG 2221:0 @!@!@
  |||||||||||line 792, col 41 to line 792, col 52 of module twoPhaseSingleShard: 2
@!@!@ENDMSG 2221 @!@!@
@!@!@STARTMSG 2221:0 @!@!@
  ||||||||||||line 791, col 20 to line 791, col 117 of module twoPhaseSingleShard: 2
@!@!@ENDMSG 2221 @!@!@
@!@!@STARTMSG 2221:0 @!@!@
  |||||||||||||line 791, col 26 to line 791, col 117 of module twoPhaseSingleShard: 2
@!@!@ENDMSG 2221 @!@!@
@!@!@STARTMSG 2221:0 @!@!@
  ||||||||||||||line 791, col 27 to line 791, col 54 of module twoPhaseSingleShard: 2
@!@!@ENDMSG 2221 @!@!@
@!@!@STARTMSG 2221:0 @!@!@
  |||||||||||||||line 96, col 5 to line 100, col 14 of module twoPhaseSingleShard: 4
@!@!@ENDMSG 2221 @!@!@
@!@!@STARTMSG 2221:0 @!@!@
  ||||||||||||||||line 96, col 8 to line 96, col 46 of module twoPhaseSingleShard: 4
@!@!@ENDMSG 2221 @!@!@
@!@!@STARTMSG 2221:0 @!@!@
  ||||||||||||||||line 98, col 9 to line 99, col 102 of module twoPhaseSingleShard: 4
@!@!@ENDMSG 2221 @!@!@
@!@!@STARTMSG 2221:0 @!@!@
  |||||||||||||||||line 98, col 12 to line 98, col 29 of module twoPhaseSingleShard: 4
@!@!@ENDMSG 2221 @!@!@
@!@!@STARTMSG 2221:0 @!@!@
  |||||||||||||||||line 98, col 36 to line 98, col 37 of module twoPhaseSingleShard: 2
@!@!@ENDMSG 2221 @!@!@
@!@!@STARTMSG 2221:0 @!@!@
  |||||||||||||||||line 99, col 14 to line 99, col 102 of module twoPhaseSingleShard: 2
@!@!@ENDMSG 2221 @!@!@
@!@!@STARTMSG 2221:0 @!@!@
  |||||||||||||||line 791, col 40 to line 791, col 40 of module twoPhaseSingleShard: 2
@!@!@ENDMSG 2221 @!@!@
@!@!@STARTMSG 2221:0 @!@!@
  |||||||||||||||line 791, col 43 to line 791, col 50 of module twoPhaseSingleShard: 2
@!@!@ENDMSG 2221 @!@!@
@!@!@STARTMSG 2221:0 @!@!@
  ||||||||||||||line 791, col 65 to line 791, col 115 of module twoPhaseSingleShard: 2
@!@!@ENDMSG 2221 @!@!@
@!@!@STARTMSG 2221:0 @!@!@
  ||||||||line 794, col 57 to line 794, col 74 of module twoPhaseSingleShard: 2
@!@!@ENDMSG 2221 @!@!@
@!@!@STARTMSG 2221:0 @!@!@
  |||||||line 794, col 30 to line 794, col 44 of module twoPhaseSingleShard: 25959
@!@!@ENDMSG 2221 @!@!@
@!@!@STARTMSG 2221:0 @!@!@
  ||||||||line 792, col 23 to line 792, col 52 of module twoPhaseSingleShard: 25959
@!@!@ENDMSG 2221 @!@!@
@!@!@STARTMSG 2221:0 @!@!@
  |||||||||line 792, col 23 to line 792, col 34 of module twoPhaseSingleShard: 25959
@!@!@ENDMSG 2221 @!@!@
@!@!@STARTMSG 2221:0 @!@!@
  ||||||||||line 790, col 20 to line 790, col 76 of module twoPhaseSingleShard: 25959
@!@!@ENDMSG 2221 @!@!@
@!@!@STARTMSG 2775:0 @!@!@
  |||||||||||line 790, col 26 to line 790, col 76 of module twoPhaseSingleShard: 25959:25959
@!@!@ENDMSG 2775 @!@!@
@!@!@STARTMSG 2221:0 @!@!@
  ||||||||||||line 790, col 27 to line 790, col 54 of module twoPhaseSingleShard: 11931
@!@!@ENDMSG 2221 @!@!@
@!@!@STARTMSG 2221:0 @!@!@
  |||||||||||||line 96, col 5 to line 100, col 14 of module twoPhaseSingleShard: 23874
@!@!@ENDMSG 2221 @!@!@
@!@!@STARTMSG 2221:0 @!@!@
  ||||||||||||||line 96, col 8 to line 96, col 46 of module twoPhaseSingleShard: 23874
@!@!@ENDMSG 2221 @!@!@
@!@!@STARTMSG 2221:0 @!@!@
  ||||||||||||||line 98, col 9 to line 99, col 102 of module twoPhaseSingleShard: 23874
@!@!@ENDMSG 2221 @!@!@
@!@!@STARTMSG 2221:0 @!@!@
  |||||||||||||||line 98, col 12 to line 98, col 29 of module twoPhaseSingleShard: 23874
@!@!@ENDMSG 2221 @!@!@
@!@!@STARTMSG 2221:0 @!@!@
  |||||||||||||||line 98, col 36 to line 98, col 37 of module twoPhaseSingleShard: 11931
@!@!@ENDMSG 2221 @!@!@
@!@!@STARTMSG 2221:0 @!@!@
  |||||||||||||||line 99, col 14 to line 99, col 102 of module twoPhaseSingleShard: 11943
@!@!@ENDMSG 2221 @!@!@
@!@!@STARTMSG 2221:0 @!@!@
  |||||||||||||line 790, col 40 to line 790, col 40 of module twoPhaseSingleShard: 11931
@!@!@ENDMSG 2221 @!@!@
@!@!@STARTMSG 2221:0 @!@!@
  |||||||||||||line 790, col 43 to line 790, col 50 of module twoPhaseSingleShard: 11931
@!@!@ENDMSG 2221 @!@!@
@!@!@STARTMSG 2221:0 @!@!@
  ||||||||||||line 790, col 64 to line 790, col 75 of module twoPhaseSingleShard: 25959
@!@!@ENDMSG 2221 @!@!@
@!@!@STARTMSG 2221:0 @!@!@
  |||||||||line 792, col 41 to line 792, col 52 of module twoPhaseSingleShard: 25959
@!@!@ENDMSG 2221 @!@!@
@!@!@STARTMSG 2221:0 @!@!@
  ||||||||||line 791, col 20 to line 791, col 117 of module twoPhaseSingleShard: 25959
@!@!@ENDMSG 2221 @!@!@
@!@!@STARTMSG 2221:0 @!@!@
  |||||||||||line 791, col 26 to line 791, col 117 of module twoPhaseSingleShard: 25959
@!@!@ENDMSG 2221 @!@!@
@!@!@STARTMSG 2221:0 @!@!@
  ||||||||||||line 791, col 27 to line 791, col 54 of module twoPhaseSingleShard: 4
@!@!@ENDMSG 2221 @!@!@
@!@!@STARTMSG 2221:0 @!@!@
  |||||||||||||line 96, col 5 to line 100, col 14 of module twoPhaseSingleShard: 6
@!@!@ENDMSG 2221 @!@!@
@!@!@STARTMSG 2221:0 @!@!@
  ||||||||||||||line 96, col 8 to line 96, col 46 of module twoPhaseSingleShard: 6
@!@!@ENDMSG 2221 @!@!@
@!@!@STARTMSG 2221:0 @!@!@
  ||||||||||||||line 98, col 9 to line 99, col 102 of module twoPhaseSingleShard: 6
@!@!@ENDMSG 2221 @!@!@
@!@!@STARTMSG 2221:0 @!@!@
  |||||||||||||||line 98, col 12 to line 98, col 29 of module twoPhaseSingleShard: 6
@!@!@ENDMSG 2221 @!@!@
@!@!@STARTMSG 2221:0 @!@!@
  ||||||||||||||||line 98, col 12 to line 98, col 24 of module twoPhaseSingleShard: 6
@!@!@ENDMSG 2221 @!@!@
@!@!@STARTMSG 2221:0 @!@!@
  ||||||||||||||||line 98, col 28 to line 98, col 29 of module twoPhaseSingleShard: 4
@!@!@ENDMSG 2221 @!@!@
@!@!@STARTMSG 2221:0 @!@!@
  |||||||||||||||line 98, col 36 to line 98, col 37 of module twoPhaseSingleShard: 2
@!@!@ENDMSG 2221 @!@!@
@!@!@STARTMSG 2221:0 @!@!@
  |||||||||||||||line 99, col 14 to line 99, col 102 of module twoPhaseSingleShard: 2
@!@!@ENDMSG 2221 @!@!@
@!@!@STARTMSG 2221:0 @!@!@
  |||||||||||||line 791, col 40 to line 791, col 40 of module twoPhaseSingleShard: 4
@!@!@ENDMSG 2221 @!@!@
@!@!@STARTMSG 2221:0 @!@!@
  |||||||||||||line 791, col 43 to line 791, col 50 of module twoPhaseSingleShard: 4
@!@!@ENDMSG 2221 @!@!@
@!@!@STARTMSG 2221:0 @!@!@
  ||||||||||||line 791, col 65 to line 791, col 115 of module twoPhaseSingleShard: 25959
@!@!@ENDMSG 2221 @!@!@
@!@!@STARTMSG 2221:0 @!@!@
  ||||||line 795, col 16 to line 795, col 53 of module twoPhaseSingleShard: 25959
@!@!@ENDMSG 2221 @!@!@
@!@!@STARTMSG 2221:0 @!@!@
  |||||||line 795, col 19 to line 795, col 25 of module twoPhaseSingleShard: 25959
@!@!@ENDMSG 2221 @!@!@
@!@!@STARTMSG 2221:0 @!@!@
  ||||||||line 795, col 19 to line 795, col 20 of module twoPhaseSingleShard: 25959
@!@!@ENDMSG 2221 @!@!@
@!@!@STARTMSG 2221:0 @!@!@
  ||||||||line 795, col 24 to line 795, col 25 of module twoPhaseSingleShard: 25957
@!@!@ENDMSG 2221 @!@!@
@!@!@STARTMSG 2221:0 @!@!@
  |||||||line 795, col 32 to line 795, col 45 of module twoPhaseSingleShard: 25955
@!@!@ENDMSG 2221 @!@!@
@!@!@STARTMSG 2221:0 @!@!@
  |||||||line 795, col 52 to line 795, col 53 of module twoPhaseSingleShard: 2
@!@!@ENDMSG 2221 @!@!@
@!@!@STARTMSG 2221:0 @!@!@
  |line 819, col 20 to line 819, col 35 of module twoPhaseSingleShard: 25957
@!@!@ENDMSG 2221 @!@!@
@!@!@STARTMSG 2221:0 @!@!@
  |line 820, col 33 to line 820, col 51 of module twoPhaseSingleShard: 25957
@!@!@ENDMSG 2221 @!@!@
@!@!@STARTMSG 2221:0 @!@!@
  ||line 799, col 27 to line 799, col 101 of module twoPhaseSingleShard: 25957
@!@!@ENDMSG 2221 @!@!@
@!@!@STARTMSG 2221:0 @!@!@
  |||line 797, col 19 to line 797, col 58 of module twoPhaseSingleShard: 25957
@!@!@ENDMSG 2221 @!@!@
@!@!@STARTMSG 2221:0 @!@!@
  ||||line 113, col 3 to line 113, col 57 of module twoPhaseSingleShard: 25957
@!@!@ENDMSG 2221 @!@!@
@!@!@STARTMSG 2775:0 @!@!@
  |||||line 113, col 9 to line 113, col 57 of module twoPhaseSingleShard: 25957:37898
@!@!@ENDMSG 2775 @!@!@
@!@!@STARTMSG 2221:0 @!@!@
  ||||||line 113, col 10 to line 113, col 37 of module twoPhaseSingleShard: 25957
@!@!@ENDMSG 2221 @!@!@
@!@!@STARTMSG 2221:0 @!@!@
  |||||||line 106, col 3 to line 110, col 12 of module twoPhaseSingleShard: 37898
@!@!@ENDMSG 2221 @!@!@
@!@!@STARTMSG 2221:0 @!@!@
  ||||||||line 106, col 6 to line 106, col 43 of module twoPhaseSingleShard: 37898
@!@!@ENDMSG 2221 @!@!@
@!@!@STARTMSG 2221:0 @!@!@
  ||||||||line 108, col 23 to line 108, col 30 of module twoPhaseSingleShard: 37898
@!@!@ENDMSG 2221 @!@!@
@!@!@STARTMSG 2221:0 @!@!@
  ||||||||line 109, col 10 to line 109, col 82 of module twoPhaseSingleShard: 37898
@!@!@ENDMSG 2221 @!@!@
@!@!@STARTMSG 2221:0 @!@!@
  |||||||||line 109, col 10 to line 109, col 17 of module twoPhaseSingleShard: 37898
@!@!@ENDMSG 2221 @!@!@
@!@!@STARTMSG 2221:0 @!@!@
  |||||||||line 109, col 24 to line 109, col 82 of module twoPhaseSingleShard: 37898
@!@!@ENDMSG 2221 @!@!@
@!@!@STARTMSG 2775:0 @!@!@
  ||||||||||line 109, col 30 to line 109, col 82 of module twoPhaseSingleShard: 37898:11945
@!@!@ENDMSG 2775 @!@!@
@!@!@STARTMSG 2221:0 @!@!@
  |||||||||||line 109, col 31 to line 109, col 63 of module twoPhaseSingleShard: 11941
@!@!@ENDMSG 2221 @!@!@
@!@!@STARTMSG 2221:0 @!@!@
  |||||||||||line 109, col 74 to line 109, col 81 of module twoPhaseSingleShard: 37898
@!@!@ENDMSG 2221 @!@!@
@!@!@STARTMSG 2221:0 @!@!@
  |||||||line 113, col 22 to line 113, col 26 of module twoPhaseSingleShard: 25957
@!@!@ENDMSG 2221 @!@!@
@!@!@STARTMSG 2221:0 @!@!@
  |||||||line 113, col 29 to line 113, col 33 of module twoPhaseSingleShard: 25957
@!@!@ENDMSG 2221 @!@!@
@!@!@STARTMSG 2221:0 @!@!@
  ||||||line 113, col 51 to line 113, col 56 of module twoPhaseSingleShard: 25957
@!@!@ENDMSG 2221 @!@!@
@!@!@STARTMSG 2221:0 @!@!@
  ||||line 797, col 34 to line 797, col 45 of module twoPhaseSingleShard: 25957
@!@!@ENDMSG 2221 @!@!@
@!@!@STARTMSG 2221:0 @!@!@
  ||||line 797, col 48 to line 797, col 57 of module twoPhaseSingleShard: 25957
@!@!@ENDMSG 2221 @!@!@
@!@!@STARTMSG 2775:0 @!@!@
  |||line 798, col 10 to line 798, col 34 of module twoPhaseSingleShard: 25957:11941
@!@!@ENDMSG 2775 @!@!@
@!@!@STARTMSG 2221:0 @!@!@
  |||line 799, col 36 to line 799, col 50 of module twoPhaseSingleShard: 25957
@!@!@ENDMSG 2221 @!@!@
@!@!@STARTMSG 2221:0 @!@!@
  |||line 799, col 53 to line 799, col 78 of module twoPhaseSingleShard: 11921
@!@!@ENDMSG 2221 @!@!@
@!@!@STARTMSG 2221:0 @!@!@
  |||line 799, col 81 to line 799, col 100 of module twoPhaseSingleShard: 25957
@!@!@ENDMSG 2221 @!@!@
@!@!@STARTMSG 2775:0 @!@!@
  ||||line 794, col 23 to line 794, col 101 of module twoPhaseSingleShard: 25957:4
@!@!@ENDMSG 2775 @!@!@
@!@!@STARTMSG 2221:0 @!@!@
  |||||line 794, col 48 to line 794, col 100 of module twoPhaseSingleShard: 2
@!@!@ENDMSG 2221 @!@!@
@!@!@STARTMSG 2221:0 @!@!@
  ||||||line 794, col 77 to line 794, col 100 of module twoPhaseSingleShard: 2
@!@!@ENDMSG 2221 @!@!@
@!@!@STARTMSG 2221:0 @!@!@
  |||||||line 794, col 77 to line 794, col 77 of module twoPhaseSingleShard: 2
@!@!@ENDMSG 2221 @!@!@
@!@!@STARTMSG 2221:0 @!@!@
  |||||||line 794, col 86 to line 794, col 100 of module twoPhaseSingleShard: 2
@!@!@ENDMSG 2221 @!@!@
@!@!@STARTMSG 2221:0 @!@!@
  ||||||||line 792, col 23 to line 792, col 52 of module twoPhaseSingleShard: 2
@!@!@ENDMSG 2221 @!@!@
@!@!@STARTMSG 2221:0 @!@!@
  |||||||||line 792, col 23 to line 792, col 34 of module twoPhaseSingleShard: 2
@!@!@ENDMSG 2221 @!@!@
@!@!@STARTMSG 2221:0 @!@!@
  ||||||||||line 790, col 20 to line 790, col 76 of module twoPhaseSingleShard: 2
@!@!@ENDMSG 2221 @!@!@
@!@!@STARTMSG 2221:0 @!@!@
  |||||||||||line 790, col 26 to line 790, col 76 of module twoPhaseSingleShard: 2
@!@!@ENDMSG 2221 @!@!@
@!@!@STARTMSG 2221:0 @!@!@
  ||||||||||||line 790, col 27 to line 790, col 54 of module twoPhaseSingleShard: 2
@!@!@ENDMSG 2221 @!@!@
@!@!@STARTMSG 2221:0 @!@!@
  |||||||||||||line 96, col 5 to line 100, col 14 of module twoPhaseSingleShard: 4
@!@!@ENDMSG 2221 @!@!@
@!@!@STARTMSG 2221:0 @!@!@
  ||||||||||||||line 96, col 8 to line 96, col 46 of module twoPhaseSingleShard: 4
@!@!@ENDMSG 2221 @!@!@
@!@!@STARTMSG 2221:0 @!@!@
  ||||||||||||||line 98, col 9 to line 99, col 102 of module twoPhaseSingleShard: 4
@!@!@ENDMSG 2221 @!@!@
@!@!@STARTMSG 2221:0 @!@!@
  |||||||||||||||line 98, col 12 to line 98, col 29 of module twoPhaseSingleShard: 4
@!@!@ENDMSG 2221 @!@!@
@!@!@STARTMSG 2221:0 @!@!@
  |||||||||||||||line 98, col 36 to line 98, col 37 of module twoPhaseSingleShard: 2
@!@!@ENDMSG 2221 @!@!@
@!@!@STARTMSG 2221:0 @!@!@
  |||||||||||||||line 99, col 14 to line 99, col 102 of module twoPhaseSingleShard: 2
@!@!@ENDMSG 2221 @!@!@
@!@!@STARTMSG 2221:0 @!@!@
  |||||||||||||line 790, col 40 to line 790, col 40 of module twoPhaseSingleShard: 2
@!@!@ENDMSG 2221 @!@!@
@!@!@STARTMSG 2221:0 @!@!@
  |||||||||||||line 790, col 43 to line 790, col 50 of module twoPhaseSingleShard: 2
@!@!@ENDMSG 2221 @!@!@
@!@!@STARTMSG 2221:0 @!@!@
  ||||||||||||line 790, col 64 to line 790, col 75 of module twoPhaseSingleShard: 2
@!@!@ENDMSG 2221 @!@!@
@!@!@STARTMSG 2221:0 @!@!@
  |||||||||line 792, col 41 to line 792, col 52 of module twoPhaseSingleShard: 2
@!@!@ENDMSG 2221 @!@!@
@!@!@STARTMSG 2221:0 @!@!@
  ||||||||||line 791, col 20 to line 791, col 117 of module twoPhaseSingleShard: 2
@!@!@ENDMSG 2221 @!@!@
@!@!@STARTMSG 2221:0 @!@!@
  |||||||||||line 791, col 26 to line 791, col 117 of module twoPhaseSingleShard: 2
@!@!@ENDMSG 2221 @!@!@
@!@!@STARTMSG 2221:0 @!@!@
  ||||||||||||line 791, col 27 to line 791, col 54 of module twoPhaseSingleShard: 2
@!@!@ENDMSG 2221 @!@!@
@!@!@STARTMSG 2221:0 @!@!@
  |||||||||||||line 96, col 5 to line 100, col 14 of module twoPhaseSingleShard: 4
@!@!@ENDMSG 2221 @!@!@
@!@!@STARTMSG 2221:0 @!@!@
  ||||||||||||||line 96, col 8 to line 96, col 46 of module twoPhaseSingleShard: 4
@!@!@ENDMSG 2221 @!@!@
@!@!@STARTMSG 2221:0 @!@!@
  ||||||||||||||line 98, col 9 to line 99, col 102 of module twoPhaseSingleShard: 4
@!@!@ENDMSG 2221 @!@!@
@!@!@STARTMSG 2221:0 @!@!@
  |||||||||||||||line 98, col 12 to line 98, col 29 of module twoPhaseSingleShard: 4
@!@!@ENDMSG 2221 @!@!@
@!@!@STARTMSG 2221:0 @!@!@
  |||||||||||||||line 98, col 36 to line 98, col 37 of module twoPhaseSingleShard: 2
@!@!@ENDMSG 2221 @!@!@
@!@!@STARTMSG 2221:0 @!@!@
  |||||||||||||||line 99, col 14 to line 99, col 102 of module twoPhaseSingleShard: 2
@!@!@ENDMSG 2221 @!@!@
@!@!@STARTMSG 2221:0 @!@!@
  |||||||||||||line 791, col 40 to line 791, col 40 of module twoPhaseSingleShard: 2
@!@!@ENDMSG 2221 @!@!@
@!@!@STARTMSG 2221:0 @!@!@
  |||||||||||||line 791, col 43 to line 791, col 50 of module twoPhaseSingleShard: 2
@!@!@ENDMSG 2221 @!@!@
@!@!@STARTMSG 2221:0 @!@!@
  ||||||||||||line 791, col 65 to line 791, col 115 of module twoPhaseSingleShard: 2
@!@!@ENDMSG 2221 @!@!@
@!@!@STARTMSG 2221:0 @!@!@
  ||||||line 794, col 57 to line 794, col 74 of module twoPhaseSingleShard: 2
@!@!@ENDMSG 2221 @!@!@
@!@!@STARTMSG 2221:0 @!@!@
  |||||line 794, col 30 to line 794, col 44 of module twoPhaseSingleShard: 25957
@!@!@ENDMSG 2221 @!@!@
@!@!@STARTMSG 2221:0 @!@!@
  ||||||line 792, col 23 to line 792, col 52 of module twoPhaseSingleShard: 25957
@!@!@ENDMSG 2221 @!@!@
@!@!@STARTMSG 2221:0 @!@!@
  |||||||line 792, col 23 to line 792, col 34 of module twoPhaseSingleShard: 25957
@!@!@ENDMSG 2221 @!@!@
@!@!@STARTMSG 2221:0 @!@!@
  ||||||||line 790, col 20 to line 790, col 76 of module twoPhaseSingleShard: 25957
@!@!@ENDMSG 2221 @!@!@
@!@!@STARTMSG 2775:0 @!@!@
  |||||||||line 790, col 26 to line 790, col 76 of module twoPhaseSingleShard: 25957:25959
@!@!@ENDMSG 2775 @!@!@
@!@!@STARTMSG 2221:0 @!@!@
  ||||||||||line 790, col 27 to line 790, col 54 of module twoPhaseSingleShard: 11929
@!@!@ENDMSG 2221 @!@!@
@!@!@STARTMSG 2221:0 @!@!@
  |||||||||||line 96, col 5 to line 100, col 14 of module twoPhaseSingleShard: 23870
@!@!@ENDMSG 2221 @!@!@
@!@!@STARTMSG 2221:0 @!@!@
  ||||||||||||line 96, col 8 to line 96, col 46 of module twoPhaseSingleShard: 23870
@!@!@ENDMSG 2221 @!@!@
@!@!@STARTMSG 2221:0 @!@!@
  ||||||||||||line 98, col 9 to line 99, col 102 of module twoPhaseSingleShard: 23870
@!@!@ENDMSG 2221 @!@!@
@!@!@STARTMSG 2221:0 @!@!@
  |||||||||||||line 98, col 12 to line 98, col 29 of module twoPhaseSingleShard: 23870
@!@!@ENDMSG 2221 @!@!@
@!@!@STARTMSG 2221:0 @!@!@
  |||||||||||||line 98, col 36 to line 98, col 37 of module twoPhaseSingleShard: 11929
@!@!@ENDMSG 2221 @!@!@
@!@!@STARTMSG 2221:0 @!@!@
  |||||||||||||line 99, col 14 to line 99, col 102 of module twoPhaseSingleShard: 11941
@!@!@ENDMSG 2221 @!@!@
@!@!@STARTMSG 2221:0 @!@!@
  |||||||||||line 790, col 40 to line 790, col 40 of module twoPhaseSingleShard: 11929
@!@!@ENDMSG 2221 @!@!@
@!@!@STARTMSG 2221:0 @!@!@
  |||||||||||line 790, col 43 to line 790, col 50 of module twoPhaseSingleShard: 11929
@!@!@ENDMSG 2221 @!@!@
@!@!@STARTMSG 2221:0 @!@!@
  ||||||||||line 790, col 64 to line 790, col 75 of module twoPhaseSingleShard: 25957
@!@!@ENDMSG 2221 @!@!@
@!@!@STARTMSG 2221:0 @!@!@
  |||||||line 792, col 41 to line 792, col 52 of module twoPhaseSingleShard: 25957
@!@!@ENDMSG 2221 @!@!@
@!@!@STARTMSG 2221:0 @!@!@
  ||||||||line 791, col 20 to line 791, col 117 of module twoPhaseSingleShard: 25957
@!@!@ENDMSG 2221 @!@!@
@!@!@STARTMSG 2221:0 @!@!@
  |||||||||line 791, col 26 to line 791, col 117 of module twoPhaseSingleShard: 25957
@!@!@ENDMSG 2221 @!@!@
@!@!@STARTMSG 2221:0 @!@!@
  ||||||||||line 791, col 27 to line 791, col 54 of module twoPhaseSingleShard: 2
@!@!@ENDMSG 2221 @!@!@
@!@!@STARTMSG 2221:0 @!@!@
  |||||||||||line 96, col 5 to line 100, col 14 of module twoPhaseSingleShard: 4
@!@!@ENDMSG 2221 @!@!@
@!@!@STARTMSG 2221:0 @!@!@
  ||||||||||||line 96, col 8 to line 96, col 46 of module twoPhaseSingleShard: 4
@!@!@ENDMSG 2221 @!@!@
@!@!@STARTMSG 2221:0 @!@!@
  ||||||||||||line 98, col 9 to line 99, col 102 of module twoPhaseSingleShard: 4
@!@!@ENDMSG 2221 @!@!@
@!@!@STARTMSG 2221:0 @!@!@
  |||||||||||||line 98, col 12 to line 98, col 29 of module twoPhaseSingleShard: 4
@!@!@ENDMSG 2221 @!@!@
@!@!@STARTMSG 2221:0 @!@!@
  |||||||||||||line 98, col 36 to line 98, col 37 of module twoPhaseSingleShard: 2
@!@!@ENDMSG 2221 @!@!@
@!@!@STARTMSG 2221:0 @!@!@
  |||||||||||||line 99, col 14 to line 99, col 102 of module twoPhaseSingleShard: 2
@!@!@ENDMSG 2221 @!@!@
@!@!@STARTMSG 2221:0 @!@!@
  |||||||||||line 791, col 40 to line 791, col 40 of module twoPhaseSingleShard: 2
@!@!@ENDMSG 2221 @!@!@
@!@!@STARTMSG 2221:0 @!@!@
  |||||||||||line 791, col 43 to line 791, col 50 of module twoPhaseSingleShard: 2
@!@!@ENDMSG 2221 @!@!@
@!@!@STARTMSG 2221:0 @!@!@
  ||||||||||line 791, col 65 to line 791, col 115 of module twoPhaseSingleShard: 25957
@!@!@ENDMSG 2221 @!@!@
@!@!@STARTMSG 2221:0 @!@!@
  ||||line 795, col 16 to line 795, col 53 of module twoPhaseSingleShard: 25957
@!@!@ENDMSG 2221 @!@!@
@!@!@STARTMSG 2221:0 @!@!@
  |||||line 795, col 19 to line 795, col 25 of module twoPhaseSingleShard: 25957
@!@!@ENDMSG 2221 @!@!@
@!@!@STARTMSG 2221:0 @!@!@
  |||||line 795, col 32 to line 795, col 45 of module twoPhaseSingleShard: 25955
@!@!@ENDMSG 2221 @!@!@
@!@!@STARTMSG 2221:0 @!@!@
  |||||line 795, col 52 to line 795, col 53 of module twoPhaseSingleShard: 2
@!@!@ENDMSG 2221 @!@!@
@!@!@STARTMSG 2221:0 @!@!@
  line 1272, col 21 to line 1272, col 21 of module twoPhaseSingleShard: 34866
@!@!@ENDMSG 2221 @!@!@
@!@!@STARTMSG 2221:0 @!@!@
  line 1272, col 24 to line 1272, col 34 of module twoPhaseSingleShard: 34866
@!@!@ENDMSG 2221 @!@!@
@!@!@STARTMSG 2221:0 @!@!@
  line 1272, col 52 to line 1272, col 92 of module twoPhaseSingleShard: 25959
@!@!@ENDMSG 2221 @!@!@
@!@!@STARTMSG 2221:0 @!@!@
  line 1272, col 95 to line 1272, col 113 of module twoPhaseSingleShard: 25959
@!@!@ENDMSG 2221 @!@!@
@!@!@STARTMSG 2221:0 @!@!@
  line 1272, col 116 to line 1272, col 125 of module twoPhaseSingleShard: 34864
@!@!@ENDMSG 2221 @!@!@
@!@!@STARTMSG 2221:0 @!@!@
  line 1273, col 8 to line 1273, col 23 of module twoPhaseSingleShard: 25957
@!@!@ENDMSG 2221 @!@!@
@!@!@STARTMSG 2221:0 @!@!@
  line 1274, col 8 to line 1274, col 188 of module twoPhaseSingleShard: 25957
@!@!@ENDMSG 2221 @!@!@
@!@!@STARTMSG 2221:0 @!@!@
  line 1389, col 28 to line 1389, col 28 of module twoPhaseSingleShard: 34866
@!@!@ENDMSG 2221 @!@!@
@!@!@STARTMSG 2221:0 @!@!@
  line 1389, col 31 to line 1389, col 31 of module twoPhaseSingleShard: 784416
@!@!@ENDMSG 2221 @!@!@
@!@!@STARTMSG 2221:0 @!@!@
  line 1390, col 16 to line 1390, col 35 of module twoPhaseSingleShard: 25957
@!@!@ENDMSG 2221 @!@!@
@!@!@STARTMSG 2221:0 @!@!@
  line 1388, col 16 to line 1388, col 20 of module twoPhaseSingleShard: 28054
@!@!@ENDMSG 2221 @!@!@
@!@!@STARTMSG 2221:0 @!@!@
  line 1388, col 29 to line 1388, col 46 of module twoPhaseSingleShard: 28054
@!@!@ENDMSG 2221 @!@!@
@!@!@STARTMSG 2775:0 @!@!@
  |line 58, col 5 to line 58, col 47 of module twoPhaseSingleShard: 28054:289526
@!@!@ENDMSG 2775 @!@!@
@!@!@STARTMSG 2221:0 @!@!@
  ||line 58, col 31 to line 58, col 45 of module twoPhaseSingleShard: 261488
@!@!@ENDMSG 2221 @!@!@
@!@!@STARTMSG 2221:0 @!@!@
  ||line 58, col 13 to line 58, col 27 of module twoPhaseSingleShard: 28054
@!@!@ENDMSG 2221 @!@!@
@!@!@STARTMSG 2221:0 @!@!@
  |line 1388, col 42 to line 1388, col 45 of module twoPhaseSingleShard: 28054
@!@!@ENDMSG 2221 @!@!@
@!@!@STARTMSG 2772:0 @!@!@
<Next line 1345, col 3 to line 1345, col 6 of module twoPhaseSingleShard (1391 7 1393 35)>: 2789:2795
@!@!@ENDMSG 2772 @!@!@
@!@!@STARTMSG 2221:0 @!@!@
  line 1280, col 8 to line 1280, col 39 of module twoPhaseSingleShard: 787193
@!@!@ENDMSG 2221 @!@!@
@!@!@STARTMSG 2221:0 @!@!@
  |line 1280, col 8 to line 1280, col 19 of module twoPhaseSingleShard: 784398
@!@!@ENDMSG 2221 @!@!@
@!@!@STARTMSG 2221:0 @!@!@
  line 1281, col 8 to line 1281, col 22 of module twoPhaseSingleShard: 29516
@!@!@ENDMSG 2221 @!@!@
@!@!@STARTMSG 2221:0 @!@!@
  |line 1281, col 8 to line 1281, col 8 of module twoPhaseSingleShard: 26721
@!@!@ENDMSG 2221 @!@!@
@!@!@STARTMSG 2221:0 @!@!@
  |line 1281, col 12 to line 1281, col 22 of module twoPhaseSingleShard: 26721
@!@!@ENDMSG 2221 @!@!@
@!@!@STARTMSG 2221:0 @!@!@
  line 1282, col 8 to line 1282, col 22 of module twoPhaseSingleShard: 11702
@!@!@ENDMSG 2221 @!@!@
@!@!@STARTMSG 2221:0 @!@!@
  |line 1282, col 8 to line 1282, col 8 of module twoPhaseSingleShard: 8907
@!@!@ENDMSG 2221 @!@!@
@!@!@STARTMSG 2221:0 @!@!@
  |line 1282, col 12 to line 1282, col 22 of module twoPhaseSingleShard: 8907
@!@!@ENDMSG 2221 @!@!@
@!@!@STARTMSG 2221:0 @!@!@
  line 857, col 9 to line 857, col 35 of module twoPhaseSingleShard: 6224
@!@!@ENDMSG 2221 @!@!@
@!@!@STARTMSG 2221:0 @!@!@
  |line 857, col 9 to line 857, col 30 of module twoPhaseSingleShard: 6224
@!@!@ENDMSG 2221 @!@!@
@!@!@STARTMSG 2221:0 @!@!@
  ||line 842, col 31 to line 842, col 71 of module twoPhaseSingleShard: 6224
@!@!@ENDMSG 2221 @!@!@
@!@!@STARTMSG 2221:0 @!@!@
  |||line 280, col 5 to line 280, col 91 of module twoPhaseSingleShard: 6224
@!@!@ENDMSG 2221 @!@!@
@!@!@STARTMSG 2221:0 @!@!@
  ||||line 280, col 55 to line 280, col 90 of module twoPhaseSingleShard: 984
@!@!@ENDMSG 2221 @!@!@
@!@!@STARTMSG 2221:0 @!@!@
  ||||line 280, col 13 to line 280, col 51 of module twoPhaseSingleShard: 6224
@!@!@ENDMSG 2221 @!@!@
@!@!@STARTMSG 2775:0 @!@!@
  |||||line 276, col 5 to line 276, col 81 of module twoPhaseSingleShard: 6224:7208
@!@!@ENDMSG 2775 @!@!@
@!@!@STARTMSG 2221:0 @!@!@
  ||||||line 276, col 54 to line 276, col 80 of module twoPhaseSingleShard: 1844
@!@!@ENDMSG 2221 @!@!@
@!@!@STARTMSG 2221:0 @!@!@
  |||||||line 267, col 29 to line 267, col 74 of module twoPhaseSingleShard: 1844
@!@!@ENDMSG 2221 @!@!@
@!@!@STARTMSG 2221:0 @!@!@
  ||||||||line 267, col 54 to line 267, col 74 of module twoPhaseSingleShard: 1011
@!@!@ENDMSG 2221 @!@!@
@!@!@STARTMSG 2221:0 @!@!@
  ||||||||line 267, col 38 to line 267, col 50 of module twoPhaseSingleShard: 1844
@!@!@ENDMSG 2221 @!@!@
@!@!@STARTMSG 2221:0 @!@!@
  |||||||line 266, col 22 to line 266, col 98 of module twoPhaseSingleShard: 1011
@!@!@ENDMSG 2221 @!@!@
@!@!@STARTMSG 2221:0 @!@!@
  ||||||||line 266, col 23 to line 266, col 59 of module twoPhaseSingleShard: 2117
@!@!@ENDMSG 2221 @!@!@
@!@!@STARTMSG 2221:0 @!@!@
  ||||||||line 266, col 70 to line 266, col 97 of module twoPhaseSingleShard: 1011
@!@!@ENDMSG 2221 @!@!@
@!@!@STARTMSG 2775:0 @!@!@
  |||||||line 265, col 26 to line 265, col 65 of module twoPhaseSingleShard: 1844:2855
@!@!@ENDMSG 2775 @!@!@
@!@!@STARTMSG 2221:0 @!@!@
  ||||||||line 265, col 28 to line 265, col 31 of module twoPhaseSingleShard: 1011
@!@!@ENDMSG 2221 @!@!@
@!@!@STARTMSG 2221:0 @!@!@
  |||||||||line 264, col 17 to line 264, col 81 of module twoPhaseSingleShard: 1011
@!@!@ENDMSG 2221 @!@!@
@!@!@STARTMSG 2221:0 @!@!@
  ||||||||||line 264, col 18 to line 264, col 48 of module twoPhaseSingleShard: 2209
@!@!@ENDMSG 2221 @!@!@
@!@!@STARTMSG 2221:0 @!@!@
  ||||||||||line 264, col 58 to line 264, col 80 of module twoPhaseSingleShard: 1011
@!@!@ENDMSG 2221 @!@!@
@!@!@STARTMSG 2221:0 @!@!@
  |||||||||line 265, col 30 to line 265, col 30 of module twoPhaseSingleShard: 1011
@!@!@ENDMSG 2221 @!@!@
@!@!@STARTMSG 2221:0 @!@!@
  ||||||||line 265, col 41 to line 265, col 63 of module twoPhaseSingleShard: 1844
@!@!@ENDMSG 2221 @!@!@
@!@!@STARTMSG 2775:0 @!@!@
  |||||||||line 92, col 18 to line 92, col 42 of module twoPhaseSingleShard: 1844:2855
@!@!@ENDMSG 2775 @!@!@
@!@!@STARTMSG 2221:0 @!@!@
  ||||||||||line 92, col 20 to line 92, col 23 of module twoPhaseSingleShard: 1011
@!@!@ENDMSG 2221 @!@!@
@!@!@STARTMSG 2221:0 @!@!@
  ||||||||||line 92, col 33 to line 92, col 40 of module twoPhaseSingleShard: 1844
@!@!@ENDMSG 2221 @!@!@
@!@!@STARTMSG 2221:0 @!@!@
  |||||||||line 265, col 52 to line 265, col 62 of module twoPhaseSingleShard: 1844
@!@!@ENDMSG 2221 @!@!@
@!@!@STARTMSG 2221:0 @!@!@
  |||||||line 269, col 9 to line 269, col 23 of module twoPhaseSingleShard: 1844
@!@!@ENDMSG 2221 @!@!@
@!@!@STARTMSG 2221:0 @!@!@
  |||||||line 276, col 65 to line 276, col 66 of module twoPhaseSingleShard: 1011
@!@!@ENDMSG 2221 @!@!@
@!@!@STARTMSG 2221:0 @!@!@
  |||||||line 276, col 69 to line 276, col 79 of module twoPhaseSingleShard: 1844
@!@!@ENDMSG 2221 @!@!@
@!@!@STARTMSG 2221:0 @!@!@
  ||||||line 276, col 13 to line 276, col 50 of module twoPhaseSingleShard: 6224
@!@!@ENDMSG 2221 @!@!@
@!@!@STARTMSG 2221:0 @!@!@
  |||||line 280, col 37 to line 280, col 37 of module twoPhaseSingleShard: 6224
@!@!@ENDMSG 2221 @!@!@
@!@!@STARTMSG 2221:0 @!@!@
  |||||line 280, col 40 to line 280, col 50 of module twoPhaseSingleShard: 1840
@!@!@ENDMSG 2221 @!@!@
@!@!@STARTMSG 2221:0 @!@!@
  |||line 842, col 46 to line 842, col 46 of module twoPhaseSingleShard: 6224
@!@!@ENDMSG 2221 @!@!@
@!@!@STARTMSG 2221:0 @!@!@
  |||line 842, col 49 to line 842, col 67 of module twoPhaseSingleShard: 1840
@!@!@ENDMSG 2221 @!@!@
@!@!@STARTMSG 2221:0 @!@!@
  |line 857, col 34 to line 857, col 35 of module twoPhaseSingleShard: 6224
@!@!@ENDMSG 2221 @!@!@
@!@!@STARTMSG 2221:0 @!@!@
  line 859, col 9 to line 859, col 92 of module twoPhaseSingleShard: 634
@!@!@ENDMSG 2221 @!@!@
@!@!@STARTMSG 2221:0 @!@!@
  |line 859, col 11 to line 859, col 91 of module twoPhaseSingleShard: 340
@!@!@ENDMSG 2221 @!@!@
@!@!@STARTMSG 2221:0 @!@!@
  line 860, col 9 to line 860, col 124 of module twoPhaseSingleShard: 294
@!@!@ENDMSG 2221 @!@!@
@!@!@STARTMSG 2221:0 @!@!@
  line 861, col 9 to line 864, col 122 of module twoPhaseSingleShard: 294
@!@!@ENDMSG 2221 @!@!@
@!@!@STARTMSG 2221:0 @!@!@
  |line 861, col 36 to line 864, col 122 of module twoPhaseSingleShard: 294
@!@!@ENDMSG 2221 @!@!@
@!@!@STARTMSG 2221:0 @!@!@
  ||line 861, col 37 to line 861, col 59 of module twoPhaseSingleShard: 294
@!@!@ENDMSG 2221 @!@!@
@!@!@STARTMSG 2221:0 @!@!@
  ||line 861, col 68 to line 861, col 102 of module twoPhaseSingleShard: 294
@!@!@ENDMSG 2221 @!@!@
@!@!@STARTMSG 2221:0 @!@!@
  ||line 862, col 68 to line 862, col 136 of module twoPhaseSingleShard: 294
@!@!@ENDMSG 2221 @!@!@
@!@!@STARTMSG 2221:0 @!@!@
  ||line 862, col 86 to line 862, col 136 of module twoPhaseSingleShard: 294
@!@!@ENDMSG 2221 @!@!@
@!@!@STARTMSG 2221:0 @!@!@
  |||line 862, col 87 to line 862, col 105 of module twoPhaseSingleShard: 294
@!@!@ENDMSG 2221 @!@!@
@!@!@STARTMSG 2221:0 @!@!@
  |||line 862, col 115 to line 862, col 136 of module twoPhaseSingleShard: 294
@!@!@ENDMSG 2221 @!@!@
@!@!@STARTMSG 2221:0 @!@!@
  ||||line 842, col 31 to line 842, col 71 of module twoPhaseSingleShard: 294
@!@!@ENDMSG 2221 @!@!@
@!@!@STARTMSG 2775:0 @!@!@
  |||||line 280, col 5 to line 280, col 91 of module twoPhaseSingleShard: 294:8
@!@!@ENDMSG 2775 @!@!@
@!@!@STARTMSG 2221:0 @!@!@
  ||||||line 280, col 55 to line 280, col 90 of module twoPhaseSingleShard: 295
@!@!@ENDMSG 2221 @!@!@
@!@!@STARTMSG 2221:0 @!@!@
  ||||||line 280, col 13 to line 280, col 51 of module twoPhaseSingleShard: 294
@!@!@ENDMSG 2221 @!@!@
@!@!@STARTMSG 2775:0 @!@!@
  |||||||line 276, col 5 to line 276, col 81 of module twoPhaseSingleShard: 294:589
@!@!@ENDMSG 2775 @!@!@
@!@!@STARTMSG 2221:0 @!@!@
  ||||||||line 276, col 54 to line 276, col 80 of module twoPhaseSingleShard: 295
@!@!@ENDMSG 2221 @!@!@
@!@!@STARTMSG 2221:0 @!@!@
  |||||||||line 267, col 29 to line 267, col 74 of module twoPhaseSingleShard: 295
@!@!@ENDMSG 2221 @!@!@
@!@!@STARTMSG 2221:0 @!@!@
  |||||||||line 266, col 22 to line 266, col 98 of module twoPhaseSingleShard: 295
@!@!@ENDMSG 2221 @!@!@
@!@!@STARTMSG 2221:0 @!@!@
  ||||||||||line 266, col 23 to line 266, col 59 of module twoPhaseSingleShard: 597
@!@!@ENDMSG 2221 @!@!@
@!@!@STARTMSG 2221:0 @!@!@
  ||||||||||line 266, col 70 to line 266, col 97 of module twoPhaseSingleShard: 295
@!@!@ENDMSG 2221 @!@!@
@!@!@STARTMSG 2775:0 @!@!@
  |||||||||line 265, col 26 to line 265, col 65 of module twoPhaseSingleShard: 295:590
@!@!@ENDMSG 2775 @!@!@
@!@!@STARTMSG 2221:0 @!@!@
  ||||||||||line 265, col 28 to line 265, col 31 of module twoPhaseSingleShard: 295
@!@!@ENDMSG 2221 @!@!@
@!@!@STARTMSG 2221:0 @!@!@
  |||||||||||line 264, col 17 to line 264, col 81 of module twoPhaseSingleShard: 295
@!@!@ENDMSG 2221 @!@!@
@!@!@STARTMSG 2221:0 @!@!@
  ||||||||||||line 264, col 18 to line 264, col 48 of module twoPhaseSingleShard: 583
@!@!@ENDMSG 2221 @!@!@
@!@!@STARTMSG 2221:0 @!@!@
  ||||||||||||line 264, col 58 to line 264, col 80 of module twoPhaseSingleShard: 295
@!@!@ENDMSG 2221 @!@!@
@!@!@STARTMSG 2221:0 @!@!@
  |||||||||||line 265, col 30 to line 265, col 30 of module twoPhaseSingleShard: 295
@!@!@ENDMSG 2221 @!@!@
@!@!@STARTMSG 2221:0 @!@!@
  ||||||||||line 265, col 41 to line 265, col 63 of module twoPhaseSingleShard: 295
@!@!@ENDMSG 2221 @!@!@
@!@!@STARTMSG 2221:0 @!@!@
  |||||||||line 269, col 9 to line 269, col 23 of module twoPhaseSingleShard: 295
@!@!@ENDMSG 2221 @!@!@
@!@!@STARTMSG 2221:0 @!@!@
  |||||||||line 276, col 65 to line 276, col 66 of module twoPhaseSingleShard: 295
@!@!@ENDMSG 2221 @!@!@
@!@!@STARTMSG 2221:0 @!@!@
  |||||||||line 276, col 69 to line 276, col 79 of module twoPhaseSingleShard: 295
@!@!@ENDMSG 2221 @!@!@
@!@!@STARTMSG 2221:0 @!@!@
  ||||||||line 276, col 13 to line 276, col 50 of module twoPhaseSingleShard: 294
@!@!@ENDMSG 2221 @!@!@
@!@!@STARTMSG 2221:0 @!@!@
  |||||||line 280, col 37 to line 280, col 37 of module twoPhaseSingleShard: 294
@!@!@ENDMSG 2221 @!@!@
@!@!@STARTMSG 2221:0 @!@!@
  |||||||line 280, col 40 to line 280, col 50 of module twoPhaseSingleShard: 294
@!@!@ENDMSG 2221 @!@!@
@!@!@STARTMSG 2221:0 @!@!@
  |||||line 842, col 46 to line 842, col 46 of module twoPhaseSingleShard: 294
@!@!@ENDMSG 2221 @!@!@
@!@!@STARTMSG 2221:0 @!@!@
  |||||line 842, col 49 to line 842, col 67 of module twoPhaseSingleShard: 294
@!@!@ENDMSG 2221 @!@!@
@!@!@STARTMSG 2221:0 @!@!@
  ||line 863, col 68 to line 863, col 99 of module twoPhaseSingleShard: 294
@!@!@ENDMSG 2221 @!@!@
@!@!@STARTMSG 2221:0 @!@!@
  ||line 864, col 68 to line 864, col 121 of module twoPhaseSingleShard: 294
@!@!@ENDMSG 2221 @!@!@
@!@!@STARTMSG 2221:0 @!@!@
  line 865, col 9 to line 865, col 117 of module twoPhaseSingleShard: 294
@!@!@ENDMSG 2221 @!@!@
@!@!@STARTMSG 2221:0 @!@!@
  |line 865, col 28 to line 865, col 117 of module twoPhaseSingleShard: 294
@!@!@ENDMSG 2221 @!@!@
@!@!@STARTMSG 2221:0 @!@!@
  ||line 865, col 29 to line 865, col 43 of module twoPhaseSingleShard: 294
@!@!@ENDMSG 2221 @!@!@
@!@!@STARTMSG 2221:0 @!@!@
  ||line 865, col 52 to line 865, col 116 of module twoPhaseSingleShard: 294
@!@!@ENDMSG 2221 @!@!@
@!@!@STARTMSG 2221:0 @!@!@
  ||line 865, col 59 to line 865, col 116 of module twoPhaseSingleShard: 294
@!@!@ENDMSG 2221 @!@!@
@!@!@STARTMSG 2221:0 @!@!@
  |||line 238, col 5 to line 238, col 38 of module twoPhaseSingleShard: 294
@!@!@ENDMSG 2221 @!@!@
@!@!@STARTMSG 2221:0 @!@!@
  ||||line 224, col 5 to line 233, col 13 of module twoPhaseSingleShard: 588
@!@!@ENDMSG 2221 @!@!@
@!@!@STARTMSG 2221:0 @!@!@
  |||||line 224, col 8 to line 224, col 41 of module twoPhaseSingleShard: 588
@!@!@ENDMSG 2221 @!@!@
@!@!@STARTMSG 2221:0 @!@!@
  |||||line 226, col 9 to line 231, col 113 of module twoPhaseSingleShard: 588
@!@!@ENDMSG 2221 @!@!@
@!@!@STARTMSG 2221:0 @!@!@
  ||||||line 226, col 12 to line 226, col 28 of module twoPhaseSingleShard: 588
@!@!@ENDMSG 2221 @!@!@
@!@!@STARTMSG 2221:0 @!@!@
  ||||||line 226, col 35 to line 226, col 35 of module twoPhaseSingleShard: 294
@!@!@ENDMSG 2221 @!@!@
@!@!@STARTMSG 2221:0 @!@!@
  ||||||line 227, col 14 to line 231, col 113 of module twoPhaseSingleShard: 294
@!@!@ENDMSG 2221 @!@!@
@!@!@STARTMSG 2221:0 @!@!@
  |||||||line 227, col 17 to line 227, col 81 of module twoPhaseSingleShard: 294
@!@!@ENDMSG 2221 @!@!@
@!@!@STARTMSG 2221:0 @!@!@
  |||||||line 231, col 9 to line 231, col 113 of module twoPhaseSingleShard: 294
@!@!@ENDMSG 2221 @!@!@
@!@!@STARTMSG 2221:0 @!@!@
  ||||||||line 231, col 18 to line 231, col 33 of module twoPhaseSingleShard: 294
@!@!@ENDMSG 2221 @!@!@
@!@!@STARTMSG 2221:0 @!@!@
  ||||||||line 231, col 44 to line 231, col 101 of module twoPhaseSingleShard: 294
@!@!@ENDMSG 2221 @!@!@
@!@!@STARTMSG 2221:0 @!@!@
  |||||||||line 214, col 5 to line 215, col 75 of module twoPhaseSingleShard: 874
@!@!@ENDMSG 2221 @!@!@
@!@!@STARTMSG 2221:0 @!@!@
  ||||||||||line 214, col 8 to line 214, col 17 of module twoPhaseSingleShard: 874
@!@!@ENDMSG 2221 @!@!@
@!@!@STARTMSG 2221:0 @!@!@
  ||||||||||line 214, col 24 to line 214, col 24 of module twoPhaseSingleShard: 294
@!@!@ENDMSG 2221 @!@!@
@!@!@STARTMSG 2221:0 @!@!@
  ||||||||||line 215, col 10 to line 215, col 75 of module twoPhaseSingleShard: 580
@!@!@ENDMSG 2221 @!@!@
@!@!@STARTMSG 2221:0 @!@!@
  |||||||||||line 215, col 26 to line 215, col 34 of module twoPhaseSingleShard: 580
@!@!@ENDMSG 2221 @!@!@
@!@!@STARTMSG 2221:0 @!@!@
  |||||||||||line 215, col 37 to line 215, col 42 of module twoPhaseSingleShard: 286
@!@!@ENDMSG 2221 @!@!@
@!@!@STARTMSG 2221:0 @!@!@
  |||||||||||line 215, col 46 to line 215, col 74 of module twoPhaseSingleShard: 580
@!@!@ENDMSG 2221 @!@!@
@!@!@STARTMSG 2221:0 @!@!@
  ||||||||||||line 170, col 5 to line 210, col 9 of module twoPhaseSingleShard: 580
@!@!@ENDMSG 2221 @!@!@
@!@!@STARTMSG 2221:0 @!@!@
  |||||||||||||line 170, col 8 to line 170, col 44 of module twoPhaseSingleShard: 580
@!@!@ENDMSG 2221 @!@!@
@!@!@STARTMSG 2221:0 @!@!@
  |||||||||||||line 172, col 9 to line 208, col 39 of module twoPhaseSingleShard: 580
@!@!@ENDMSG 2221 @!@!@
@!@!@STARTMSG 2221:0 @!@!@
  ||||||||||||||line 172, col 14 to line 172, col 54 of module twoPhaseSingleShard: 580
@!@!@ENDMSG 2221 @!@!@
@!@!@STARTMSG 2221:0 @!@!@
  |||||||||||||||line 172, col 14 to line 172, col 30 of module twoPhaseSingleShard: 580
@!@!@ENDMSG 2221 @!@!@
@!@!@STARTMSG 2221:0 @!@!@
  |||||||||||||||line 172, col 35 to line 172, col 54 of module twoPhaseSingleShard: 437
@!@!@ENDMSG 2221 @!@!@
@!@!@STARTMSG 2221:0 @!@!@
  ||||||||||||||line 172, col 61 to line 172, col 119 of module twoPhaseSingleShard: 286
@!@!@ENDMSG 2221 @!@!@
@!@!@STARTMSG 2221:0 @!@!@
  ||||||||||||||line 173, col 12 to line 173, col 55 of module twoPhaseSingleShard: 294
@!@!@ENDMSG 2221 @!@!@
@!@!@STARTMSG 2221:0 @!@!@
  |||||||||||||||line 173, col 12 to line 173, col 28 of module twoPhaseSingleShard: 294
@!@!@ENDMSG 2221 @!@!@
@!@!@STARTMSG 2221:0 @!@!@
  |||||||||||||||line 173, col 33 to line 173, col 55 of module twoPhaseSingleShard: 151
@!@!@ENDMSG 2221 @!@!@
@!@!@STARTMSG 2221:0 @!@!@
  ||||||||||||||line 182, col 15 to line 184, col 20 of module twoPhaseSingleShard: 151
@!@!@ENDMSG 2221 @!@!@
@!@!@STARTMSG 2221:0 @!@!@
  ||||||||||||||line 185, col 12 to line 185, col 52 of module twoPhaseSingleShard: 143
@!@!@ENDMSG 2221 @!@!@
@!@!@STARTMSG 2221:0 @!@!@
  ||||||||||||||line 194, col 9 to line 194, col 30 of module twoPhaseSingleShard: 143
@!@!@ENDMSG 2221 @!@!@
@!@!@STARTMSG 2221:0 @!@!@
  |||||||||||||||line 194, col 10 to line 194, col 19 of module twoPhaseSingleShard: 286
@!@!@ENDMSG 2221 @!@!@
@!@!@STARTMSG 2221:0 @!@!@
  ||||||||||||||||line 188, col 17 to line 192, col 26 of module twoPhaseSingleShard: 286
@!@!@ENDMSG 2221 @!@!@
@!@!@STARTMSG 2221:0 @!@!@
  |||||||||||||||||line 188, col 20 to line 188, col 45 of module twoPhaseSingleShard: 286
@!@!@ENDMSG 2221 @!@!@
@!@!@STARTMSG 2221:0 @!@!@
  |||||||||||||||||line 189, col 25 to line 189, col 96 of module twoPhaseSingleShard: 143
@!@!@ENDMSG 2221 @!@!@
@!@!@STARTMSG 2221:0 @!@!@
  |||||||||||||||||line 192, col 26 to line 192, col 26 of module twoPhaseSingleShard: 143
@!@!@ENDMSG 2221 @!@!@
@!@!@STARTMSG 2221:0 @!@!@
  ||||||||||||||||line 194, col 18 to line 194, col 18 of module twoPhaseSingleShard: 286
@!@!@ENDMSG 2221 @!@!@
@!@!@STARTMSG 2221:0 @!@!@
  |||||||||||||||line 194, col 29 to line 194, col 29 of module twoPhaseSingleShard: 143
@!@!@ENDMSG 2221 @!@!@
@!@!@STARTMSG 2221:0 @!@!@
  ||||||||||||line 215, col 54 to line 215, col 62 of module twoPhaseSingleShard: 580
@!@!@ENDMSG 2221 @!@!@
@!@!@STARTMSG 2221:0 @!@!@
  ||||||||||||line 215, col 65 to line 215, col 70 of module twoPhaseSingleShard: 580
@!@!@ENDMSG 2221 @!@!@
@!@!@STARTMSG 2221:0 @!@!@
  ||||||||||||line 215, col 73 to line 215, col 73 of module twoPhaseSingleShard: 580
@!@!@ENDMSG 2221 @!@!@
@!@!@STARTMSG 2221:0 @!@!@
  |||||||||line 231, col 60 to line 231, col 89 of module twoPhaseSingleShard: 294
@!@!@ENDMSG 2221 @!@!@
@!@!@STARTMSG 2221:0 @!@!@
  |||||||||line 231, col 92 to line 231, col 97 of module twoPhaseSingleShard: 294
@!@!@ENDMSG 2221 @!@!@
@!@!@STARTMSG 2221:0 @!@!@
  |||||||||line 231, col 100 to line 231, col 100 of module twoPhaseSingleShard: 294
@!@!@ENDMSG 2221 @!@!@
@!@!@STARTMSG 2221:0 @!@!@
  ||||||||line 231, col 104 to line 231, col 112 of module twoPhaseSingleShard: 294
@!@!@ENDMSG 2221 @!@!@
@!@!@STARTMSG 2221:0 @!@!@
  ||||line 238, col 14 to line 238, col 23 of module twoPhaseSingleShard: 294
@!@!@ENDMSG 2221 @!@!@
@!@!@STARTMSG 2221:0 @!@!@
  ||||line 238, col 26 to line 238, col 31 of module twoPhaseSingleShard: 294
@!@!@ENDMSG 2221 @!@!@
@!@!@STARTMSG 2221:0 @!@!@
  ||||line 238, col 34 to line 238, col 34 of module twoPhaseSingleShard: 294
@!@!@ENDMSG 2221 @!@!@
@!@!@STARTMSG 2221:0 @!@!@
  |||line 865, col 74 to line 865, col 92 of module twoPhaseSingleShard: 294
@!@!@ENDMSG 2221 @!@!@
@!@!@STARTMSG 2221:0 @!@!@
  |||line 865, col 95 to line 865, col 95 of module twoPhaseSingleShard: 294
@!@!@ENDMSG 2221 @!@!@
@!@!@STARTMSG 2221:0 @!@!@
  |||line 865, col 98 to line 865, col 115 of module twoPhaseSingleShard: 294
@!@!@ENDMSG 2221 @!@!@
@!@!@STARTMSG 2221:0 @!@!@
  line 867, col 9 to line 867, col 86 of module twoPhaseSingleShard: 588
@!@!@ENDMSG 2221 @!@!@
@!@!@STARTMSG 2221:0 @!@!@
  |line 867, col 10 to line 867, col 86 of module twoPhaseSingleShard: 294
@!@!@ENDMSG 2221 @!@!@
@!@!@STARTMSG 2221:0 @!@!@
  line 868, col 9 to line 868, col 41 of module twoPhaseSingleShard: 294
@!@!@ENDMSG 2221 @!@!@
@!@!@STARTMSG 2221:0 @!@!@
  |line 868, col 17 to line 868, col 41 of module twoPhaseSingleShard: 294
@!@!@ENDMSG 2221 @!@!@
@!@!@STARTMSG 2221:0 @!@!@
  ||line 868, col 17 to line 868, col 20 of module twoPhaseSingleShard: 294
@!@!@ENDMSG 2221 @!@!@
@!@!@STARTMSG 2221:0 @!@!@
  ||line 868, col 25 to line 868, col 41 of module twoPhaseSingleShard: 294
@!@!@ENDMSG 2221 @!@!@
@!@!@STARTMSG 2775:0 @!@!@
  |||line 853, col 26 to line 853, col 56 of module twoPhaseSingleShard: 294:589
@!@!@ENDMSG 2775 @!@!@
@!@!@STARTMSG 2221:0 @!@!@
  ||||line 853, col 34 to line 853, col 48 of module twoPhaseSingleShard: 294
@!@!@ENDMSG 2221 @!@!@
@!@!@STARTMSG 2221:0 @!@!@
  |||||line 852, col 25 to line 852, col 107 of module twoPhaseSingleShard: 294
@!@!@ENDMSG 2221 @!@!@
@!@!@STARTMSG 2775:0 @!@!@
  ||||||line 852, col 30 to line 852, col 107 of module twoPhaseSingleShard: 294:883
@!@!@ENDMSG 2775 @!@!@
@!@!@STARTMSG 2221:0 @!@!@
  |||||||line 852, col 31 to line 852, col 93 of module twoPhaseSingleShard: 294
@!@!@ENDMSG 2221 @!@!@
@!@!@STARTMSG 2221:0 @!@!@
  |||||||line 852, col 96 to line 852, col 106 of module twoPhaseSingleShard: 294
@!@!@ENDMSG 2221 @!@!@
@!@!@STARTMSG 2221:0 @!@!@
  ||||||||line 843, col 20 to line 851, col 46 of module twoPhaseSingleShard: 294
@!@!@ENDMSG 2221 @!@!@
@!@!@STARTMSG 2221:0 @!@!@
  |||||||||line 843, col 21 to line 850, col 17 of module twoPhaseSingleShard: 295
@!@!@ENDMSG 2221 @!@!@
@!@!@STARTMSG 2221:0 @!@!@
  |||||||||line 851, col 24 to line 851, col 45 of module twoPhaseSingleShard: 294
@!@!@ENDMSG 2221 @!@!@
@!@!@STARTMSG 2221:0 @!@!@
  ||||||||||line 842, col 31 to line 842, col 71 of module twoPhaseSingleShard: 294
@!@!@ENDMSG 2221 @!@!@
@!@!@STARTMSG 2775:0 @!@!@
  |||||||||||line 280, col 5 to line 280, col 91 of module twoPhaseSingleShard: 294:589
@!@!@ENDMSG 2775 @!@!@
@!@!@STARTMSG 2221:0 @!@!@
  ||||||||||||line 280, col 55 to line 280, col 90 of module twoPhaseSingleShard: 295
@!@!@ENDMSG 2221 @!@!@
@!@!@STARTMSG 2221:0 @!@!@
  ||||||||||||line 280, col 13 to line 280, col 51 of module twoPhaseSingleShard: 294
@!@!@ENDMSG 2221 @!@!@
@!@!@STARTMSG 2775:0 @!@!@
  |||||||||||||line 276, col 5 to line 276, col 81 of module twoPhaseSingleShard: 294:589
@!@!@ENDMSG 2775 @!@!@
@!@!@STARTMSG 2221:0 @!@!@
  ||||||||||||||line 276, col 54 to line 276, col 80 of module twoPhaseSingleShard: 295
@!@!@ENDMSG 2221 @!@!@
@!@!@STARTMSG 2221:0 @!@!@
  |||||||||||||||line 267, col 29 to line 267, col 74 of module twoPhaseSingleShard: 295
@!@!@ENDMSG 2221 @!@!@
@!@!@STARTMSG 2221:0 @!@!@
  |||||||||||||||line 266, col 22 to line 266, col 98 of module twoPhaseSingleShard: 295
@!@!@ENDMSG 2221 @!@!@
@!@!@STARTMSG 2221:0 @!@!@
  ||||||||||||||||line 266, col 23 to line 266, col 59 of module twoPhaseSingleShard: 597
@!@!@ENDMSG 2221 @!@!@
@!@!@STARTMSG 2221:0 @!@!@
  ||||||||||||||||line 266, col 70 to line 266, col 97 of module twoPhaseSingleShard: 295
@!@!@ENDMSG 2221 @!@!@
@!@!@STARTMSG 2775:0 @!@!@
  |||||||||||||||line 265, col 26 to line 265, col 65 of module twoPhaseSingleShard: 295:590
@!@!@ENDMSG 2775 @!@!@
@!@!@STARTMSG 2221:0 @!@!@
  ||||||||||||||||line 265, col 28 to line 265, col 31 of module twoPhaseSingleShard: 295
@!@!@ENDMSG 2221 @!@!@
@!@!@STARTMSG 2221:0 @!@!@
  |||||||||||||||||line 264, col 17 to line 264, col 81 of module twoPhaseSingleShard: 295
@!@!@ENDMSG 2221 @!@!@
@!@!@STARTMSG 2221:0 @!@!@
  ||||||||||||||||||line 264, col 18 to line 264, col 48 of module twoPhaseSingleShard: 583
@!@!@ENDMSG 2221 @!@!@
@!@!@STARTMSG 2221:0 @!@!@
  ||||||||||||||||||line 264, col 58 to line 264, col 80 of module twoPhaseSingleShard: 295
@!@!@ENDMSG 2221 @!@!@
@!@!@STARTMSG 2221:0 @!@!@
  |||||||||||||||||line 265, col 30 to line 265, col 30 of module twoPhaseSingleShard: 295
@!@!@ENDMSG 2221 @!@!@
@!@!@STARTMSG 2221:0 @!@!@
  ||||||||||||||||line 265, col 41 to line 265, col 63 of module twoPhaseSingleShard: 295
@!@!@ENDMSG 2221 @!@!@
@!@!@STARTMSG 2221:0 @!@!@
  |||||||||||||||line 269, col 9 to line 269, col 23 of module twoPhaseSingleShard: 295
@!@!@ENDMSG 2221 @!@!@
@!@!@STARTMSG 2221:0 @!@!@
  |||||||||||||||line 276, col 65 to line 276, col 66 of module twoPhaseSingleShard: 295
@!@!@ENDMSG 2221 @!@!@
@!@!@STARTMSG 2221:0 @!@!@
  |||||||||||||||line 276, col 69 to line 276, col 79 of module twoPhaseSingleShard: 295
@!@!@ENDMSG 2221 @!@!@
@!@!@STARTMSG 2221:0 @!@!@
  ||||||||||||||line 276, col 13 to line 276, col 50 of module twoPhaseSingleShard: 294
@!@!@ENDMSG 2221 @!@!@
@!@!@STARTMSG 2221:0 @!@!@
  |||||||||||||line 280, col 37 to line 280, col 37 of module twoPhaseSingleShard: 294
@!@!@ENDMSG 2221 @!@!@
@!@!@STARTMSG 2221:0 @!@!@
  |||||||||||||line 280, col 40 to line 280, col 50 of module twoPhaseSingleShard: 294
@!@!@ENDMSG 2221 @!@!@
@!@!@STARTMSG 2221:0 @!@!@
  |||||||||||line 842, col 46 to line 842, col 46 of module twoPhaseSingleShard: 294
@!@!@ENDMSG 2221 @!@!@
@!@!@STARTMSG 2221:0 @!@!@
  |||||||||||line 842, col 49 to line 842, col 67 of module twoPhaseSingleShard: 294
@!@!@ENDMSG 2221 @!@!@
@!@!@STARTMSG 2221:0 @!@!@
  line 870, col 9 to line 870, col 92 of module twoPhaseSingleShard: 8385
@!@!@ENDMSG 2221 @!@!@
@!@!@STARTMSG 2221:0 @!@!@
  |line 870, col 11 to line 870, col 91 of module twoPhaseSingleShard: 5884
@!@!@ENDMSG 2221 @!@!@
@!@!@STARTMSG 2221:0 @!@!@
  ||line 870, col 11 to line 870, col 41 of module twoPhaseSingleShard: 5884
@!@!@ENDMSG 2221 @!@!@
@!@!@STARTMSG 2775:0 @!@!@
  |||line 92, col 18 to line 92, col 42 of module twoPhaseSingleShard: 5884:6854
@!@!@ENDMSG 2775 @!@!@
@!@!@STARTMSG 2221:0 @!@!@
  ||||line 92, col 20 to line 92, col 23 of module twoPhaseSingleShard: 3471
@!@!@ENDMSG 2221 @!@!@
@!@!@STARTMSG 2221:0 @!@!@
  ||||line 92, col 33 to line 92, col 40 of module twoPhaseSingleShard: 5884
@!@!@ENDMSG 2221 @!@!@
@!@!@STARTMSG 2221:0 @!@!@
  |||line 870, col 22 to line 870, col 40 of module twoPhaseSingleShard: 5884
@!@!@ENDMSG 2221 @!@!@
@!@!@STARTMSG 2221:0 @!@!@
  ||line 870, col 53 to line 870, col 91 of module twoPhaseSingleShard: 5884
@!@!@ENDMSG 2221 @!@!@
@!@!@STARTMSG 2221:0 @!@!@
  line 871, col 9 to line 871, col 124 of module twoPhaseSingleShard: 2501
@!@!@ENDMSG 2221 @!@!@
@!@!@STARTMSG 2221:0 @!@!@
  line 872, col 9 to line 875, col 122 of module twoPhaseSingleShard: 2501
@!@!@ENDMSG 2221 @!@!@
@!@!@STARTMSG 2221:0 @!@!@
  line 876, col 9 to line 876, col 117 of module twoPhaseSingleShard: 2501
@!@!@ENDMSG 2221 @!@!@
@!@!@STARTMSG 2221:0 @!@!@
  |line 876, col 28 to line 876, col 117 of module twoPhaseSingleShard: 2501
@!@!@ENDMSG 2221 @!@!@
@!@!@STARTMSG 2221:0 @!@!@
  ||line 876, col 29 to line 876, col 43 of module twoPhaseSingleShard: 2501
@!@!@ENDMSG 2221 @!@!@
@!@!@STARTMSG 2221:0 @!@!@
  ||line 876, col 52 to line 876, col 116 of module twoPhaseSingleShard: 2501
@!@!@ENDMSG 2221 @!@!@
@!@!@STARTMSG 2221:0 @!@!@
  ||line 876, col 59 to line 876, col 116 of module twoPhaseSingleShard: 2501
@!@!@ENDMSG 2221 @!@!@
@!@!@STARTMSG 2221:0 @!@!@
  |||line 238, col 5 to line 238, col 38 of module twoPhaseSingleShard: 2501
@!@!@ENDMSG 2221 @!@!@
@!@!@STARTMSG 2221:0 @!@!@
  ||||line 224, col 5 to line 233, col 13 of module twoPhaseSingleShard: 5002
@!@!@ENDMSG 2221 @!@!@
@!@!@STARTMSG 2221:0 @!@!@
  |||||line 224, col 8 to line 224, col 41 of module twoPhaseSingleShard: 5002
@!@!@ENDMSG 2221 @!@!@
@!@!@STARTMSG 2221:0 @!@!@
  |||||line 226, col 9 to line 231, col 113 of module twoPhaseSingleShard: 5002
@!@!@ENDMSG 2221 @!@!@
@!@!@STARTMSG 2221:0 @!@!@
  ||||||line 226, col 12 to line 226, col 28 of module twoPhaseSingleShard: 5002
@!@!@ENDMSG 2221 @!@!@
@!@!@STARTMSG 2221:0 @!@!@
  ||||||line 226, col 35 to line 226, col 35 of module twoPhaseSingleShard: 2501
@!@!@ENDMSG 2221 @!@!@
@!@!@STARTMSG 2221:0 @!@!@
  ||||||line 227, col 14 to line 231, col 113 of module twoPhaseSingleShard: 2501
@!@!@ENDMSG 2221 @!@!@
@!@!@STARTMSG 2221:0 @!@!@
  |||||||line 227, col 17 to line 227, col 81 of module twoPhaseSingleShard: 2501
@!@!@ENDMSG 2221 @!@!@
@!@!@STARTMSG 2221:0 @!@!@
  |||||||line 231, col 9 to line 231, col 113 of module twoPhaseSingleShard: 2501
@!@!@ENDMSG 2221 @!@!@
@!@!@STARTMSG 2221:0 @!@!@
  ||||||||line 231, col 18 to line 231, col 33 of module twoPhaseSingleShard: 2501
@!@!@ENDMSG 2221 @!@!@
@!@!@STARTMSG 2221:0 @!@!@
  ||||||||line 231, col 44 to line 231, col 101 of module twoPhaseSingleShard: 2501
@!@!@ENDMSG 2221 @!@!@
@!@!@STARTMSG 2221:0 @!@!@
  |||||||||line 214, col 5 to line 215, col 75 of module twoPhaseSingleShard: 8092
@!@!@ENDMSG 2221 @!@!@
@!@!@STARTMSG 2221:0 @!@!@
  ||||||||||line 214, col 8 to line 214, col 17 of module twoPhaseSingleShard: 8092
@!@!@ENDMSG 2221 @!@!@
@!@!@STARTMSG 2221:0 @!@!@
  ||||||||||line 214, col 24 to line 214, col 24 of module twoPhaseSingleShard: 2501
@!@!@ENDMSG 2221 @!@!@
@!@!@STARTMSG 2221:0 @!@!@
  ||||||||||line 215, col 10 to line 215, col 75 of module twoPhaseSingleShard: 5591
@!@!@ENDMSG 2221 @!@!@
@!@!@STARTMSG 2221:0 @!@!@
  |||||||||||line 215, col 26 to line 215, col 34 of module twoPhaseSingleShard: 5591
@!@!@ENDMSG 2221 @!@!@
@!@!@STARTMSG 2221:0 @!@!@
  |||||||||||line 215, col 37 to line 215, col 42 of module twoPhaseSingleShard: 3090
@!@!@ENDMSG 2221 @!@!@
@!@!@STARTMSG 2221:0 @!@!@
  |||||||||||line 215, col 46 to line 215, col 74 of module twoPhaseSingleShard: 5591
@!@!@ENDMSG 2221 @!@!@
@!@!@STARTMSG 2221:0 @!@!@
  ||||||||||||line 170, col 5 to line 210, col 9 of module twoPhaseSingleShard: 5591
@!@!@ENDMSG 2221 @!@!@
@!@!@STARTMSG 2221:0 @!@!@
  |||||||||||||line 170, col 8 to line 170, col 44 of module twoPhaseSingleShard: 5591
@!@!@ENDMSG 2221 @!@!@
@!@!@STARTMSG 2221:0 @!@!@
  |||||||||||||line 172, col 9 to line 208, col 39 of module twoPhaseSingleShard: 5591
@!@!@ENDMSG 2221 @!@!@
@!@!@STARTMSG 2221:0 @!@!@
  ||||||||||||||line 172, col 14 to line 172, col 54 of module twoPhaseSingleShard: 5591
@!@!@ENDMSG 2221 @!@!@
@!@!@STARTMSG 2221:0 @!@!@
  |||||||||||||||line 172, col 14 to line 172, col 30 of module twoPhaseSingleShard: 5591
@!@!@ENDMSG 2221 @!@!@
@!@!@STARTMSG 2221:0 @!@!@
  |||||||||||||||line 172, col 35 to line 172, col 54 of module twoPhaseSingleShard: 4046
@!@!@ENDMSG 2221 @!@!@
@!@!@STARTMSG 2221:0 @!@!@
  ||||||||||||||line 172, col 61 to line 172, col 119 of module twoPhaseSingleShard: 3090
@!@!@ENDMSG 2221 @!@!@
@!@!@STARTMSG 2221:0 @!@!@
  ||||||||||||||line 173, col 12 to line 173, col 55 of module twoPhaseSingleShard: 2501
@!@!@ENDMSG 2221 @!@!@
@!@!@STARTMSG 2221:0 @!@!@
  |||||||||||||||line 173, col 12 to line 173, col 28 of module twoPhaseSingleShard: 2501
@!@!@ENDMSG 2221 @!@!@
@!@!@STARTMSG 2221:0 @!@!@
  |||||||||||||||line 173, col 33 to line 173, col 55 of module twoPhaseSingleShard: 956
@!@!@ENDMSG 2221 @!@!@
@!@!@STARTMSG 2221:0 @!@!@
  ||||||||||||||line 182, col 15 to line 184, col 20 of module twoPhaseSingleShard: 956
@!@!@ENDMSG 2221 @!@!@
@!@!@STARTMSG 2221:0 @!@!@
  ||||||||||||||line 185, col 12 to line 185, col 52 of module twoPhaseSingleShard: 1545
@!@!@ENDMSG 2221 @!@!@
@!@!@STARTMSG 2221:0 @!@!@
  ||||||||||||||line 194, col 9 to line 194, col 30 of module twoPhaseSingleShard: 1545
@!@!@ENDMSG 2221 @!@!@
@!@!@STARTMSG 2221:0 @!@!@
  |||||||||||||||line 194, col 10 to line 194, col 19 of module twoPhaseSingleShard: 3090
@!@!@ENDMSG 2221 @!@!@
@!@!@STARTMSG 2221:0 @!@!@
  ||||||||||||||||line 188, col 17 to line 192, col 26 of module twoPhaseSingleShard: 3090
@!@!@ENDMSG 2221 @!@!@
@!@!@STARTMSG 2221:0 @!@!@
  |||||||||||||||||line 188, col 20 to line 188, col 45 of module twoPhaseSingleShard: 3090
@!@!@ENDMSG 2221 @!@!@
@!@!@STARTMSG 2221:0 @!@!@
  |||||||||||||||||line 189, col 25 to line 189, col 96 of module twoPhaseSingleShard: 1545
@!@!@ENDMSG 2221 @!@!@
@!@!@STARTMSG 2221:0 @!@!@
  |||||||||||||||||line 192, col 26 to line 192, col 26 of module twoPhaseSingleShard: 1545
@!@!@ENDMSG 2221 @!@!@
@!@!@STARTMSG 2221:0 @!@!@
  ||||||||||||||||line 194, col 18 to line 194, col 18 of module twoPhaseSingleShard: 3090
@!@!@ENDMSG 2221 @!@!@
@!@!@STARTMSG 2221:0 @!@!@
  |||||||||||||||line 194, col 29 to line 194, col 29 of module twoPhaseSingleShard: 1545
@!@!@ENDMSG 2221 @!@!@
@!@!@STARTMSG 2221:0 @!@!@
  ||||||||||||line 215, col 54 to line 215, col 62 of module twoPhaseSingleShard: 5591
@!@!@ENDMSG 2221 @!@!@
@!@!@STARTMSG 2221:0 @!@!@
  ||||||||||||line 215, col 65 to line 215, col 70 of module twoPhaseSingleShard: 5591
@!@!@ENDMSG 2221 @!@!@
@!@!@STARTMSG 2221:0 @!@!@
  ||||||||||||line 215, col 73 to line 215, col 73 of module twoPhaseSingleShard: 5591
@!@!@ENDMSG 2221 @!@!@
@!@!@STARTMSG 2221:0 @!@!@
  |||||||||line 231, col 60 to line 231, col 89 of module twoPhaseSingleShard: 2501
@!@!@ENDMSG 2221 @!@!@
@!@!@STARTMSG 2221:0 @!@!@
  |||||||||line 231, col 92 to line 231, col 97 of module twoPhaseSingleShard: 2501
@!@!@ENDMSG 2221 @!@!@
@!@!@STARTMSG 2221:0 @!@!@
  |||||||||line 231, col 100 to line 231, col 100 of module twoPhaseSingleShard: 2501
@!@!@ENDMSG 2221 @!@!@
@!@!@STARTMSG 2221:0 @!@!@
  ||||||||line 231, col 104 to line 231, col 112 of module twoPhaseSingleShard: 2501
@!@!@ENDMSG 2221 @!@!@
@!@!@STARTMSG 2221:0 @!@!@
  ||||line 238, col 14 to line 238, col 23 of module twoPhaseSingleShard: 2501
@!@!@ENDMSG 2221 @!@!@
@!@!@STARTMSG 2221:0 @!@!@
  ||||line 238, col 26 to line 238, col 31 of module twoPhaseSingleShard: 2501
@!@!@ENDMSG 2221 @!@!@
@!@!@STARTMSG 2221:0 @!@!@
  ||||line 238, col 34 to line 238, col 34 of module twoPhaseSingleShard: 2501
@!@!@ENDMSG 2221 @!@!@
@!@!@STARTMSG 2221:0 @!@!@
  |||line 876, col 74 to line 876, col 92 of module twoPhaseSingleShard: 2501
@!@!@ENDMSG 2221 @!@!@
@!@!@STARTMSG 2221:0 @!@!@
  |||line 876, col 95 to line 876, col 95 of module twoPhaseSingleShard: 2501
@!@!@ENDMSG 2221 @!@!@
@!@!@STARTMSG 2221:0 @!@!@
  |||line 876, col 98 to line 876, col 115 of module twoPhaseSingleShard: 2501
@!@!@ENDMSG 2221 @!@!@
@!@!@STARTMSG 2221:0 @!@!@
  line 878, col 9 to line 878, col 86 of module twoPhaseSingleShard: 5002
@!@!@ENDMSG 2221 @!@!@
@!@!@STARTMSG 2221:0 @!@!@
  |line 878, col 10 to line 878, col 86 of module twoPhaseSingleShard: 2501
@!@!@ENDMSG 2221 @!@!@
@!@!@STARTMSG 2221:0 @!@!@
  line 879, col 9 to line 879, col 75 of module twoPhaseSingleShard: 2501
@!@!@ENDMSG 2221 @!@!@
@!@!@STARTMSG 2221:0 @!@!@
  line 1283, col 29 to line 1283, col 29 of module twoPhaseSingleShard: 6224
@!@!@ENDMSG 2221 @!@!@
@!@!@STARTMSG 2221:0 @!@!@
  line 1283, col 32 to line 1283, col 42 of module twoPhaseSingleShard: 2795
@!@!@ENDMSG 2221 @!@!@
@!@!@STARTMSG 2221:0 @!@!@
  line 1283, col 45 to line 1283, col 60 of module twoPhaseSingleShard: 2795
@!@!@ENDMSG 2221 @!@!@
@!@!@STARTMSG 2221:0 @!@!@
  line 1283, col 64 to line 1283, col 83 of module twoPhaseSingleShard: 6224
@!@!@ENDMSG 2221 @!@!@
@!@!@STARTMSG 2221:0 @!@!@
  line 1283, col 86 to line 1283, col 95 of module twoPhaseSingleShard: 2795
@!@!@ENDMSG 2221 @!@!@
@!@!@STARTMSG 2221:0 @!@!@
  line 1284, col 8 to line 1284, col 23 of module twoPhaseSingleShard: 2795
@!@!@ENDMSG 2221 @!@!@
@!@!@STARTMSG 2221:0 @!@!@
  line 1285, col 8 to line 1285, col 121 of module twoPhaseSingleShard: 2795
@!@!@ENDMSG 2221 @!@!@
@!@!@STARTMSG 2221:0 @!@!@
  line 1392, col 36 to line 1392, col 36 of module twoPhaseSingleShard: 26721
@!@!@ENDMSG 2221 @!@!@
@!@!@STARTMSG 2221:0 @!@!@
  line 1392, col 39 to line 1392, col 39 of module twoPhaseSingleShard: 784398
@!@!@ENDMSG 2221 @!@!@
@!@!@STARTMSG 2221:0 @!@!@
  line 1393, col 16 to line 1393, col 35 of module twoPhaseSingleShard: 2795
@!@!@ENDMSG 2221 @!@!@
@!@!@STARTMSG 2221:0 @!@!@
  line 1391, col 16 to line 1391, col 20 of module twoPhaseSingleShard: 28052
@!@!@ENDMSG 2221 @!@!@
@!@!@STARTMSG 2221:0 @!@!@
  line 1391, col 29 to line 1391, col 46 of module twoPhaseSingleShard: 28052
@!@!@ENDMSG 2221 @!@!@
@!@!@STARTMSG 2775:0 @!@!@
  |line 58, col 5 to line 58, col 47 of module twoPhaseSingleShard: 28052:289518
@!@!@ENDMSG 2775 @!@!@
@!@!@STARTMSG 2221:0 @!@!@
  ||line 58, col 31 to line 58, col 45 of module twoPhaseSingleShard: 261466
@!@!@ENDMSG 2221 @!@!@
@!@!@STARTMSG 2221:0 @!@!@
  ||line 58, col 13 to line 58, col 27 of module twoPhaseSingleShard: 28052
@!@!@ENDMSG 2221 @!@!@
@!@!@STARTMSG 2221:0 @!@!@
  |line 1391, col 42 to line 1391, col 45 of module twoPhaseSingleShard: 28052
@!@!@ENDMSG 2221 @!@!@
@!@!@STARTMSG 2772:0 @!@!@
<Next line 1345, col 3 to line 1345, col 6 of module twoPhaseSingleShard (1396 7 1396 45)>: 0:0
@!@!@ENDMSG 2772 @!@!@
@!@!@STARTMSG 2221:0 @!@!@
  line 1307, col 7 to line 1307, col 27 of module twoPhaseSingleShard: 261466
@!@!@ENDMSG 2221 @!@!@
@!@!@STARTMSG 2221:0 @!@!@
  line 1308, col 7 to line 1308, col 36 of module twoPhaseSingleShard: 0
@!@!@ENDMSG 2221 @!@!@
@!@!@STARTMSG 2221:0 @!@!@
  line 1310, col 7 to line 1310, col 38 of module twoPhaseSingleShard: 0
@!@!@ENDMSG 2221 @!@!@
@!@!@STARTMSG 2221:0 @!@!@
  line 1311, col 7 to line 1311, col 22 of module twoPhaseSingleShard: 0
@!@!@ENDMSG 2221 @!@!@
@!@!@STARTMSG 2221:0 @!@!@
  line 1312, col 7 to line 1313, col 92 of module twoPhaseSingleShard: 0
@!@!@ENDMSG 2221 @!@!@
@!@!@STARTMSG 2221:0 @!@!@
  line 1396, col 44 to line 1396, col 44 of module twoPhaseSingleShard: 261466
@!@!@ENDMSG 2221 @!@!@
@!@!@STARTMSG 2221:0 @!@!@
  line 1396, col 16 to line 1396, col 33 of module twoPhaseSingleShard: 28052
@!@!@ENDMSG 2221 @!@!@
@!@!@STARTMSG 2775:0 @!@!@
  |line 58, col 5 to line 58, col 47 of module twoPhaseSingleShard: 28052:289518
@!@!@ENDMSG 2775 @!@!@
@!@!@STARTMSG 2221:0 @!@!@
  ||line 58, col 31 to line 58, col 45 of module twoPhaseSingleShard: 261466
@!@!@ENDMSG 2221 @!@!@
@!@!@STARTMSG 2221:0 @!@!@
  ||line 58, col 13 to line 58, col 27 of module twoPhaseSingleShard: 28052
@!@!@ENDMSG 2221 @!@!@
@!@!@STARTMSG 2221:0 @!@!@
  |line 1396, col 29 to line 1396, col 32 of module twoPhaseSingleShard: 28052
@!@!@ENDMSG 2221 @!@!@
@!@!@STARTMSG 2774:0 @!@!@
<LeadingEdgeInvariant line 1421, col 3 to line 1421, col 22 of module twoPhaseSingleShard>
@!@!@ENDMSG 2774 @!@!@
@!@!@STARTMSG 2221:0 @!@!@
  line 1426, col 3 to line 1428, col 45 of module twoPhaseSingleShard: 71064
@!@!@ENDMSG 2221 @!@!@
@!@!@STARTMSG 2221:0 @!@!@
  |line 1427, col 5 to line 1428, col 45 of module twoPhaseSingleShard: 639576
@!@!@ENDMSG 2221 @!@!@
@!@!@STARTMSG 2221:0 @!@!@
  ||line 1427, col 5 to line 1427, col 91 of module twoPhaseSingleShard: 639576
@!@!@ENDMSG 2221 @!@!@
@!@!@STARTMSG 2221:0 @!@!@
  ||line 1428, col 7 to line 1428, col 45 of module twoPhaseSingleShard: 405264
@!@!@ENDMSG 2221 @!@!@
@!@!@STARTMSG 2221:0 @!@!@
  |line 1426, col 17 to line 1426, col 21 of module twoPhaseSingleShard: 71064
@!@!@ENDMSG 2221 @!@!@
@!@!@STARTMSG 2774:0 @!@!@
<DependencyInvariant line 1430, col 3 to line 1430, col 21 of module twoPhaseSingleShard>
@!@!@ENDMSG 2774 @!@!@
@!@!@STARTMSG 2775:0 @!@!@
  line 1432, col 14 to line 1432, col 72 of module twoPhaseSingleShard: 71064:10872792
@!@!@ENDMSG 2775 @!@!@
@!@!@STARTMSG 2221:0 @!@!@
  |line 1432, col 16 to line 1432, col 36 of module twoPhaseSingleShard: 213192
@!@!@ENDMSG 2221 @!@!@
@!@!@STARTMSG 2221:0 @!@!@
  |line 1432, col 46 to line 1432, col 70 of module twoPhaseSingleShard: 71064
@!@!@ENDMSG 2221 @!@!@
@!@!@STARTMSG 2221:0 @!@!@
  line 1434, col 3 to line 1442, col 44 of module twoPhaseSingleShard: 71064
@!@!@ENDMSG 2221 @!@!@
@!@!@STARTMSG 2221:0 @!@!@
  |line 1435, col 5 to line 1442, col 44 of module twoPhaseSingleShard: 639576
@!@!@ENDMSG 2221 @!@!@
@!@!@STARTMSG 2221:0 @!@!@
  ||line 1436, col 9 to line 1442, col 44 of module twoPhaseSingleShard: 5756184
@!@!@ENDMSG 2221 @!@!@
@!@!@STARTMSG 2221:0 @!@!@
  |||line 1436, col 9 to line 1440, col 47 of module twoPhaseSingleShard: 5756184
@!@!@ENDMSG 2221 @!@!@
@!@!@STARTMSG 2221:0 @!@!@
  ||||line 1436, col 12 to line 1436, col 51 of module twoPhaseSingleShard: 5756184
@!@!@ENDMSG 2221 @!@!@
@!@!@STARTMSG 2221:0 @!@!@
  ||||line 1437, col 12 to line 1437, col 51 of module twoPhaseSingleShard: 2555568
@!@!@ENDMSG 2221 @!@!@
@!@!@STARTMSG 2221:0 @!@!@
  ||||line 1438, col 12 to line 1438, col 51 of module twoPhaseSingleShard: 1440348
@!@!@ENDMSG 2221 @!@!@
@!@!@STARTMSG 2221:0 @!@!@
  ||||line 1439, col 12 to line 1439, col 51 of module twoPhaseSingleShard: 964353
@!@!@ENDMSG 2221 @!@!@
@!@!@STARTMSG 2221:0 @!@!@
  ||||line 1440, col 12 to line 1440, col 47 of module twoPhaseSingleShard: 849726
@!@!@ENDMSG 2221 @!@!@
@!@!@STARTMSG 2221:0 @!@!@
  |||line 1442, col 9 to line 1442, col 44 of module twoPhaseSingleShard: 24202
@!@!@ENDMSG 2221 @!@!@
@!@!@STARTMSG 2221:0 @!@!@
  ||line 1435, col 17 to line 1435, col 23 of module twoPhaseSingleShard: 639576
@!@!@ENDMSG 2221 @!@!@
@!@!@STARTMSG 2221:0 @!@!@
  |line 1434, col 17 to line 1434, col 21 of module twoPhaseSingleShard: 71064
@!@!@ENDMSG 2221 @!@!@
@!@!@STARTMSG 2774:0 @!@!@
<DummyInvariant2 line 1415, col 2 to line 1415, col 16 of module twoPhaseSingleShard>
@!@!@ENDMSG 2774 @!@!@
@!@!@STARTMSG 2221:0 @!@!@
  line 1416, col 5 to line 1416, col 47 of module twoPhaseSingleShard: 71064
@!@!@ENDMSG 2221 @!@!@
@!@!@STARTMSG 2774:0 @!@!@
<CommitAbortInvariant line 1444, col 3 to line 1444, col 22 of module twoPhaseSingleShard>
@!@!@ENDMSG 2774 @!@!@
@!@!@STARTMSG 2221:0 @!@!@
  line 1445, col 4 to line 1450, col 22 of module twoPhaseSingleShard: 71064
@!@!@ENDMSG 2221 @!@!@
@!@!@STARTMSG 2221:0 @!@!@
  |line 1446, col 7 to line 1450, col 22 of module twoPhaseSingleShard: 8109032
@!@!@ENDMSG 2221 @!@!@
@!@!@STARTMSG 2221:0 @!@!@
  ||line 1446, col 7 to line 1449, col 30 of module twoPhaseSingleShard: 8109032
@!@!@ENDMSG 2221 @!@!@
@!@!@STARTMSG 2221:0 @!@!@
  |||line 1446, col 11 to line 1446, col 28 of module twoPhaseSingleShard: 8109032
@!@!@ENDMSG 2221 @!@!@
@!@!@STARTMSG 2221:0 @!@!@
  |||line 1447, col 11 to line 1447, col 27 of module twoPhaseSingleShard: 673948
@!@!@ENDMSG 2221 @!@!@
@!@!@STARTMSG 2221:0 @!@!@
  |||line 1448, col 11 to line 1448, col 29 of module twoPhaseSingleShard: 33042
@!@!@ENDMSG 2221 @!@!@
@!@!@STARTMSG 2221:0 @!@!@
  |||line 1449, col 11 to line 1449, col 29 of module twoPhaseSingleShard: 33042
@!@!@ENDMSG 2221 @!@!@
@!@!@STARTMSG 2221:0 @!@!@
  ||line 1450, col 10 to line 1450, col 22 of module twoPhaseSingleShard: 33042
@!@!@ENDMSG 2221 @!@!@
@!@!@STARTMSG 2221:0 @!@!@
  |line 1445, col 18 to line 1445, col 29 of module twoPhaseSingleShard: 71064
@!@!@ENDMSG 2221 @!@!@
@!@!@STARTMSG 2774:0 @!@!@
<ConflictingTxNodeCommit line 1452, col 3 to line 1452, col 25 of module twoPhaseSingleShard>
@!@!@ENDMSG 2774 @!@!@
@!@!@STARTMSG 2775:0 @!@!@
  line 1454, col 14 to line 1454, col 72 of module twoPhaseSingleShard: 71064:1208088
@!@!@ENDMSG 2775 @!@!@
@!@!@STARTMSG 2221:0 @!@!@
  |line 1454, col 16 to line 1454, col 36 of module twoPhaseSingleShard: 213192
@!@!@ENDMSG 2221 @!@!@
@!@!@STARTMSG 2221:0 @!@!@
  |line 1454, col 46 to line 1454, col 70 of module twoPhaseSingleShard: 71064
@!@!@ENDMSG 2221 @!@!@
@!@!@STARTMSG 2221:0 @!@!@
  line 1456, col 3 to line 1467, col 52 of module twoPhaseSingleShard: 71064
@!@!@ENDMSG 2221 @!@!@
@!@!@STARTMSG 2221:0 @!@!@
  |line 1457, col 5 to line 1467, col 52 of module twoPhaseSingleShard: 639576
@!@!@ENDMSG 2221 @!@!@
@!@!@STARTMSG 2221:0 @!@!@
  ||line 1458, col 7 to line 1467, col 52 of module twoPhaseSingleShard: 5756184
@!@!@ENDMSG 2221 @!@!@
@!@!@STARTMSG 2221:0 @!@!@
  |||line 1458, col 9 to line 1467, col 51 of module twoPhaseSingleShard: 5756184
@!@!@ENDMSG 2221 @!@!@
@!@!@STARTMSG 2221:0 @!@!@
  ||||line 1458, col 9 to line 1466, col 51 of module twoPhaseSingleShard: 5756184
@!@!@ENDMSG 2221 @!@!@
@!@!@STARTMSG 2221:0 @!@!@
  |||||line 1458, col 9 to line 1465, col 55 of module twoPhaseSingleShard: 5756184
@!@!@ENDMSG 2221 @!@!@
@!@!@STARTMSG 2221:0 @!@!@
  ||||||line 1458, col 9 to line 1464, col 59 of module twoPhaseSingleShard: 5756184
@!@!@ENDMSG 2221 @!@!@
@!@!@STARTMSG 2221:0 @!@!@
  |||||||line 1458, col 9 to line 1463, col 56 of module twoPhaseSingleShard: 5756184
@!@!@ENDMSG 2221 @!@!@
@!@!@STARTMSG 2221:0 @!@!@
  ||||||||line 1458, col 9 to line 1461, col 55 of module twoPhaseSingleShard: 5756184
@!@!@ENDMSG 2221 @!@!@
@!@!@STARTMSG 2221:0 @!@!@
  |||||||||line 1458, col 9 to line 1460, col 59 of module twoPhaseSingleShard: 5756184
@!@!@ENDMSG 2221 @!@!@
@!@!@STARTMSG 2221:0 @!@!@
  ||||||||||line 1458, col 9 to line 1459, col 56 of module twoPhaseSingleShard: 5756184
@!@!@ENDMSG 2221 @!@!@
@!@!@STARTMSG 2221:0 @!@!@
  |||||||||||line 1458, col 9 to line 1458, col 20 of module twoPhaseSingleShard: 5756184
@!@!@ENDMSG 2221 @!@!@
@!@!@STARTMSG 2221:0 @!@!@
  |||||||||||line 1459, col 10 to line 1459, col 56 of module twoPhaseSingleShard: 3837456
@!@!@ENDMSG 2221 @!@!@
@!@!@STARTMSG 2221:0 @!@!@
  ||||||||||line 1460, col 10 to line 1460, col 59 of module twoPhaseSingleShard: 578862
@!@!@ENDMSG 2221 @!@!@
@!@!@STARTMSG 2221:0 @!@!@
  |||||||||line 1461, col 10 to line 1461, col 55 of module twoPhaseSingleShard: 571668
@!@!@ENDMSG 2221 @!@!@
@!@!@STARTMSG 2221:0 @!@!@
  ||||||||line 1463, col 10 to line 1463, col 56 of module twoPhaseSingleShard: 103710
@!@!@ENDMSG 2221 @!@!@
@!@!@STARTMSG 2221:0 @!@!@
  |||||||line 1464, col 10 to line 1464, col 59 of module twoPhaseSingleShard: 1124
@!@!@ENDMSG 2221 @!@!@
@!@!@STARTMSG 2221:0 @!@!@
  ||||||line 1465, col 10 to line 1465, col 55 of module twoPhaseSingleShard: 390
@!@!@ENDMSG 2221 @!@!@
@!@!@STARTMSG 2221:0 @!@!@
  ||line 1457, col 17 to line 1457, col 21 of module twoPhaseSingleShard: 639576
@!@!@ENDMSG 2221 @!@!@
@!@!@STARTMSG 2221:0 @!@!@
  |line 1456, col 19 to line 1456, col 25 of module twoPhaseSingleShard: 71064
@!@!@ENDMSG 2221 @!@!@
@!@!@STARTMSG 2202:0 @!@!@
End of statistics.
@!@!@ENDMSG 2202 @!@!@
@!@!@STARTMSG 2200:0 @!@!@
Progress(13) at 2025-07-22 23:55:44: 187,296 states generated (501,484 s/min), 71,064 distinct states found (190,273 ds/min), 43,011 states left on queue.
@!@!@ENDMSG 2200 @!@!@
@!@!@STARTMSG 2199:0 @!@!@
187296 states generated, 71064 distinct states found, 43011 states left on queue.
@!@!@ENDMSG 2199 @!@!@
@!@!@STARTMSG 2186:0 @!@!@
Finished in 22414ms at (2025-07-22 23:55:44)
@!@!@ENDMSG 2186 @!@!@
