@!@!@STARTMSG 2262:0 @!@!@
TLC2 Version 2.16 of 31 December 2020 (rev: cdddf55)
@!@!@ENDMSG 2262 @!@!@
@!@!@STARTMSG 2187:0 @!@!@
Running breadth-first search Model-Checking with fp 47 and seed -8066002010336979796 with 5 workers on 10 cores with 1214MB heap and 2730MB offheap memory [pid: 15429] (Mac OS X 10.16 x86_64, AdoptOpenJDK 14.0.1 x86_64, OffHeapDiskFPSet, DiskStateQueue).
@!@!@ENDMSG 2187 @!@!@
@!@!@STARTMSG 2220:0 @!@!@
Starting SANY...
@!@!@ENDMSG 2220 @!@!@
Parsing file /Users/junhaohu/Desktop/Files/twoPhaseSingleShard.toolbox/twoPhaseSingleShard/MC.tla
Parsing file /Users/junhaohu/Desktop/Files/twoPhaseSingleShard.toolbox/twoPhaseSingleShard/twoPhaseSingleShard.tla
Parsing file /private/var/folders/6x/qls53vqx0s58w_mhxknhtyp80000gn/T/AppTranslocation/D676D0F3-D299-4751-9C18-B0D41196A7ED/d/TLA+ Toolbox.app/Contents/Eclipse/plugins/org.lamport.tlatools_1.0.0.202012311918/tla2sany/StandardModules/TLC.tla
Parsing file /private/var/folders/6x/qls53vqx0s58w_mhxknhtyp80000gn/T/AppTranslocation/D676D0F3-D299-4751-9C18-B0D41196A7ED/d/TLA+ Toolbox.app/Contents/Eclipse/plugins/org.lamport.tlatools_1.0.0.202012311918/tla2sany/StandardModules/Integers.tla
Parsing file /private/var/folders/6x/qls53vqx0s58w_mhxknhtyp80000gn/T/AppTranslocation/D676D0F3-D299-4751-9C18-B0D41196A7ED/d/TLA+ Toolbox.app/Contents/Eclipse/plugins/org.lamport.tlatools_1.0.0.202012311918/tla2sany/StandardModules/Sequences.tla
Parsing file /private/var/folders/6x/qls53vqx0s58w_mhxknhtyp80000gn/T/AppTranslocation/D676D0F3-D299-4751-9C18-B0D41196A7ED/d/TLA+ Toolbox.app/Contents/Eclipse/plugins/org.lamport.tlatools_1.0.0.202012311918/tla2sany/StandardModules/FiniteSets.tla
Parsing file /Users/junhaohu/Desktop/Files/twoPhaseSingleShard.toolbox/twoPhaseSingleShard/FiniteSetsExt.tla
Parsing file /Users/junhaohu/Desktop/Files/twoPhaseSingleShard.toolbox/twoPhaseSingleShard/SequencesExt.tla
Parsing file /Users/junhaohu/Desktop/Files/twoPhaseSingleShard.toolbox/twoPhaseSingleShard/TLCExt.tla
Parsing file /private/var/folders/6x/qls53vqx0s58w_mhxknhtyp80000gn/T/AppTranslocation/D676D0F3-D299-4751-9C18-B0D41196A7ED/d/TLA+ Toolbox.app/Contents/Eclipse/plugins/org.lamport.tlatools_1.0.0.202012311918/tla2sany/StandardModules/Naturals.tla
Parsing file /Users/junhaohu/Desktop/Files/twoPhaseSingleShard.toolbox/twoPhaseSingleShard/Folds.tla
Parsing file /Users/junhaohu/Desktop/Files/twoPhaseSingleShard.toolbox/twoPhaseSingleShard/Functions.tla
Semantic processing of module Naturals
Semantic processing of module Integers
Semantic processing of module Sequences
Semantic processing of module FiniteSets
Semantic processing of module TLC
Semantic processing of module Folds
Semantic processing of module Functions
Semantic processing of module FiniteSetsExt
Semantic processing of module SequencesExt
Semantic processing of module TLCExt
Semantic processing of module twoPhaseSingleShard
Semantic processing of module MC
@!@!@STARTMSG 2219:0 @!@!@
SANY finished.
@!@!@ENDMSG 2219 @!@!@
@!@!@STARTMSG 2185:0 @!@!@
Starting... (2025-07-22 00:24:57)
@!@!@ENDMSG 2185 @!@!@
@!@!@STARTMSG 2212:0 @!@!@
Implied-temporal checking--satisfiability problem has 1 branches.
@!@!@ENDMSG 2212 @!@!@
@!@!@STARTMSG 2189:0 @!@!@
Computing initial states...
@!@!@ENDMSG 2189 @!@!@
@!@!@STARTMSG 2190:0 @!@!@
Finished computing initial states: 1 distinct state generated at 2025-07-22 00:24:59.
@!@!@ENDMSG 2190 @!@!@
@!@!@STARTMSG 1000:1 @!@!@
TLC threw an unexpected exception.
This was probably caused by an error in the spec or model.
See the User Output or TLC Console for clues to what happened.
The exception was a java.lang.RuntimeException
: @!@!@STARTMSG 2154:0 @!@!@
Attempted to apply the operator overridden by the Java method
public static tlc2.value.impl.Value tlc2.module.TLC.CombineFcn(tlc2.value.impl.Value,tlc2.value.impl.Value),
but it produced the following error:
Attempted to check equality of the set { [ type |-> "abort",
    tn |-> 1,
    src |-> 1,
    dst |-> -1,
    operations |->
        << [ type |-> "nodes",
             Operation |-> "add",
             sourceVertex |-> 0,
             shard |-> 1 ],
           [ type |-> "nodes",
             Operation |-> "add",
             sourceVertex |-> 1,
             shard |-> 1 ],
           [ type |-> "edges",
             Operation |-> "add",
             sourceVertex |-> 0,
             desVertex |-> 1,
             shard |-> 1 ] >>,
    shards |-> {1},
    shard |-> 1 ] } with the value:
[type |-> "finCatUp", src |-> 2, dst |-> 1, ID |-> 2]
@!@!@ENDMSG 2154 @!@!@
@!@!@ENDMSG 1000 @!@!@
@!@!@STARTMSG 2121:1 @!@!@
The behavior up to this point is:
@!@!@ENDMSG 2121 @!@!@
@!@!@STARTMSG 2217:4 @!@!@
1: <Initial predicate>
/\ msgs = << >>
/\ failedNodes = {}
/\ pendingTransactions = <<1, 2>>
/\ localTransactionHistory = << [ leadingEdge |-> {},
     committed |-> {},
     aborted |-> {},
     prepared |-> {},
     heuristic |-> {} ],
   [ leadingEdge |-> {},
     committed |-> {},
     aborted |-> {},
     prepared |-> {},
     heuristic |-> {} ],
   [ leadingEdge |-> {},
     committed |-> {},
     aborted |-> {},
     prepared |-> {},
     heuristic |-> {} ] >>
/\ localTransactionalGraph = <<<< >>, << >>, << >>>>
/\ failedNodesCount = 0
/\ catchUpID = <<1, 1, 1>>
/\ lostMsgCount = 0
/\ rmState = ( <<1, 1, -1>> :> "follower" @@
  <<1, 1, 1>> :> "follower" @@
  <<1, 2, -1>> :> "follower" @@
  <<1, 2, 1>> :> "follower" @@
  <<1, 3, -1>> :> "follower" @@
  <<1, 3, 1>> :> "follower" @@
  <<2, 1, -1>> :> "follower" @@
  <<2, 1, 1>> :> "follower" @@
  <<2, 2, -1>> :> "follower" @@
  <<2, 2, 1>> :> "follower" @@
  <<2, 3, -1>> :> "follower" @@
  <<2, 3, 1>> :> "follower" )
/\ test = 0
/\ localNodesGraph = <<{}, {}, {}>>
/\ clientRequests = <<<<>>, <<>>, <<>>>>

@!@!@ENDMSG 2217 @!@!@
@!@!@STARTMSG 2217:4 @!@!@
2: <Next line 1357, col 13 to line 1358, col 35 of module twoPhaseSingleShard>
/\ msgs = << >>
/\ failedNodes = {}
/\ pendingTransactions = <<2>>
/\ localTransactionHistory = << [ leadingEdge |-> {},
     committed |-> {},
     aborted |-> {},
     prepared |-> {},
     heuristic |-> {} ],
   [ leadingEdge |-> {},
     committed |-> {},
     aborted |-> {},
     prepared |-> {},
     heuristic |-> {} ],
   [ leadingEdge |-> {},
     committed |-> {},
     aborted |-> {},
     prepared |-> {},
     heuristic |-> {} ] >>
/\ localTransactionalGraph = <<<< >>, << >>, << >>>>
/\ failedNodesCount = 0
/\ catchUpID = <<1, 1, 1>>
/\ lostMsgCount = 0
/\ rmState = ( <<1, 1, -1>> :> "follower" @@
  <<1, 1, 1>> :> "follower" @@
  <<1, 2, -1>> :> "follower" @@
  <<1, 2, 1>> :> "leader" @@
  <<1, 3, -1>> :> "follower" @@
  <<1, 3, 1>> :> "follower" @@
  <<2, 1, -1>> :> "follower" @@
  <<2, 1, 1>> :> "follower" @@
  <<2, 2, -1>> :> "follower" @@
  <<2, 2, 1>> :> "follower" @@
  <<2, 3, -1>> :> "follower" @@
  <<2, 3, 1>> :> "follower" )
/\ test = 0
/\ localNodesGraph = <<{}, {}, {}>>
/\ clientRequests = <<<<>>, <<1>>, <<>>>>

@!@!@ENDMSG 2217 @!@!@
@!@!@STARTMSG 2217:4 @!@!@
3: <Next line 1357, col 13 to line 1358, col 35 of module twoPhaseSingleShard>
/\ msgs = << >>
/\ failedNodes = {}
/\ pendingTransactions = <<>>
/\ localTransactionHistory = << [ leadingEdge |-> {},
     committed |-> {},
     aborted |-> {},
     prepared |-> {},
     heuristic |-> {} ],
   [ leadingEdge |-> {},
     committed |-> {},
     aborted |-> {},
     prepared |-> {},
     heuristic |-> {} ],
   [ leadingEdge |-> {},
     committed |-> {},
     aborted |-> {},
     prepared |-> {},
     heuristic |-> {} ] >>
/\ localTransactionalGraph = <<<< >>, << >>, << >>>>
/\ failedNodesCount = 0
/\ catchUpID = <<1, 1, 1>>
/\ lostMsgCount = 0
/\ rmState = ( <<1, 1, -1>> :> "follower" @@
  <<1, 1, 1>> :> "follower" @@
  <<1, 2, -1>> :> "follower" @@
  <<1, 2, 1>> :> "leader" @@
  <<1, 3, -1>> :> "follower" @@
  <<1, 3, 1>> :> "follower" @@
  <<2, 1, -1>> :> "follower" @@
  <<2, 1, 1>> :> "leader" @@
  <<2, 2, -1>> :> "follower" @@
  <<2, 2, 1>> :> "follower" @@
  <<2, 3, -1>> :> "follower" @@
  <<2, 3, 1>> :> "follower" )
/\ test = 0
/\ localNodesGraph = <<{}, {}, {}>>
/\ clientRequests = <<<<2>>, <<1>>, <<>>>>

@!@!@ENDMSG 2217 @!@!@
@!@!@STARTMSG 2217:4 @!@!@
4: <Next line 1360, col 13 to line 1361, col 35 of module twoPhaseSingleShard>
/\ msgs = ( [ type |-> "prepared",
    shard |-> 1,
    dst |-> 1,
    tn |-> 2,
    src |-> 1,
    shards |-> {1},
    leadingEdge |-> {} ] :>
      1 @@
  [ type |-> "prepare",
    shard |-> 1,
    dst |-> -1,
    tn |-> 2,
    dependency |-> {},
    src |-> 1,
    operations |->
        << [ type |-> "nodes",
             Operation |-> "remove",
             sourceVertex |-> 0,
             shard |-> 1 ] >>,
    shards |-> {1} ] :>
      1 )
/\ failedNodes = {}
/\ pendingTransactions = <<>>
/\ localTransactionHistory = << [ leadingEdge |-> {},
     committed |-> {},
     aborted |-> {},
     prepared |-> {2},
     heuristic |-> {} ],
   [ leadingEdge |-> {},
     committed |-> {},
     aborted |-> {},
     prepared |-> {},
     heuristic |-> {} ],
   [ leadingEdge |-> {},
     committed |-> {},
     aborted |-> {},
     prepared |-> {},
     heuristic |-> {} ] >>
/\ localTransactionalGraph = <<(2 :> {}), << >>, << >>>>
/\ failedNodesCount = 0
/\ catchUpID = <<1, 1, 1>>
/\ lostMsgCount = 0
/\ rmState = ( <<1, 1, -1>> :> "follower" @@
  <<1, 1, 1>> :> "follower" @@
  <<1, 2, -1>> :> "follower" @@
  <<1, 2, 1>> :> "leader" @@
  <<1, 3, -1>> :> "follower" @@
  <<1, 3, 1>> :> "follower" @@
  <<2, 1, -1>> :> "follower" @@
  <<2, 1, 1>> :> "leader" @@
  <<2, 2, -1>> :> "follower" @@
  <<2, 2, 1>> :> "follower" @@
  <<2, 3, -1>> :> "follower" @@
  <<2, 3, 1>> :> "follower" )
/\ test = 0
/\ localNodesGraph = <<{}, {}, {}>>
/\ clientRequests = <<<<>>, <<1>>, <<>>>>

@!@!@ENDMSG 2217 @!@!@
@!@!@STARTMSG 2217:4 @!@!@
5: <Next line 1341, col 7 to line 1343, col 35 of module twoPhaseSingleShard>
/\ msgs = ( [ type |-> "prepared",
    shard |-> 1,
    dst |-> 1,
    tn |-> 2,
    src |-> 1,
    shards |-> {1},
    leadingEdge |-> {} ] :>
      1 @@
  [ type |-> "prepared",
    shard |-> 1,
    dst |-> 1,
    tn |-> 2,
    src |-> 3,
    shards |-> {1},
    leadingEdge |-> {} ] :>
      1 @@
  [ type |-> "prepare",
    shard |-> 1,
    dst |-> -1,
    tn |-> 2,
    dependency |-> {},
    src |-> 1,
    operations |->
        << [ type |-> "nodes",
             Operation |-> "remove",
             sourceVertex |-> 0,
             shard |-> 1 ] >>,
    shards |-> {1} ] :>
      1 )
/\ failedNodes = {}
/\ pendingTransactions = <<>>
/\ localTransactionHistory = << [ leadingEdge |-> {},
     committed |-> {},
     aborted |-> {},
     prepared |-> {2},
     heuristic |-> {} ],
   [ leadingEdge |-> {},
     committed |-> {},
     aborted |-> {},
     prepared |-> {},
     heuristic |-> {} ],
   [ leadingEdge |-> {},
     committed |-> {},
     aborted |-> {},
     prepared |-> {2},
     heuristic |-> {} ] >>
/\ localTransactionalGraph = <<(2 :> {}), << >>, (2 :> {})>>
/\ failedNodesCount = 0
/\ catchUpID = <<1, 1, 1>>
/\ lostMsgCount = 0
/\ rmState = ( <<1, 1, -1>> :> "follower" @@
  <<1, 1, 1>> :> "follower" @@
  <<1, 2, -1>> :> "follower" @@
  <<1, 2, 1>> :> "leader" @@
  <<1, 3, -1>> :> "follower" @@
  <<1, 3, 1>> :> "follower" @@
  <<2, 1, -1>> :> "follower" @@
  <<2, 1, 1>> :> "leader" @@
  <<2, 2, -1>> :> "follower" @@
  <<2, 2, 1>> :> "follower" @@
  <<2, 3, -1>> :> "follower" @@
  <<2, 3, 1>> :> "follower" )
/\ test = 1
/\ localNodesGraph = <<{}, {}, {}>>
/\ clientRequests = <<<<>>, <<1>>, <<>>>>

@!@!@ENDMSG 2217 @!@!@
@!@!@STARTMSG 2217:4 @!@!@
6: <Next line 1347, col 7 to line 1349, col 39 of module twoPhaseSingleShard>
/\ msgs = ( [ type |-> "committedResponse",
    shard |-> 1,
    dst |-> 1,
    tn |-> 2,
    src |-> 1,
    shards |-> {1} ] :>
      1 @@
  [ type |-> "prepared",
    shard |-> 1,
    dst |-> 1,
    tn |-> 2,
    src |-> 1,
    shards |-> {1},
    leadingEdge |-> {} ] :>
      1 @@
  [ type |-> "prepared",
    shard |-> 1,
    dst |-> 1,
    tn |-> 2,
    src |-> 3,
    shards |-> {1},
    leadingEdge |-> {} ] :>
      1 @@
  [ type |-> "commit",
    shard |-> 1,
    dst |-> -1,
    tn |-> 2,
    src |-> 1,
    operations |->
        << [ type |-> "nodes",
             Operation |-> "remove",
             sourceVertex |-> 0,
             shard |-> 1 ] >>,
    shards |-> {1} ] :>
      1 @@
  [ type |-> "prepare",
    shard |-> 1,
    dst |-> -1,
    tn |-> 2,
    dependency |-> {},
    src |-> 1,
    operations |->
        << [ type |-> "nodes",
             Operation |-> "remove",
             sourceVertex |-> 0,
             shard |-> 1 ] >>,
    shards |-> {1} ] :>
      1 )
/\ failedNodes = {}
/\ pendingTransactions = <<>>
/\ localTransactionHistory = << [ leadingEdge |-> {2},
     committed |-> {2},
     aborted |-> {},
     prepared |-> {},
     heuristic |-> {} ],
   [ leadingEdge |-> {},
     committed |-> {},
     aborted |-> {},
     prepared |-> {},
     heuristic |-> {} ],
   [ leadingEdge |-> {},
     committed |-> {},
     aborted |-> {},
     prepared |-> {2},
     heuristic |-> {} ] >>
/\ localTransactionalGraph = <<(2 :> {}), << >>, (2 :> {})>>
/\ failedNodesCount = 0
/\ catchUpID = <<1, 1, 1>>
/\ lostMsgCount = 0
/\ rmState = ( <<1, 1, -1>> :> "follower" @@
  <<1, 1, 1>> :> "follower" @@
  <<1, 2, -1>> :> "follower" @@
  <<1, 2, 1>> :> "leader" @@
  <<1, 3, -1>> :> "follower" @@
  <<1, 3, 1>> :> "follower" @@
  <<2, 1, -1>> :> "follower" @@
  <<2, 1, 1>> :> "leader" @@
  <<2, 2, -1>> :> "follower" @@
  <<2, 2, 1>> :> "follower" @@
  <<2, 3, -1>> :> "follower" @@
  <<2, 3, 1>> :> "follower" )
/\ test = 2
/\ localNodesGraph = <<{}, {}, {}>>
/\ clientRequests = <<<<>>, <<1>>, <<>>>>

@!@!@ENDMSG 2217 @!@!@
@!@!@STARTMSG 2217:4 @!@!@
7: <Next line 1344, col 7 to line 1346, col 35 of module twoPhaseSingleShard>
/\ msgs = ( [ type |-> "committedResponse",
    shard |-> 1,
    dst |-> 1,
    tn |-> 2,
    src |-> 1,
    shards |-> {1} ] :>
      1 @@
  [ type |-> "catchUp",
    shard |-> 1,
    src |-> 2,
    leadingEdge |-> {},
    ID |-> 2,
    leader |-> 1 ] :>
      1 @@
  [ type |-> "prepared",
    shard |-> 1,
    dst |-> 1,
    tn |-> 2,
    src |-> 1,
    shards |-> {1},
    leadingEdge |-> {} ] :>
      1 @@
  [ type |-> "prepared",
    shard |-> 1,
    dst |-> 1,
    tn |-> 2,
    src |-> 3,
    shards |-> {1},
    leadingEdge |-> {} ] :>
      1 @@
  [ type |-> "commit",
    shard |-> 1,
    dst |-> -1,
    tn |-> 2,
    src |-> 1,
    operations |->
        << [ type |-> "nodes",
             Operation |-> "remove",
             sourceVertex |-> 0,
             shard |-> 1 ] >>,
    shards |-> {1} ] :>
      1 @@
  [ type |-> "prepare",
    shard |-> 1,
    dst |-> -1,
    tn |-> 2,
    dependency |-> {},
    src |-> 1,
    operations |->
        << [ type |-> "nodes",
             Operation |-> "remove",
             sourceVertex |-> 0,
             shard |-> 1 ] >>,
    shards |-> {1} ] :>
      1 )
/\ failedNodes = {}
/\ pendingTransactions = <<>>
/\ localTransactionHistory = << [ leadingEdge |-> {2},
     committed |-> {2},
     aborted |-> {},
     prepared |-> {},
     heuristic |-> {} ],
   [ leadingEdge |-> {},
     committed |-> {},
     aborted |-> {},
     prepared |-> {},
     heuristic |-> {} ],
   [ leadingEdge |-> {},
     committed |-> {},
     aborted |-> {},
     prepared |-> {2},
     heuristic |-> {} ] >>
/\ localTransactionalGraph = <<(2 :> {}), << >>, (2 :> {})>>
/\ failedNodesCount = 0
/\ catchUpID = <<1, 2, 1>>
/\ lostMsgCount = 0
/\ rmState = ( <<1, 1, -1>> :> "follower" @@
  <<1, 1, 1>> :> "follower" @@
  <<1, 2, -1>> :> "follower" @@
  <<1, 2, 1>> :> "leader" @@
  <<1, 3, -1>> :> "follower" @@
  <<1, 3, 1>> :> "follower" @@
  <<2, 1, -1>> :> "follower" @@
  <<2, 1, 1>> :> "leader" @@
  <<2, 2, -1>> :> "follower" @@
  <<2, 2, 1>> :> "follower" @@
  <<2, 3, -1>> :> "follower" @@
  <<2, 3, 1>> :> "follower" )
/\ test = 3
/\ localNodesGraph = <<{}, {}, {}>>
/\ clientRequests = <<<<>>, <<1>>, <<>>>>

@!@!@ENDMSG 2217 @!@!@
@!@!@STARTMSG 2217:4 @!@!@
8: <Next line 1360, col 13 to line 1361, col 35 of module twoPhaseSingleShard>
/\ msgs = ( [ type |-> "committedResponse",
    shard |-> 1,
    dst |-> 1,
    tn |-> 2,
    src |-> 1,
    shards |-> {1} ] :>
      1 @@
  [ type |-> "catchUp",
    shard |-> 1,
    src |-> 2,
    leadingEdge |-> {},
    ID |-> 2,
    leader |-> 1 ] :>
      1 @@
  [ type |-> "prepared",
    shard |-> 1,
    dst |-> 1,
    tn |-> 2,
    src |-> 1,
    shards |-> {1},
    leadingEdge |-> {} ] :>
      1 @@
  [ type |-> "prepared",
    shard |-> 1,
    dst |-> 1,
    tn |-> 2,
    src |-> 3,
    shards |-> {1},
    leadingEdge |-> {} ] :>
      1 @@
  [ type |-> "prepared",
    shard |-> 1,
    dst |-> 2,
    tn |-> 1,
    src |-> 2,
    shards |-> {1},
    leadingEdge |-> {} ] :>
      1 @@
  [ type |-> "commit",
    shard |-> 1,
    dst |-> -1,
    tn |-> 2,
    src |-> 1,
    operations |->
        << [ type |-> "nodes",
             Operation |-> "remove",
             sourceVertex |-> 0,
             shard |-> 1 ] >>,
    shards |-> {1} ] :>
      1 @@
  [ type |-> "prepare",
    shard |-> 1,
    dst |-> -1,
    tn |-> 1,
    dependency |-> {},
    src |-> 2,
    operations |->
        << [ type |-> "nodes",
             Operation |-> "add",
             sourceVertex |-> 0,
             shard |-> 1 ],
           [ type |-> "nodes",
             Operation |-> "add",
             sourceVertex |-> 1,
             shard |-> 1 ],
           [ type |-> "edges",
             Operation |-> "add",
             sourceVertex |-> 0,
             shard |-> 1,
             desVertex |-> 1 ] >>,
    shards |-> {1} ] :>
      1 @@
  [ type |-> "prepare",
    shard |-> 1,
    dst |-> -1,
    tn |-> 2,
    dependency |-> {},
    src |-> 1,
    operations |->
        << [ type |-> "nodes",
             Operation |-> "remove",
             sourceVertex |-> 0,
             shard |-> 1 ] >>,
    shards |-> {1} ] :>
      1 )
/\ failedNodes = {}
/\ pendingTransactions = <<>>
/\ localTransactionHistory = << [ leadingEdge |-> {2},
     committed |-> {2},
     aborted |-> {},
     prepared |-> {},
     heuristic |-> {} ],
   [ leadingEdge |-> {},
     committed |-> {},
     aborted |-> {},
     prepared |-> {1},
     heuristic |-> {} ],
   [ leadingEdge |-> {},
     committed |-> {},
     aborted |-> {},
     prepared |-> {2},
     heuristic |-> {} ] >>
/\ localTransactionalGraph = <<(2 :> {}), <<{}>>, (2 :> {})>>
/\ failedNodesCount = 0
/\ catchUpID = <<1, 2, 1>>
/\ lostMsgCount = 0
/\ rmState = ( <<1, 1, -1>> :> "follower" @@
  <<1, 1, 1>> :> "follower" @@
  <<1, 2, -1>> :> "follower" @@
  <<1, 2, 1>> :> "leader" @@
  <<1, 3, -1>> :> "follower" @@
  <<1, 3, 1>> :> "follower" @@
  <<2, 1, -1>> :> "follower" @@
  <<2, 1, 1>> :> "leader" @@
  <<2, 2, -1>> :> "follower" @@
  <<2, 2, 1>> :> "follower" @@
  <<2, 3, -1>> :> "follower" @@
  <<2, 3, 1>> :> "follower" )
/\ test = 3
/\ localNodesGraph = <<{}, {}, {}>>
/\ clientRequests = <<<<>>, <<>>, <<>>>>

@!@!@ENDMSG 2217 @!@!@
@!@!@STARTMSG 2217:4 @!@!@
9: <Next line 1383, col 7 to line 1385, col 35 of module twoPhaseSingleShard>
/\ msgs = ( [ type |-> "committedResponse",
    shard |-> 1,
    dst |-> 1,
    tn |-> 2,
    src |-> 1,
    shards |-> {1} ] :>
      1 @@
  [ type |-> "catchUp",
    shard |-> 1,
    src |-> 2,
    leadingEdge |-> {},
    ID |-> 2,
    leader |-> 1 ] :>
      1 @@
  [ type |-> "catchUpResponse",
    transactions |-> <<2>>,
    dst |-> 2,
    src |-> 1,
    ID |-> 2,
    subGraph |-> (2 :> {}) ] :>
      1 @@
  [ type |-> "prepared",
    shard |-> 1,
    dst |-> 1,
    tn |-> 2,
    src |-> 1,
    shards |-> {1},
    leadingEdge |-> {} ] :>
      1 @@
  [ type |-> "prepared",
    shard |-> 1,
    dst |-> 1,
    tn |-> 2,
    src |-> 3,
    shards |-> {1},
    leadingEdge |-> {} ] :>
      1 @@
  [ type |-> "prepared",
    shard |-> 1,
    dst |-> 2,
    tn |-> 1,
    src |-> 2,
    shards |-> {1},
    leadingEdge |-> {} ] :>
      1 @@
  [ type |-> "commit",
    shard |-> 1,
    dst |-> -1,
    tn |-> 2,
    src |-> 1,
    operations |->
        << [ type |-> "nodes",
             Operation |-> "remove",
             sourceVertex |-> 0,
             shard |-> 1 ] >>,
    shards |-> {1} ] :>
      1 @@
  [ type |-> "prepare",
    shard |-> 1,
    dst |-> -1,
    tn |-> 1,
    dependency |-> {},
    src |-> 2,
    operations |->
        << [ type |-> "nodes",
             Operation |-> "add",
             sourceVertex |-> 0,
             shard |-> 1 ],
           [ type |-> "nodes",
             Operation |-> "add",
             sourceVertex |-> 1,
             shard |-> 1 ],
           [ type |-> "edges",
             Operation |-> "add",
             sourceVertex |-> 0,
             shard |-> 1,
             desVertex |-> 1 ] >>,
    shards |-> {1} ] :>
      1 @@
  [ type |-> "prepare",
    shard |-> 1,
    dst |-> -1,
    tn |-> 2,
    dependency |-> {},
    src |-> 1,
    operations |->
        << [ type |-> "nodes",
             Operation |-> "remove",
             sourceVertex |-> 0,
             shard |-> 1 ] >>,
    shards |-> {1} ] :>
      1 )
/\ failedNodes = {}
/\ pendingTransactions = <<>>
/\ localTransactionHistory = << [ leadingEdge |-> {2},
     committed |-> {2},
     aborted |-> {},
     prepared |-> {},
     heuristic |-> {} ],
   [ leadingEdge |-> {},
     committed |-> {},
     aborted |-> {},
     prepared |-> {1},
     heuristic |-> {} ],
   [ leadingEdge |-> {},
     committed |-> {},
     aborted |-> {},
     prepared |-> {2},
     heuristic |-> {} ] >>
/\ localTransactionalGraph = <<(2 :> {}), <<{}>>, (2 :> {})>>
/\ failedNodesCount = 0
/\ catchUpID = <<1, 2, 1>>
/\ lostMsgCount = 0
/\ rmState = ( <<1, 1, -1>> :> "follower" @@
  <<1, 1, 1>> :> "follower" @@
  <<1, 2, -1>> :> "follower" @@
  <<1, 2, 1>> :> "leader" @@
  <<1, 3, -1>> :> "follower" @@
  <<1, 3, 1>> :> "follower" @@
  <<2, 1, -1>> :> "follower" @@
  <<2, 1, 1>> :> "leader" @@
  <<2, 2, -1>> :> "follower" @@
  <<2, 2, 1>> :> "follower" @@
  <<2, 3, -1>> :> "follower" @@
  <<2, 3, 1>> :> "follower" )
/\ test = 4
/\ localNodesGraph = <<{}, {}, {}>>
/\ clientRequests = <<<<>>, <<>>, <<>>>>

@!@!@ENDMSG 2217 @!@!@
@!@!@STARTMSG 2103:1 @!@!@
The error occurred when TLC was evaluating the nested
expressions at the following positions:
0. Line 1386, column 7 to line 1388, column 35 in twoPhaseSingleShard
1. Line 1387, column 13 to line 1388, column 35 in twoPhaseSingleShard
2. Line 1387, column 16 to line 1387, column 40 in twoPhaseSingleShard
3. Line 1275, column 5 to line 1280, column 121 in twoPhaseSingleShard
4. Line 1275, column 8 to line 1275, column 39 in twoPhaseSingleShard
5. Line 1276, column 8 to line 1276, column 22 in twoPhaseSingleShard
6. Line 1277, column 8 to line 1277, column 22 in twoPhaseSingleShard
7. Line 1278, column 8 to line 1278, column 96 in twoPhaseSingleShard
8. Line 831, column 3 to line 874, column 75 in twoPhaseSingleShard
9. Line 852, column 6 to line 874, column 75 in twoPhaseSingleShard
10. Line 854, column 6 to line 863, column 36 in twoPhaseSingleShard
11. Line 854, column 9 to line 854, column 92 in twoPhaseSingleShard
12. Line 855, column 9 to line 855, column 124 in twoPhaseSingleShard
13. Line 856, column 9 to line 859, column 122 in twoPhaseSingleShard
14. Line 860, column 9 to line 860, column 117 in twoPhaseSingleShard
15. Line 862, column 9 to line 862, column 86 in twoPhaseSingleShard
16. Line 863, column 9 to line 863, column 36 in twoPhaseSingleShard
17. Line 863, column 17 to line 863, column 36 in twoPhaseSingleShard
18. Line 863, column 25 to line 863, column 36 in twoPhaseSingleShard
19. Line 849, column 22 to line 849, column 119 in twoPhaseSingleShard


@!@!@ENDMSG 2103 @!@!@
@!@!@STARTMSG 2201:0 @!@!@
The coverage statistics at 2025-07-22 00:25:02
@!@!@ENDMSG 2201 @!@!@
@!@!@STARTMSG 2773:0 @!@!@
<Init line 1314, col 2 to line 1314, col 5 of module twoPhaseSingleShard>: 2:2
@!@!@ENDMSG 2773 @!@!@
@!@!@STARTMSG 2775:0 @!@!@
  line 1321, col 16 to line 1321, col 80 of module twoPhaseSingleShard: 2:24
@!@!@ENDMSG 2775 @!@!@
@!@!@STARTMSG 2221:0 @!@!@
  |line 1321, col 23 to line 1321, col 26 of module twoPhaseSingleShard: 2
@!@!@ENDMSG 2221 @!@!@
@!@!@STARTMSG 2775:0 @!@!@
  ||line 1316, col 17 to line 1316, col 75 of module twoPhaseSingleShard: 2:38
@!@!@ENDMSG 2775 @!@!@
@!@!@STARTMSG 2221:0 @!@!@
  |||line 1316, col 19 to line 1316, col 39 of module twoPhaseSingleShard: 4
@!@!@ENDMSG 2221 @!@!@
@!@!@STARTMSG 2221:0 @!@!@
  |||line 1316, col 49 to line 1316, col 73 of module twoPhaseSingleShard: 2
@!@!@ENDMSG 2221 @!@!@
@!@!@STARTMSG 2221:0 @!@!@
  |line 1321, col 35 to line 1321, col 39 of module twoPhaseSingleShard: 2
@!@!@ENDMSG 2221 @!@!@
@!@!@STARTMSG 2221:0 @!@!@
  |line 1321, col 48 to line 1321, col 64 of module twoPhaseSingleShard: 2
@!@!@ENDMSG 2221 @!@!@
@!@!@STARTMSG 2221:0 @!@!@
  line 1322, col 6 to line 1322, col 28 of module twoPhaseSingleShard: 2
@!@!@ENDMSG 2221 @!@!@
@!@!@STARTMSG 2221:0 @!@!@
  line 1323, col 6 to line 1323, col 45 of module twoPhaseSingleShard: 2
@!@!@ENDMSG 2221 @!@!@
@!@!@STARTMSG 2221:0 @!@!@
  line 1324, col 6 to line 1324, col 44 of module twoPhaseSingleShard: 2
@!@!@ENDMSG 2221 @!@!@
@!@!@STARTMSG 2221:0 @!@!@
  line 1325, col 6 to line 1325, col 43 of module twoPhaseSingleShard: 2
@!@!@ENDMSG 2221 @!@!@
@!@!@STARTMSG 2221:0 @!@!@
  line 1326, col 6 to line 1330, col 6 of module twoPhaseSingleShard: 2
@!@!@ENDMSG 2221 @!@!@
@!@!@STARTMSG 2221:0 @!@!@
  line 1332, col 6 to line 1332, col 66 of module twoPhaseSingleShard: 2
@!@!@ENDMSG 2221 @!@!@
@!@!@STARTMSG 2221:0 @!@!@
  line 1333, col 6 to line 1333, col 36 of module twoPhaseSingleShard: 2
@!@!@ENDMSG 2221 @!@!@
@!@!@STARTMSG 2221:0 @!@!@
  line 1335, col 6 to line 1335, col 21 of module twoPhaseSingleShard: 2
@!@!@ENDMSG 2221 @!@!@
@!@!@STARTMSG 2221:0 @!@!@
  line 1337, col 6 to line 1337, col 13 of module twoPhaseSingleShard: 2
@!@!@ENDMSG 2221 @!@!@
@!@!@STARTMSG 2772:0 @!@!@
<Next line 1340, col 3 to line 1340, col 6 of module twoPhaseSingleShard (1341 7 1343 35)>: 686:1587
@!@!@ENDMSG 2772 @!@!@
@!@!@STARTMSG 2221:0 @!@!@
  line 1199, col 7 to line 1199, col 26 of module twoPhaseSingleShard: 23991
@!@!@ENDMSG 2221 @!@!@
@!@!@STARTMSG 2221:0 @!@!@
  |line 1199, col 7 to line 1199, col 14 of module twoPhaseSingleShard: 22404
@!@!@ENDMSG 2221 @!@!@
@!@!@STARTMSG 2221:0 @!@!@
  line 1200, col 7 to line 1200, col 39 of module twoPhaseSingleShard: 6480
@!@!@ENDMSG 2221 @!@!@
@!@!@STARTMSG 2221:0 @!@!@
  |line 1200, col 7 to line 1200, col 7 of module twoPhaseSingleShard: 4893
@!@!@ENDMSG 2221 @!@!@
@!@!@STARTMSG 2221:0 @!@!@
  |line 1200, col 13 to line 1200, col 39 of module twoPhaseSingleShard: 4893
@!@!@ENDMSG 2221 @!@!@
@!@!@STARTMSG 2221:0 @!@!@
  line 72, col 12 to line 72, col 39 of module twoPhaseSingleShard: 0
@!@!@ENDMSG 2221 @!@!@
@!@!@STARTMSG 2221:0 @!@!@
  line 72, col 12 to line 72, col 39 of module twoPhaseSingleShard: 0
@!@!@ENDMSG 2221 @!@!@
@!@!@STARTMSG 2221:0 @!@!@
  line 627, col 10 to line 627, col 53 of module twoPhaseSingleShard: 4893
@!@!@ENDMSG 2221 @!@!@
@!@!@STARTMSG 2221:0 @!@!@
  line 629, col 12 to line 629, col 61 of module twoPhaseSingleShard: 3012
@!@!@ENDMSG 2221 @!@!@
@!@!@STARTMSG 2221:0 @!@!@
  line 595, col 16 to line 601, col 77 of module twoPhaseSingleShard: 939
@!@!@ENDMSG 2221 @!@!@
@!@!@STARTMSG 2221:0 @!@!@
  |line 595, col 17 to line 601, col 77 of module twoPhaseSingleShard: 931
@!@!@ENDMSG 2221 @!@!@
@!@!@STARTMSG 2221:0 @!@!@
  line 602, col 16 to line 602, col 28 of module twoPhaseSingleShard: 939
@!@!@ENDMSG 2221 @!@!@
@!@!@STARTMSG 2221:0 @!@!@
  |line 602, col 17 to line 602, col 28 of module twoPhaseSingleShard: 931
@!@!@ENDMSG 2221 @!@!@
@!@!@STARTMSG 2221:0 @!@!@
  ||line 586, col 25 to line 586, col 52 of module twoPhaseSingleShard: 931
@!@!@ENDMSG 2221 @!@!@
@!@!@STARTMSG 2221:0 @!@!@
  |||line 586, col 25 to line 586, col 48 of module twoPhaseSingleShard: 931
@!@!@ENDMSG 2221 @!@!@
@!@!@STARTMSG 2221:0 @!@!@
  ||||line 586, col 37 to line 586, col 47 of module twoPhaseSingleShard: 931
@!@!@ENDMSG 2221 @!@!@
@!@!@STARTMSG 2221:0 @!@!@
  |||||line 581, col 24 to line 585, col 20 of module twoPhaseSingleShard: 931
@!@!@ENDMSG 2221 @!@!@
@!@!@STARTMSG 2221:0 @!@!@
  ||||||line 581, col 52 to line 584, col 50 of module twoPhaseSingleShard: 7192
@!@!@ENDMSG 2221 @!@!@
@!@!@STARTMSG 2221:0 @!@!@
  |||||||line 581, col 52 to line 583, col 55 of module twoPhaseSingleShard: 7192
@!@!@ENDMSG 2221 @!@!@
@!@!@STARTMSG 2221:0 @!@!@
  ||||||||line 581, col 52 to line 582, col 50 of module twoPhaseSingleShard: 7192
@!@!@ENDMSG 2221 @!@!@
@!@!@STARTMSG 2221:0 @!@!@
  |||||||||line 581, col 52 to line 581, col 73 of module twoPhaseSingleShard: 7192
@!@!@ENDMSG 2221 @!@!@
@!@!@STARTMSG 2221:0 @!@!@
  |||||||||line 582, col 42 to line 582, col 50 of module twoPhaseSingleShard: 2362
@!@!@ENDMSG 2221 @!@!@
@!@!@STARTMSG 2221:0 @!@!@
  ||||||||line 583, col 42 to line 583, col 55 of module twoPhaseSingleShard: 2174
@!@!@ENDMSG 2221 @!@!@
@!@!@STARTMSG 2221:0 @!@!@
  |||||||line 584, col 42 to line 584, col 50 of module twoPhaseSingleShard: 2084
@!@!@ENDMSG 2221 @!@!@
@!@!@STARTMSG 2221:0 @!@!@
  ||||||line 581, col 31 to line 581, col 48 of module twoPhaseSingleShard: 931
@!@!@ENDMSG 2221 @!@!@
@!@!@STARTMSG 2775:0 @!@!@
  |||||||line 58, col 5 to line 58, col 47 of module twoPhaseSingleShard: 931:8123
@!@!@ENDMSG 2775 @!@!@
@!@!@STARTMSG 2221:0 @!@!@
  ||||||||line 58, col 31 to line 58, col 45 of module twoPhaseSingleShard: 7192
@!@!@ENDMSG 2221 @!@!@
@!@!@STARTMSG 2221:0 @!@!@
  ||||||||line 58, col 13 to line 58, col 27 of module twoPhaseSingleShard: 931
@!@!@ENDMSG 2221 @!@!@
@!@!@STARTMSG 2221:0 @!@!@
  |||||||line 581, col 44 to line 581, col 47 of module twoPhaseSingleShard: 931
@!@!@ENDMSG 2221 @!@!@
@!@!@STARTMSG 2221:0 @!@!@
  line 603, col 16 to line 603, col 27 of module twoPhaseSingleShard: 16
@!@!@ENDMSG 2221 @!@!@
@!@!@STARTMSG 2221:0 @!@!@
  |line 603, col 17 to line 603, col 27 of module twoPhaseSingleShard: 8
@!@!@ENDMSG 2221 @!@!@
@!@!@STARTMSG 2221:0 @!@!@
  ||line 592, col 24 to line 592, col 44 of module twoPhaseSingleShard: 8
@!@!@ENDMSG 2221 @!@!@
@!@!@STARTMSG 2221:0 @!@!@
  |||line 592, col 24 to line 592, col 40 of module twoPhaseSingleShard: 8
@!@!@ENDMSG 2221 @!@!@
@!@!@STARTMSG 2221:0 @!@!@
  ||||line 592, col 36 to line 592, col 39 of module twoPhaseSingleShard: 8
@!@!@ENDMSG 2221 @!@!@
@!@!@STARTMSG 2221:0 @!@!@
  |||||line 587, col 17 to line 591, col 20 of module twoPhaseSingleShard: 8
@!@!@ENDMSG 2221 @!@!@
@!@!@STARTMSG 2221:0 @!@!@
  ||||||line 587, col 45 to line 590, col 50 of module twoPhaseSingleShard: 64
@!@!@ENDMSG 2221 @!@!@
@!@!@STARTMSG 2221:0 @!@!@
  ||||||line 587, col 24 to line 587, col 41 of module twoPhaseSingleShard: 8
@!@!@ENDMSG 2221 @!@!@
@!@!@STARTMSG 2775:0 @!@!@
  |||||||line 58, col 5 to line 58, col 47 of module twoPhaseSingleShard: 8:72
@!@!@ENDMSG 2775 @!@!@
@!@!@STARTMSG 2221:0 @!@!@
  ||||||||line 58, col 31 to line 58, col 45 of module twoPhaseSingleShard: 64
@!@!@ENDMSG 2221 @!@!@
@!@!@STARTMSG 2221:0 @!@!@
  ||||||||line 58, col 13 to line 58, col 27 of module twoPhaseSingleShard: 8
@!@!@ENDMSG 2221 @!@!@
@!@!@STARTMSG 2221:0 @!@!@
  |||||||line 587, col 37 to line 587, col 40 of module twoPhaseSingleShard: 8
@!@!@ENDMSG 2221 @!@!@
@!@!@STARTMSG 2221:0 @!@!@
  line 604, col 16 to line 611, col 18 of module twoPhaseSingleShard: 8
@!@!@ENDMSG 2221 @!@!@
@!@!@STARTMSG 2221:0 @!@!@
  line 632, col 16 to line 637, col 52 of module twoPhaseSingleShard: 16
@!@!@ENDMSG 2221 @!@!@
@!@!@STARTMSG 2221:0 @!@!@
  |line 632, col 17 to line 637, col 52 of module twoPhaseSingleShard: 8
@!@!@ENDMSG 2221 @!@!@
@!@!@STARTMSG 2221:0 @!@!@
  line 638, col 16 to line 638, col 31 of module twoPhaseSingleShard: 8
@!@!@ENDMSG 2221 @!@!@
@!@!@STARTMSG 2221:0 @!@!@
  line 639, col 16 to line 639, col 195 of module twoPhaseSingleShard: 8
@!@!@ENDMSG 2221 @!@!@
@!@!@STARTMSG 2221:0 @!@!@
  line 640, col 18 to line 640, col 120 of module twoPhaseSingleShard: 2081
@!@!@ENDMSG 2221 @!@!@
@!@!@STARTMSG 2221:0 @!@!@
  |line 640, col 18 to line 640, col 66 of module twoPhaseSingleShard: 2081
@!@!@ENDMSG 2221 @!@!@
@!@!@STARTMSG 2221:0 @!@!@
  |line 640, col 71 to line 640, col 120 of module twoPhaseSingleShard: 379
@!@!@ENDMSG 2221 @!@!@
@!@!@STARTMSG 2221:0 @!@!@
  line 595, col 16 to line 601, col 77 of module twoPhaseSingleShard: 1702
@!@!@ENDMSG 2221 @!@!@
@!@!@STARTMSG 2221:0 @!@!@
  line 602, col 16 to line 602, col 28 of module twoPhaseSingleShard: 32
@!@!@ENDMSG 2221 @!@!@
@!@!@STARTMSG 2221:0 @!@!@
  |line 602, col 17 to line 602, col 28 of module twoPhaseSingleShard: 32
@!@!@ENDMSG 2221 @!@!@
@!@!@STARTMSG 2221:0 @!@!@
  ||line 586, col 25 to line 586, col 52 of module twoPhaseSingleShard: 32
@!@!@ENDMSG 2221 @!@!@
@!@!@STARTMSG 2221:0 @!@!@
  |||line 586, col 25 to line 586, col 48 of module twoPhaseSingleShard: 32
@!@!@ENDMSG 2221 @!@!@
@!@!@STARTMSG 2221:0 @!@!@
  ||||line 586, col 37 to line 586, col 47 of module twoPhaseSingleShard: 32
@!@!@ENDMSG 2221 @!@!@
@!@!@STARTMSG 2221:0 @!@!@
  |||||line 581, col 24 to line 585, col 20 of module twoPhaseSingleShard: 32
@!@!@ENDMSG 2221 @!@!@
@!@!@STARTMSG 2221:0 @!@!@
  ||||||line 581, col 52 to line 584, col 50 of module twoPhaseSingleShard: 291
@!@!@ENDMSG 2221 @!@!@
@!@!@STARTMSG 2221:0 @!@!@
  |||||||line 581, col 52 to line 583, col 55 of module twoPhaseSingleShard: 291
@!@!@ENDMSG 2221 @!@!@
@!@!@STARTMSG 2221:0 @!@!@
  ||||||||line 581, col 52 to line 582, col 50 of module twoPhaseSingleShard: 291
@!@!@ENDMSG 2221 @!@!@
@!@!@STARTMSG 2221:0 @!@!@
  |||||||||line 581, col 52 to line 581, col 73 of module twoPhaseSingleShard: 291
@!@!@ENDMSG 2221 @!@!@
@!@!@STARTMSG 2221:0 @!@!@
  |||||||||line 582, col 42 to line 582, col 50 of module twoPhaseSingleShard: 114
@!@!@ENDMSG 2221 @!@!@
@!@!@STARTMSG 2221:0 @!@!@
  ||||||||line 583, col 42 to line 583, col 55 of module twoPhaseSingleShard: 52
@!@!@ENDMSG 2221 @!@!@
@!@!@STARTMSG 2221:0 @!@!@
  |||||||line 584, col 42 to line 584, col 50 of module twoPhaseSingleShard: 48
@!@!@ENDMSG 2221 @!@!@
@!@!@STARTMSG 2221:0 @!@!@
  ||||||line 581, col 31 to line 581, col 48 of module twoPhaseSingleShard: 32
@!@!@ENDMSG 2221 @!@!@
@!@!@STARTMSG 2775:0 @!@!@
  |||||||line 58, col 5 to line 58, col 47 of module twoPhaseSingleShard: 32:323
@!@!@ENDMSG 2775 @!@!@
@!@!@STARTMSG 2221:0 @!@!@
  ||||||||line 58, col 31 to line 58, col 45 of module twoPhaseSingleShard: 291
@!@!@ENDMSG 2221 @!@!@
@!@!@STARTMSG 2221:0 @!@!@
  ||||||||line 58, col 13 to line 58, col 27 of module twoPhaseSingleShard: 32
@!@!@ENDMSG 2221 @!@!@
@!@!@STARTMSG 2221:0 @!@!@
  |||||||line 581, col 44 to line 581, col 47 of module twoPhaseSingleShard: 32
@!@!@ENDMSG 2221 @!@!@
@!@!@STARTMSG 2221:0 @!@!@
  line 72, col 12 to line 72, col 39 of module twoPhaseSingleShard: 0
@!@!@ENDMSG 2221 @!@!@
@!@!@STARTMSG 2221:0 @!@!@
  line 643, col 20 to line 643, col 35 of module twoPhaseSingleShard: 0
@!@!@ENDMSG 2221 @!@!@
@!@!@STARTMSG 2221:0 @!@!@
  line 644, col 20 to line 644, col 199 of module twoPhaseSingleShard: 0
@!@!@ENDMSG 2221 @!@!@
@!@!@STARTMSG 2221:0 @!@!@
  line 595, col 16 to line 601, col 77 of module twoPhaseSingleShard: 379
@!@!@ENDMSG 2221 @!@!@
@!@!@STARTMSG 2221:0 @!@!@
  line 602, col 16 to line 602, col 28 of module twoPhaseSingleShard: 45
@!@!@ENDMSG 2221 @!@!@
@!@!@STARTMSG 2221:0 @!@!@
  |line 602, col 17 to line 602, col 28 of module twoPhaseSingleShard: 45
@!@!@ENDMSG 2221 @!@!@
@!@!@STARTMSG 2221:0 @!@!@
  ||line 586, col 25 to line 586, col 52 of module twoPhaseSingleShard: 45
@!@!@ENDMSG 2221 @!@!@
@!@!@STARTMSG 2221:0 @!@!@
  |||line 586, col 25 to line 586, col 48 of module twoPhaseSingleShard: 45
@!@!@ENDMSG 2221 @!@!@
@!@!@STARTMSG 2221:0 @!@!@
  ||||line 586, col 37 to line 586, col 47 of module twoPhaseSingleShard: 45
@!@!@ENDMSG 2221 @!@!@
@!@!@STARTMSG 2221:0 @!@!@
  |||||line 581, col 24 to line 585, col 20 of module twoPhaseSingleShard: 45
@!@!@ENDMSG 2221 @!@!@
@!@!@STARTMSG 2221:0 @!@!@
  ||||||line 581, col 52 to line 584, col 50 of module twoPhaseSingleShard: 330
@!@!@ENDMSG 2221 @!@!@
@!@!@STARTMSG 2221:0 @!@!@
  |||||||line 581, col 52 to line 583, col 55 of module twoPhaseSingleShard: 330
@!@!@ENDMSG 2221 @!@!@
@!@!@STARTMSG 2221:0 @!@!@
  ||||||||line 581, col 52 to line 582, col 50 of module twoPhaseSingleShard: 330
@!@!@ENDMSG 2221 @!@!@
@!@!@STARTMSG 2221:0 @!@!@
  |||||||||line 581, col 52 to line 581, col 73 of module twoPhaseSingleShard: 330
@!@!@ENDMSG 2221 @!@!@
@!@!@STARTMSG 2221:0 @!@!@
  |||||||||line 582, col 42 to line 582, col 50 of module twoPhaseSingleShard: 128
@!@!@ENDMSG 2221 @!@!@
@!@!@STARTMSG 2221:0 @!@!@
  ||||||||line 583, col 42 to line 583, col 55 of module twoPhaseSingleShard: 97
@!@!@ENDMSG 2221 @!@!@
@!@!@STARTMSG 2221:0 @!@!@
  |||||||line 584, col 42 to line 584, col 50 of module twoPhaseSingleShard: 49
@!@!@ENDMSG 2221 @!@!@
@!@!@STARTMSG 2221:0 @!@!@
  ||||||line 581, col 31 to line 581, col 48 of module twoPhaseSingleShard: 45
@!@!@ENDMSG 2221 @!@!@
@!@!@STARTMSG 2775:0 @!@!@
  |||||||line 58, col 5 to line 58, col 47 of module twoPhaseSingleShard: 45:375
@!@!@ENDMSG 2775 @!@!@
@!@!@STARTMSG 2221:0 @!@!@
  ||||||||line 58, col 31 to line 58, col 45 of module twoPhaseSingleShard: 330
@!@!@ENDMSG 2221 @!@!@
@!@!@STARTMSG 2221:0 @!@!@
  ||||||||line 58, col 13 to line 58, col 27 of module twoPhaseSingleShard: 45
@!@!@ENDMSG 2221 @!@!@
@!@!@STARTMSG 2221:0 @!@!@
  |||||||line 581, col 44 to line 581, col 47 of module twoPhaseSingleShard: 45
@!@!@ENDMSG 2221 @!@!@
@!@!@STARTMSG 2221:0 @!@!@
  line 72, col 12 to line 72, col 39 of module twoPhaseSingleShard: 0
@!@!@ENDMSG 2221 @!@!@
@!@!@STARTMSG 2221:0 @!@!@
  line 647, col 20 to line 647, col 35 of module twoPhaseSingleShard: 0
@!@!@ENDMSG 2221 @!@!@
@!@!@STARTMSG 2221:0 @!@!@
  line 648, col 20 to line 648, col 199 of module twoPhaseSingleShard: 0
@!@!@ENDMSG 2221 @!@!@
@!@!@STARTMSG 2221:0 @!@!@
  line 650, col 10 to line 650, col 115 of module twoPhaseSingleShard: 1881
@!@!@ENDMSG 2221 @!@!@
@!@!@STARTMSG 2221:0 @!@!@
  line 653, col 14 to line 653, col 53 of module twoPhaseSingleShard: 1825
@!@!@ENDMSG 2221 @!@!@
@!@!@STARTMSG 2221:0 @!@!@
  |line 653, col 15 to line 653, col 53 of module twoPhaseSingleShard: 1825
@!@!@ENDMSG 2221 @!@!@
@!@!@STARTMSG 2221:0 @!@!@
  ||line 249, col 26 to line 249, col 73 of module twoPhaseSingleShard: 1825
@!@!@ENDMSG 2221 @!@!@
@!@!@STARTMSG 2221:0 @!@!@
  |||line 249, col 51 to line 249, col 73 of module twoPhaseSingleShard: 817
@!@!@ENDMSG 2221 @!@!@
@!@!@STARTMSG 2221:0 @!@!@
  |||line 249, col 35 to line 249, col 47 of module twoPhaseSingleShard: 1825
@!@!@ENDMSG 2221 @!@!@
@!@!@STARTMSG 2221:0 @!@!@
  ||line 245, col 22 to line 245, col 82 of module twoPhaseSingleShard: 817
@!@!@ENDMSG 2221 @!@!@
@!@!@STARTMSG 2221:0 @!@!@
  |||line 245, col 23 to line 245, col 51 of module twoPhaseSingleShard: 1541
@!@!@ENDMSG 2221 @!@!@
@!@!@STARTMSG 2221:0 @!@!@
  |||line 245, col 62 to line 245, col 81 of module twoPhaseSingleShard: 817
@!@!@ENDMSG 2221 @!@!@
@!@!@STARTMSG 2221:0 @!@!@
  ||line 246, col 21 to line 246, col 58 of module twoPhaseSingleShard: 1825
@!@!@ENDMSG 2221 @!@!@
@!@!@STARTMSG 2775:0 @!@!@
  ||line 248, col 24 to line 248, col 50 of module twoPhaseSingleShard: 1825:2642
@!@!@ENDMSG 2775 @!@!@
@!@!@STARTMSG 2221:0 @!@!@
  |||line 248, col 26 to line 248, col 29 of module twoPhaseSingleShard: 817
@!@!@ENDMSG 2221 @!@!@
@!@!@STARTMSG 2221:0 @!@!@
  ||||line 247, col 15 to line 247, col 79 of module twoPhaseSingleShard: 817
@!@!@ENDMSG 2221 @!@!@
@!@!@STARTMSG 2221:0 @!@!@
  |||||line 247, col 16 to line 247, col 46 of module twoPhaseSingleShard: 1727
@!@!@ENDMSG 2221 @!@!@
@!@!@STARTMSG 2221:0 @!@!@
  |||||line 247, col 56 to line 247, col 78 of module twoPhaseSingleShard: 817
@!@!@ENDMSG 2221 @!@!@
@!@!@STARTMSG 2221:0 @!@!@
  ||||line 248, col 28 to line 248, col 28 of module twoPhaseSingleShard: 817
@!@!@ENDMSG 2221 @!@!@
@!@!@STARTMSG 2221:0 @!@!@
  |||line 248, col 39 to line 248, col 48 of module twoPhaseSingleShard: 1825
@!@!@ENDMSG 2221 @!@!@
@!@!@STARTMSG 2221:0 @!@!@
  ||line 254, col 7 to line 254, col 21 of module twoPhaseSingleShard: 1825
@!@!@ENDMSG 2221 @!@!@
@!@!@STARTMSG 2221:0 @!@!@
  ||line 653, col 38 to line 653, col 38 of module twoPhaseSingleShard: 1825
@!@!@ENDMSG 2221 @!@!@
@!@!@STARTMSG 2221:0 @!@!@
  ||line 653, col 41 to line 653, col 52 of module twoPhaseSingleShard: 817
@!@!@ENDMSG 2221 @!@!@
@!@!@STARTMSG 2221:0 @!@!@
  line 656, col 16 to line 658, col 177 of module twoPhaseSingleShard: 971
@!@!@ENDMSG 2221 @!@!@
@!@!@STARTMSG 2221:0 @!@!@
  |line 656, col 43 to line 658, col 177 of module twoPhaseSingleShard: 1008
@!@!@ENDMSG 2221 @!@!@
@!@!@STARTMSG 2221:0 @!@!@
  line 659, col 16 to line 659, col 121 of module twoPhaseSingleShard: 971
@!@!@ENDMSG 2221 @!@!@
@!@!@STARTMSG 2221:0 @!@!@
  |line 659, col 44 to line 659, col 121 of module twoPhaseSingleShard: 1008
@!@!@ENDMSG 2221 @!@!@
@!@!@STARTMSG 2221:0 @!@!@
  line 660, col 16 to line 660, col 28 of module twoPhaseSingleShard: 1979
@!@!@ENDMSG 2221 @!@!@
@!@!@STARTMSG 2221:0 @!@!@
  |line 660, col 17 to line 660, col 28 of module twoPhaseSingleShard: 1008
@!@!@ENDMSG 2221 @!@!@
@!@!@STARTMSG 2221:0 @!@!@
  ||line 586, col 25 to line 586, col 52 of module twoPhaseSingleShard: 1008
@!@!@ENDMSG 2221 @!@!@
@!@!@STARTMSG 2221:0 @!@!@
  |||line 586, col 25 to line 586, col 48 of module twoPhaseSingleShard: 1008
@!@!@ENDMSG 2221 @!@!@
@!@!@STARTMSG 2221:0 @!@!@
  ||||line 586, col 37 to line 586, col 47 of module twoPhaseSingleShard: 1008
@!@!@ENDMSG 2221 @!@!@
@!@!@STARTMSG 2221:0 @!@!@
  |||||line 581, col 24 to line 585, col 20 of module twoPhaseSingleShard: 1008
@!@!@ENDMSG 2221 @!@!@
@!@!@STARTMSG 2221:0 @!@!@
  ||||||line 581, col 52 to line 584, col 50 of module twoPhaseSingleShard: 7266
@!@!@ENDMSG 2221 @!@!@
@!@!@STARTMSG 2221:0 @!@!@
  |||||||line 581, col 52 to line 583, col 55 of module twoPhaseSingleShard: 7266
@!@!@ENDMSG 2221 @!@!@
@!@!@STARTMSG 2221:0 @!@!@
  ||||||||line 581, col 52 to line 582, col 50 of module twoPhaseSingleShard: 7266
@!@!@ENDMSG 2221 @!@!@
@!@!@STARTMSG 2221:0 @!@!@
  |||||||||line 581, col 52 to line 581, col 73 of module twoPhaseSingleShard: 7266
@!@!@ENDMSG 2221 @!@!@
@!@!@STARTMSG 2221:0 @!@!@
  |||||||||line 582, col 42 to line 582, col 50 of module twoPhaseSingleShard: 2247
@!@!@ENDMSG 2221 @!@!@
@!@!@STARTMSG 2221:0 @!@!@
  ||||||||line 583, col 42 to line 583, col 55 of module twoPhaseSingleShard: 1608
@!@!@ENDMSG 2221 @!@!@
@!@!@STARTMSG 2221:0 @!@!@
  |||||||line 584, col 42 to line 584, col 50 of module twoPhaseSingleShard: 1332
@!@!@ENDMSG 2221 @!@!@
@!@!@STARTMSG 2221:0 @!@!@
  ||||||line 581, col 31 to line 581, col 48 of module twoPhaseSingleShard: 1008
@!@!@ENDMSG 2221 @!@!@
@!@!@STARTMSG 2775:0 @!@!@
  |||||||line 58, col 5 to line 58, col 47 of module twoPhaseSingleShard: 1008:8274
@!@!@ENDMSG 2775 @!@!@
@!@!@STARTMSG 2221:0 @!@!@
  ||||||||line 58, col 31 to line 58, col 45 of module twoPhaseSingleShard: 7266
@!@!@ENDMSG 2221 @!@!@
@!@!@STARTMSG 2221:0 @!@!@
  ||||||||line 58, col 13 to line 58, col 27 of module twoPhaseSingleShard: 1008
@!@!@ENDMSG 2221 @!@!@
@!@!@STARTMSG 2221:0 @!@!@
  |||||||line 581, col 44 to line 581, col 47 of module twoPhaseSingleShard: 1008
@!@!@ENDMSG 2221 @!@!@
@!@!@STARTMSG 2221:0 @!@!@
  line 661, col 16 to line 661, col 27 of module twoPhaseSingleShard: 1979
@!@!@ENDMSG 2221 @!@!@
@!@!@STARTMSG 2221:0 @!@!@
  |line 661, col 17 to line 661, col 27 of module twoPhaseSingleShard: 1008
@!@!@ENDMSG 2221 @!@!@
@!@!@STARTMSG 2221:0 @!@!@
  ||line 592, col 24 to line 592, col 44 of module twoPhaseSingleShard: 1008
@!@!@ENDMSG 2221 @!@!@
@!@!@STARTMSG 2221:0 @!@!@
  |||line 592, col 24 to line 592, col 40 of module twoPhaseSingleShard: 1008
@!@!@ENDMSG 2221 @!@!@
@!@!@STARTMSG 2221:0 @!@!@
  ||||line 592, col 36 to line 592, col 39 of module twoPhaseSingleShard: 1008
@!@!@ENDMSG 2221 @!@!@
@!@!@STARTMSG 2221:0 @!@!@
  |||||line 587, col 17 to line 591, col 20 of module twoPhaseSingleShard: 1008
@!@!@ENDMSG 2221 @!@!@
@!@!@STARTMSG 2221:0 @!@!@
  ||||||line 587, col 45 to line 590, col 50 of module twoPhaseSingleShard: 7266
@!@!@ENDMSG 2221 @!@!@
@!@!@STARTMSG 2221:0 @!@!@
  |||||||line 587, col 45 to line 589, col 55 of module twoPhaseSingleShard: 7266
@!@!@ENDMSG 2221 @!@!@
@!@!@STARTMSG 2221:0 @!@!@
  ||||||||line 587, col 45 to line 588, col 50 of module twoPhaseSingleShard: 7266
@!@!@ENDMSG 2221 @!@!@
@!@!@STARTMSG 2221:0 @!@!@
  |||||||||line 587, col 45 to line 587, col 65 of module twoPhaseSingleShard: 7266
@!@!@ENDMSG 2221 @!@!@
@!@!@STARTMSG 2221:0 @!@!@
  |||||||||line 588, col 42 to line 588, col 50 of module twoPhaseSingleShard: 688
@!@!@ENDMSG 2221 @!@!@
@!@!@STARTMSG 2221:0 @!@!@
  ||||||||line 589, col 42 to line 589, col 55 of module twoPhaseSingleShard: 528
@!@!@ENDMSG 2221 @!@!@
@!@!@STARTMSG 2221:0 @!@!@
  |||||||line 590, col 42 to line 590, col 50 of module twoPhaseSingleShard: 382
@!@!@ENDMSG 2221 @!@!@
@!@!@STARTMSG 2221:0 @!@!@
  ||||||line 587, col 24 to line 587, col 41 of module twoPhaseSingleShard: 1008
@!@!@ENDMSG 2221 @!@!@
@!@!@STARTMSG 2775:0 @!@!@
  |||||||line 58, col 5 to line 58, col 47 of module twoPhaseSingleShard: 1008:8274
@!@!@ENDMSG 2775 @!@!@
@!@!@STARTMSG 2221:0 @!@!@
  ||||||||line 58, col 31 to line 58, col 45 of module twoPhaseSingleShard: 7266
@!@!@ENDMSG 2221 @!@!@
@!@!@STARTMSG 2221:0 @!@!@
  ||||||||line 58, col 13 to line 58, col 27 of module twoPhaseSingleShard: 1008
@!@!@ENDMSG 2221 @!@!@
@!@!@STARTMSG 2221:0 @!@!@
  |||||||line 587, col 37 to line 587, col 40 of module twoPhaseSingleShard: 1008
@!@!@ENDMSG 2221 @!@!@
@!@!@STARTMSG 2221:0 @!@!@
  line 662, col 16 to line 662, col 39 of module twoPhaseSingleShard: 971
@!@!@ENDMSG 2221 @!@!@
@!@!@STARTMSG 2221:0 @!@!@
  line 663, col 16 to line 663, col 31 of module twoPhaseSingleShard: 971
@!@!@ENDMSG 2221 @!@!@
@!@!@STARTMSG 2221:0 @!@!@
  line 664, col 16 to line 665, col 90 of module twoPhaseSingleShard: 1942
@!@!@ENDMSG 2221 @!@!@
@!@!@STARTMSG 2221:0 @!@!@
  line 72, col 12 to line 72, col 39 of module twoPhaseSingleShard: 564
@!@!@ENDMSG 2221 @!@!@
@!@!@STARTMSG 2221:0 @!@!@
  |line 72, col 20 to line 72, col 39 of module twoPhaseSingleShard: 817
@!@!@ENDMSG 2221 @!@!@
@!@!@STARTMSG 2221:0 @!@!@
  ||line 61, col 5 to line 64, col 28 of module twoPhaseSingleShard: 817
@!@!@ENDMSG 2221 @!@!@
@!@!@STARTMSG 2221:0 @!@!@
  |||line 61, col 8 to line 61, col 28 of module twoPhaseSingleShard: 817
@!@!@ENDMSG 2221 @!@!@
@!@!@STARTMSG 2221:0 @!@!@
  |||line 62, col 9 to line 62, col 48 of module twoPhaseSingleShard: 251
@!@!@ENDMSG 2221 @!@!@
@!@!@STARTMSG 2221:0 @!@!@
  |||line 64, col 9 to line 64, col 28 of module twoPhaseSingleShard: 566
@!@!@ENDMSG 2221 @!@!@
@!@!@STARTMSG 2221:0 @!@!@
  ||line 72, col 32 to line 72, col 32 of module twoPhaseSingleShard: 817
@!@!@ENDMSG 2221 @!@!@
@!@!@STARTMSG 2221:0 @!@!@
  ||line 72, col 35 to line 72, col 38 of module twoPhaseSingleShard: 817
@!@!@ENDMSG 2221 @!@!@
@!@!@STARTMSG 2221:0 @!@!@
  line 615, col 18 to line 622, col 17 of module twoPhaseSingleShard: 817
@!@!@ENDMSG 2221 @!@!@
@!@!@STARTMSG 2221:0 @!@!@
  |line 615, col 19 to line 615, col 34 of module twoPhaseSingleShard: 817
@!@!@ENDMSG 2221 @!@!@
@!@!@STARTMSG 2221:0 @!@!@
  |line 616, col 20 to line 616, col 33 of module twoPhaseSingleShard: 817
@!@!@ENDMSG 2221 @!@!@
@!@!@STARTMSG 2221:0 @!@!@
  |line 617, col 20 to line 617, col 28 of module twoPhaseSingleShard: 817
@!@!@ENDMSG 2221 @!@!@
@!@!@STARTMSG 2221:0 @!@!@
  |line 618, col 20 to line 618, col 28 of module twoPhaseSingleShard: 817
@!@!@ENDMSG 2221 @!@!@
@!@!@STARTMSG 2221:0 @!@!@
  |line 619, col 20 to line 619, col 40 of module twoPhaseSingleShard: 817
@!@!@ENDMSG 2221 @!@!@
@!@!@STARTMSG 2221:0 @!@!@
  |line 620, col 20 to line 620, col 38 of module twoPhaseSingleShard: 817
@!@!@ENDMSG 2221 @!@!@
@!@!@STARTMSG 2221:0 @!@!@
  |line 621, col 36 to line 621, col 53 of module twoPhaseSingleShard: 817
@!@!@ENDMSG 2221 @!@!@
@!@!@STARTMSG 2221:0 @!@!@
  ||line 612, col 31 to line 612, col 149 of module twoPhaseSingleShard: 817
@!@!@ENDMSG 2221 @!@!@
@!@!@STARTMSG 2221:0 @!@!@
  |||line 612, col 32 to line 612, col 126 of module twoPhaseSingleShard: 817
@!@!@ENDMSG 2221 @!@!@
@!@!@STARTMSG 2221:0 @!@!@
  ||||line 612, col 32 to line 612, col 72 of module twoPhaseSingleShard: 817
@!@!@ENDMSG 2221 @!@!@
@!@!@STARTMSG 2221:0 @!@!@
  ||||line 612, col 76 to line 612, col 126 of module twoPhaseSingleShard: 817
@!@!@ENDMSG 2221 @!@!@
@!@!@STARTMSG 2221:0 @!@!@
  |||||line 570, col 3 to line 570, col 30 of module twoPhaseSingleShard: 817
@!@!@ENDMSG 2221 @!@!@
@!@!@STARTMSG 2221:0 @!@!@
  ||||||line 570, col 9 to line 570, col 30 of module twoPhaseSingleShard: 817
@!@!@ENDMSG 2221 @!@!@
@!@!@STARTMSG 2221:0 @!@!@
  |||||||line 570, col 10 to line 570, col 15 of module twoPhaseSingleShard: 50
@!@!@ENDMSG 2221 @!@!@
@!@!@STARTMSG 2221:0 @!@!@
  |||||||line 570, col 25 to line 570, col 29 of module twoPhaseSingleShard: 817
@!@!@ENDMSG 2221 @!@!@
@!@!@STARTMSG 2221:0 @!@!@
  |||||line 612, col 84 to line 612, col 97 of module twoPhaseSingleShard: 817
@!@!@ENDMSG 2221 @!@!@
@!@!@STARTMSG 2221:0 @!@!@
  |||||line 612, col 100 to line 612, col 125 of module twoPhaseSingleShard: 50
@!@!@ENDMSG 2221 @!@!@
@!@!@STARTMSG 2221:0 @!@!@
  |||line 612, col 136 to line 612, col 149 of module twoPhaseSingleShard: 817
@!@!@ENDMSG 2221 @!@!@
@!@!@STARTMSG 2221:0 @!@!@
  line 669, col 16 to line 669, col 27 of module twoPhaseSingleShard: 1381
@!@!@ENDMSG 2221 @!@!@
@!@!@STARTMSG 2221:0 @!@!@
  |line 669, col 17 to line 669, col 27 of module twoPhaseSingleShard: 817
@!@!@ENDMSG 2221 @!@!@
@!@!@STARTMSG 2221:0 @!@!@
  ||line 592, col 24 to line 592, col 44 of module twoPhaseSingleShard: 817
@!@!@ENDMSG 2221 @!@!@
@!@!@STARTMSG 2221:0 @!@!@
  |||line 592, col 24 to line 592, col 40 of module twoPhaseSingleShard: 817
@!@!@ENDMSG 2221 @!@!@
@!@!@STARTMSG 2221:0 @!@!@
  ||||line 592, col 36 to line 592, col 39 of module twoPhaseSingleShard: 817
@!@!@ENDMSG 2221 @!@!@
@!@!@STARTMSG 2221:0 @!@!@
  |||||line 587, col 17 to line 591, col 20 of module twoPhaseSingleShard: 817
@!@!@ENDMSG 2221 @!@!@
@!@!@STARTMSG 2221:0 @!@!@
  ||||||line 587, col 45 to line 590, col 50 of module twoPhaseSingleShard: 6024
@!@!@ENDMSG 2221 @!@!@
@!@!@STARTMSG 2221:0 @!@!@
  |||||||line 587, col 45 to line 589, col 55 of module twoPhaseSingleShard: 6024
@!@!@ENDMSG 2221 @!@!@
@!@!@STARTMSG 2221:0 @!@!@
  ||||||||line 587, col 45 to line 588, col 50 of module twoPhaseSingleShard: 6024
@!@!@ENDMSG 2221 @!@!@
@!@!@STARTMSG 2221:0 @!@!@
  |||||||||line 587, col 45 to line 587, col 65 of module twoPhaseSingleShard: 6024
@!@!@ENDMSG 2221 @!@!@
@!@!@STARTMSG 2221:0 @!@!@
  |||||||||line 588, col 42 to line 588, col 50 of module twoPhaseSingleShard: 936
@!@!@ENDMSG 2221 @!@!@
@!@!@STARTMSG 2221:0 @!@!@
  ||||||||line 589, col 42 to line 589, col 55 of module twoPhaseSingleShard: 691
@!@!@ENDMSG 2221 @!@!@
@!@!@STARTMSG 2221:0 @!@!@
  |||||||line 590, col 42 to line 590, col 50 of module twoPhaseSingleShard: 615
@!@!@ENDMSG 2221 @!@!@
@!@!@STARTMSG 2221:0 @!@!@
  ||||||line 587, col 24 to line 587, col 41 of module twoPhaseSingleShard: 817
@!@!@ENDMSG 2221 @!@!@
@!@!@STARTMSG 2775:0 @!@!@
  |||||||line 58, col 5 to line 58, col 47 of module twoPhaseSingleShard: 817:6841
@!@!@ENDMSG 2775 @!@!@
@!@!@STARTMSG 2221:0 @!@!@
  ||||||||line 58, col 31 to line 58, col 45 of module twoPhaseSingleShard: 6024
@!@!@ENDMSG 2221 @!@!@
@!@!@STARTMSG 2221:0 @!@!@
  ||||||||line 58, col 13 to line 58, col 27 of module twoPhaseSingleShard: 817
@!@!@ENDMSG 2221 @!@!@
@!@!@STARTMSG 2221:0 @!@!@
  |||||||line 587, col 37 to line 587, col 40 of module twoPhaseSingleShard: 817
@!@!@ENDMSG 2221 @!@!@
@!@!@STARTMSG 2221:0 @!@!@
  line 670, col 16 to line 670, col 31 of module twoPhaseSingleShard: 564
@!@!@ENDMSG 2221 @!@!@
@!@!@STARTMSG 2221:0 @!@!@
  line 671, col 16 to line 672, col 140 of module twoPhaseSingleShard: 564
@!@!@ENDMSG 2221 @!@!@
@!@!@STARTMSG 2221:0 @!@!@
  line 674, col 13 to line 674, col 28 of module twoPhaseSingleShard: 44
@!@!@ENDMSG 2221 @!@!@
@!@!@STARTMSG 2221:0 @!@!@
  |line 674, col 21 to line 674, col 28 of module twoPhaseSingleShard: 56
@!@!@ENDMSG 2221 @!@!@
@!@!@STARTMSG 2221:0 @!@!@
  line 675, col 14 to line 675, col 190 of module twoPhaseSingleShard: 100
@!@!@ENDMSG 2221 @!@!@
@!@!@STARTMSG 2221:0 @!@!@
  |line 675, col 15 to line 675, col 190 of module twoPhaseSingleShard: 56
@!@!@ENDMSG 2221 @!@!@
@!@!@STARTMSG 2221:0 @!@!@
  line 676, col 14 to line 676, col 180 of module twoPhaseSingleShard: 44
@!@!@ENDMSG 2221 @!@!@
@!@!@STARTMSG 2221:0 @!@!@
  line 677, col 14 to line 677, col 194 of module twoPhaseSingleShard: 44
@!@!@ENDMSG 2221 @!@!@
@!@!@STARTMSG 2221:0 @!@!@
  line 1205, col 18 to line 1205, col 23 of module twoPhaseSingleShard: 4893
@!@!@ENDMSG 2221 @!@!@
@!@!@STARTMSG 2221:0 @!@!@
  line 1205, col 26 to line 1205, col 26 of module twoPhaseSingleShard: 4893
@!@!@ENDMSG 2221 @!@!@
@!@!@STARTMSG 2221:0 @!@!@
  line 1205, col 29 to line 1205, col 35 of module twoPhaseSingleShard: 4893
@!@!@ENDMSG 2221 @!@!@
@!@!@STARTMSG 2221:0 @!@!@
  line 1205, col 38 to line 1205, col 51 of module twoPhaseSingleShard: 1881
@!@!@ENDMSG 2221 @!@!@
@!@!@STARTMSG 2221:0 @!@!@
  line 1205, col 54 to line 1205, col 67 of module twoPhaseSingleShard: 817
@!@!@ENDMSG 2221 @!@!@
@!@!@STARTMSG 2221:0 @!@!@
  line 1205, col 70 to line 1205, col 79 of module twoPhaseSingleShard: 4856
@!@!@ENDMSG 2221 @!@!@
@!@!@STARTMSG 2221:0 @!@!@
  line 1205, col 82 to line 1205, col 90 of module twoPhaseSingleShard: 4856
@!@!@ENDMSG 2221 @!@!@
@!@!@STARTMSG 2221:0 @!@!@
  line 1342, col 28 to line 1342, col 28 of module twoPhaseSingleShard: 4893
@!@!@ENDMSG 2221 @!@!@
@!@!@STARTMSG 2221:0 @!@!@
  line 1342, col 30 to line 1342, col 30 of module twoPhaseSingleShard: 22404
@!@!@ENDMSG 2221 @!@!@
@!@!@STARTMSG 2221:0 @!@!@
  line 1343, col 16 to line 1343, col 35 of module twoPhaseSingleShard: 1587
@!@!@ENDMSG 2221 @!@!@
@!@!@STARTMSG 2221:0 @!@!@
  line 1341, col 16 to line 1341, col 20 of module twoPhaseSingleShard: 1066
@!@!@ENDMSG 2221 @!@!@
@!@!@STARTMSG 2221:0 @!@!@
  line 1341, col 29 to line 1341, col 46 of module twoPhaseSingleShard: 1066
@!@!@ENDMSG 2221 @!@!@
@!@!@STARTMSG 2775:0 @!@!@
  |line 58, col 5 to line 58, col 47 of module twoPhaseSingleShard: 1066:8534
@!@!@ENDMSG 2775 @!@!@
@!@!@STARTMSG 2221:0 @!@!@
  ||line 58, col 31 to line 58, col 45 of module twoPhaseSingleShard: 7468
@!@!@ENDMSG 2221 @!@!@
@!@!@STARTMSG 2221:0 @!@!@
  ||line 58, col 13 to line 58, col 27 of module twoPhaseSingleShard: 1066
@!@!@ENDMSG 2221 @!@!@
@!@!@STARTMSG 2221:0 @!@!@
  |line 1341, col 42 to line 1341, col 45 of module twoPhaseSingleShard: 1066
@!@!@ENDMSG 2221 @!@!@
@!@!@STARTMSG 2772:0 @!@!@
<Next line 1340, col 3 to line 1340, col 6 of module twoPhaseSingleShard (1344 7 1346 35)>: 484:893
@!@!@ENDMSG 2772 @!@!@
@!@!@STARTMSG 2221:0 @!@!@
  line 1224, col 7 to line 1224, col 25 of module twoPhaseSingleShard: 23291
@!@!@ENDMSG 2221 @!@!@
@!@!@STARTMSG 2221:0 @!@!@
  |line 1224, col 7 to line 1224, col 14 of module twoPhaseSingleShard: 22398
@!@!@ENDMSG 2221 @!@!@
@!@!@STARTMSG 2221:0 @!@!@
  line 1225, col 7 to line 1225, col 39 of module twoPhaseSingleShard: 2987
@!@!@ENDMSG 2221 @!@!@
@!@!@STARTMSG 2221:0 @!@!@
  |line 1225, col 7 to line 1225, col 7 of module twoPhaseSingleShard: 2094
@!@!@ENDMSG 2221 @!@!@
@!@!@STARTMSG 2221:0 @!@!@
  |line 1225, col 13 to line 1225, col 39 of module twoPhaseSingleShard: 2094
@!@!@ENDMSG 2221 @!@!@
@!@!@STARTMSG 2221:0 @!@!@
  line 720, col 6 to line 720, col 49 of module twoPhaseSingleShard: 2094
@!@!@ENDMSG 2221 @!@!@
@!@!@STARTMSG 2221:0 @!@!@
  line 722, col 6 to line 722, col 45 of module twoPhaseSingleShard: 2193
@!@!@ENDMSG 2221 @!@!@
@!@!@STARTMSG 2221:0 @!@!@
  |line 722, col 6 to line 722, col 34 of module twoPhaseSingleShard: 1562
@!@!@ENDMSG 2221 @!@!@
@!@!@STARTMSG 2221:0 @!@!@
  line 723, col 6 to line 723, col 54 of module twoPhaseSingleShard: 2193
@!@!@ENDMSG 2221 @!@!@
@!@!@STARTMSG 2221:0 @!@!@
  |line 723, col 6 to line 723, col 11 of module twoPhaseSingleShard: 1562
@!@!@ENDMSG 2221 @!@!@
@!@!@STARTMSG 2221:0 @!@!@
  |line 723, col 17 to line 723, col 54 of module twoPhaseSingleShard: 1562
@!@!@ENDMSG 2221 @!@!@
@!@!@STARTMSG 2221:0 @!@!@
  line 726, col 6 to line 728, col 195 of module twoPhaseSingleShard: 631
@!@!@ENDMSG 2221 @!@!@
@!@!@STARTMSG 2221:0 @!@!@
  line 729, col 6 to line 729, col 98 of module twoPhaseSingleShard: 631
@!@!@ENDMSG 2221 @!@!@
@!@!@STARTMSG 2221:0 @!@!@
  |line 729, col 25 to line 729, col 98 of module twoPhaseSingleShard: 631
@!@!@ENDMSG 2221 @!@!@
@!@!@STARTMSG 2221:0 @!@!@
  ||line 729, col 26 to line 729, col 40 of module twoPhaseSingleShard: 631
@!@!@ENDMSG 2221 @!@!@
@!@!@STARTMSG 2221:0 @!@!@
  ||line 729, col 48 to line 729, col 97 of module twoPhaseSingleShard: 631
@!@!@ENDMSG 2221 @!@!@
@!@!@STARTMSG 2221:0 @!@!@
  ||line 729, col 56 to line 729, col 97 of module twoPhaseSingleShard: 631
@!@!@ENDMSG 2221 @!@!@
@!@!@STARTMSG 2221:0 @!@!@
  |||line 218, col 3 to line 218, col 33 of module twoPhaseSingleShard: 631
@!@!@ENDMSG 2221 @!@!@
@!@!@STARTMSG 2221:0 @!@!@
  ||||line 214, col 5 to line 215, col 75 of module twoPhaseSingleShard: 2114
@!@!@ENDMSG 2221 @!@!@
@!@!@STARTMSG 2221:0 @!@!@
  |||||line 214, col 8 to line 214, col 17 of module twoPhaseSingleShard: 2114
@!@!@ENDMSG 2221 @!@!@
@!@!@STARTMSG 2221:0 @!@!@
  |||||line 214, col 24 to line 214, col 24 of module twoPhaseSingleShard: 631
@!@!@ENDMSG 2221 @!@!@
@!@!@STARTMSG 2221:0 @!@!@
  |||||line 215, col 10 to line 215, col 75 of module twoPhaseSingleShard: 1483
@!@!@ENDMSG 2221 @!@!@
@!@!@STARTMSG 2221:0 @!@!@
  ||||||line 215, col 26 to line 215, col 34 of module twoPhaseSingleShard: 1483
@!@!@ENDMSG 2221 @!@!@
@!@!@STARTMSG 2221:0 @!@!@
  ||||||line 215, col 37 to line 215, col 42 of module twoPhaseSingleShard: 852
@!@!@ENDMSG 2221 @!@!@
@!@!@STARTMSG 2221:0 @!@!@
  ||||||line 215, col 46 to line 215, col 74 of module twoPhaseSingleShard: 1483
@!@!@ENDMSG 2221 @!@!@
@!@!@STARTMSG 2221:0 @!@!@
  |||||||line 170, col 5 to line 210, col 9 of module twoPhaseSingleShard: 1483
@!@!@ENDMSG 2221 @!@!@
@!@!@STARTMSG 2221:0 @!@!@
  ||||||||line 170, col 8 to line 170, col 44 of module twoPhaseSingleShard: 1483
@!@!@ENDMSG 2221 @!@!@
@!@!@STARTMSG 2221:0 @!@!@
  ||||||||line 172, col 9 to line 208, col 39 of module twoPhaseSingleShard: 1483
@!@!@ENDMSG 2221 @!@!@
@!@!@STARTMSG 2221:0 @!@!@
  |||||||||line 172, col 14 to line 172, col 54 of module twoPhaseSingleShard: 1483
@!@!@ENDMSG 2221 @!@!@
@!@!@STARTMSG 2221:0 @!@!@
  ||||||||||line 172, col 14 to line 172, col 30 of module twoPhaseSingleShard: 1483
@!@!@ENDMSG 2221 @!@!@
@!@!@STARTMSG 2221:0 @!@!@
  ||||||||||line 172, col 35 to line 172, col 54 of module twoPhaseSingleShard: 1057
@!@!@ENDMSG 2221 @!@!@
@!@!@STARTMSG 2221:0 @!@!@
  |||||||||line 172, col 61 to line 172, col 119 of module twoPhaseSingleShard: 852
@!@!@ENDMSG 2221 @!@!@
@!@!@STARTMSG 2221:0 @!@!@
  |||||||||line 173, col 12 to line 173, col 55 of module twoPhaseSingleShard: 631
@!@!@ENDMSG 2221 @!@!@
@!@!@STARTMSG 2221:0 @!@!@
  ||||||||||line 173, col 12 to line 173, col 28 of module twoPhaseSingleShard: 631
@!@!@ENDMSG 2221 @!@!@
@!@!@STARTMSG 2221:0 @!@!@
  ||||||||||line 173, col 33 to line 173, col 55 of module twoPhaseSingleShard: 205
@!@!@ENDMSG 2221 @!@!@
@!@!@STARTMSG 2221:0 @!@!@
  |||||||||line 182, col 15 to line 184, col 20 of module twoPhaseSingleShard: 205
@!@!@ENDMSG 2221 @!@!@
@!@!@STARTMSG 2221:0 @!@!@
  |||||||||line 185, col 12 to line 185, col 52 of module twoPhaseSingleShard: 426
@!@!@ENDMSG 2221 @!@!@
@!@!@STARTMSG 2775:0 @!@!@
  |||||||||line 194, col 9 to line 194, col 30 of module twoPhaseSingleShard: 426:24
@!@!@ENDMSG 2775 @!@!@
@!@!@STARTMSG 2221:0 @!@!@
  ||||||||||line 194, col 10 to line 194, col 19 of module twoPhaseSingleShard: 852
@!@!@ENDMSG 2221 @!@!@
@!@!@STARTMSG 2221:0 @!@!@
  |||||||||||line 188, col 17 to line 192, col 26 of module twoPhaseSingleShard: 852
@!@!@ENDMSG 2221 @!@!@
@!@!@STARTMSG 2221:0 @!@!@
  ||||||||||||line 188, col 20 to line 188, col 45 of module twoPhaseSingleShard: 852
@!@!@ENDMSG 2221 @!@!@
@!@!@STARTMSG 2221:0 @!@!@
  ||||||||||||line 189, col 25 to line 189, col 96 of module twoPhaseSingleShard: 426
@!@!@ENDMSG 2221 @!@!@
@!@!@STARTMSG 2221:0 @!@!@
  ||||||||||||line 192, col 26 to line 192, col 26 of module twoPhaseSingleShard: 426
@!@!@ENDMSG 2221 @!@!@
@!@!@STARTMSG 2221:0 @!@!@
  |||||||||||line 194, col 18 to line 194, col 18 of module twoPhaseSingleShard: 852
@!@!@ENDMSG 2221 @!@!@
@!@!@STARTMSG 2221:0 @!@!@
  ||||||||||line 194, col 29 to line 194, col 29 of module twoPhaseSingleShard: 426
@!@!@ENDMSG 2221 @!@!@
@!@!@STARTMSG 2221:0 @!@!@
  |||||||line 215, col 54 to line 215, col 62 of module twoPhaseSingleShard: 1483
@!@!@ENDMSG 2221 @!@!@
@!@!@STARTMSG 2221:0 @!@!@
  |||||||line 215, col 65 to line 215, col 70 of module twoPhaseSingleShard: 1483
@!@!@ENDMSG 2221 @!@!@
@!@!@STARTMSG 2221:0 @!@!@
  |||||||line 215, col 73 to line 215, col 73 of module twoPhaseSingleShard: 1483
@!@!@ENDMSG 2221 @!@!@
@!@!@STARTMSG 2221:0 @!@!@
  ||||line 218, col 19 to line 218, col 21 of module twoPhaseSingleShard: 631
@!@!@ENDMSG 2221 @!@!@
@!@!@STARTMSG 2221:0 @!@!@
  ||||line 218, col 24 to line 218, col 29 of module twoPhaseSingleShard: 631
@!@!@ENDMSG 2221 @!@!@
@!@!@STARTMSG 2221:0 @!@!@
  ||||line 218, col 32 to line 218, col 32 of module twoPhaseSingleShard: 631
@!@!@ENDMSG 2221 @!@!@
@!@!@STARTMSG 2221:0 @!@!@
  |||line 729, col 62 to line 729, col 73 of module twoPhaseSingleShard: 631
@!@!@ENDMSG 2221 @!@!@
@!@!@STARTMSG 2221:0 @!@!@
  |||line 729, col 76 to line 729, col 76 of module twoPhaseSingleShard: 631
@!@!@ENDMSG 2221 @!@!@
@!@!@STARTMSG 2221:0 @!@!@
  |||line 729, col 79 to line 729, col 96 of module twoPhaseSingleShard: 631
@!@!@ENDMSG 2221 @!@!@
@!@!@STARTMSG 2221:0 @!@!@
  line 730, col 6 to line 735, col 37 of module twoPhaseSingleShard: 1262
@!@!@ENDMSG 2221 @!@!@
@!@!@STARTMSG 2221:0 @!@!@
  |line 730, col 7 to line 735, col 37 of module twoPhaseSingleShard: 631
@!@!@ENDMSG 2221 @!@!@
@!@!@STARTMSG 2221:0 @!@!@
  line 736, col 6 to line 741, col 31 of module twoPhaseSingleShard: 631
@!@!@ENDMSG 2221 @!@!@
@!@!@STARTMSG 2221:0 @!@!@
  line 743, col 6 to line 743, col 21 of module twoPhaseSingleShard: 631
@!@!@ENDMSG 2221 @!@!@
@!@!@STARTMSG 2221:0 @!@!@
  line 744, col 6 to line 745, col 63 of module twoPhaseSingleShard: 631
@!@!@ENDMSG 2221 @!@!@
@!@!@STARTMSG 2221:0 @!@!@
  line 707, col 7 to line 707, col 27 of module twoPhaseSingleShard: 262
@!@!@ENDMSG 2221 @!@!@
@!@!@STARTMSG 2221:0 @!@!@
  |line 707, col 7 to line 707, col 23 of module twoPhaseSingleShard: 532
@!@!@ENDMSG 2221 @!@!@
@!@!@STARTMSG 2221:0 @!@!@
  ||line 707, col 19 to line 707, col 22 of module twoPhaseSingleShard: 532
@!@!@ENDMSG 2221 @!@!@
@!@!@STARTMSG 2221:0 @!@!@
  |||line 700, col 14 to line 704, col 20 of module twoPhaseSingleShard: 532
@!@!@ENDMSG 2221 @!@!@
@!@!@STARTMSG 2221:0 @!@!@
  ||||line 700, col 42 to line 703, col 50 of module twoPhaseSingleShard: 4076
@!@!@ENDMSG 2221 @!@!@
@!@!@STARTMSG 2221:0 @!@!@
  |||||line 700, col 42 to line 702, col 61 of module twoPhaseSingleShard: 4076
@!@!@ENDMSG 2221 @!@!@
@!@!@STARTMSG 2221:0 @!@!@
  ||||||line 700, col 42 to line 701, col 52 of module twoPhaseSingleShard: 4076
@!@!@ENDMSG 2221 @!@!@
@!@!@STARTMSG 2221:0 @!@!@
  |||||||line 700, col 42 to line 700, col 62 of module twoPhaseSingleShard: 4076
@!@!@ENDMSG 2221 @!@!@
@!@!@STARTMSG 2221:0 @!@!@
  |||||||line 701, col 42 to line 701, col 52 of module twoPhaseSingleShard: 271
@!@!@ENDMSG 2221 @!@!@
@!@!@STARTMSG 2221:0 @!@!@
  ||||||line 702, col 42 to line 702, col 61 of module twoPhaseSingleShard: 270
@!@!@ENDMSG 2221 @!@!@
@!@!@STARTMSG 2221:0 @!@!@
  |||||line 703, col 42 to line 703, col 50 of module twoPhaseSingleShard: 270
@!@!@ENDMSG 2221 @!@!@
@!@!@STARTMSG 2221:0 @!@!@
  ||||line 700, col 21 to line 700, col 38 of module twoPhaseSingleShard: 532
@!@!@ENDMSG 2221 @!@!@
@!@!@STARTMSG 2775:0 @!@!@
  |||||line 58, col 5 to line 58, col 47 of module twoPhaseSingleShard: 532:4608
@!@!@ENDMSG 2775 @!@!@
@!@!@STARTMSG 2221:0 @!@!@
  ||||||line 58, col 31 to line 58, col 45 of module twoPhaseSingleShard: 4076
@!@!@ENDMSG 2221 @!@!@
@!@!@STARTMSG 2221:0 @!@!@
  ||||||line 58, col 13 to line 58, col 27 of module twoPhaseSingleShard: 532
@!@!@ENDMSG 2221 @!@!@
@!@!@STARTMSG 2221:0 @!@!@
  |||||line 700, col 34 to line 700, col 37 of module twoPhaseSingleShard: 532
@!@!@ENDMSG 2221 @!@!@
@!@!@STARTMSG 2221:0 @!@!@
  line 708, col 7 to line 708, col 156 of module twoPhaseSingleShard: 262
@!@!@ENDMSG 2221 @!@!@
@!@!@STARTMSG 2221:0 @!@!@
  line 709, col 7 to line 709, col 50 of module twoPhaseSingleShard: 262
@!@!@ENDMSG 2221 @!@!@
@!@!@STARTMSG 2221:0 @!@!@
  line 747, col 20 to line 747, col 20 of module twoPhaseSingleShard: 532
@!@!@ENDMSG 2221 @!@!@
@!@!@STARTMSG 2221:0 @!@!@
  line 747, col 23 to line 747, col 31 of module twoPhaseSingleShard: 532
@!@!@ENDMSG 2221 @!@!@
@!@!@STARTMSG 2221:0 @!@!@
  line 747, col 34 to line 747, col 34 of module twoPhaseSingleShard: 262
@!@!@ENDMSG 2221 @!@!@
@!@!@STARTMSG 2221:0 @!@!@
  line 747, col 38 to line 747, col 43 of module twoPhaseSingleShard: 532
@!@!@ENDMSG 2221 @!@!@
@!@!@STARTMSG 2221:0 @!@!@
  line 748, col 8 to line 748, col 23 of module twoPhaseSingleShard: 262
@!@!@ENDMSG 2221 @!@!@
@!@!@STARTMSG 2221:0 @!@!@
  line 749, col 8 to line 750, col 94 of module twoPhaseSingleShard: 262
@!@!@ENDMSG 2221 @!@!@
@!@!@STARTMSG 2221:0 @!@!@
  line 1226, col 20 to line 1226, col 20 of module twoPhaseSingleShard: 2094
@!@!@ENDMSG 2221 @!@!@
@!@!@STARTMSG 2221:0 @!@!@
  line 1226, col 23 to line 1226, col 29 of module twoPhaseSingleShard: 1824
@!@!@ENDMSG 2221 @!@!@
@!@!@STARTMSG 2221:0 @!@!@
  line 1226, col 32 to line 1226, col 37 of module twoPhaseSingleShard: 2094
@!@!@ENDMSG 2221 @!@!@
@!@!@STARTMSG 2221:0 @!@!@
  line 1226, col 40 to line 1226, col 53 of module twoPhaseSingleShard: 631
@!@!@ENDMSG 2221 @!@!@
@!@!@STARTMSG 2221:0 @!@!@
  line 1226, col 56 to line 1226, col 65 of module twoPhaseSingleShard: 631
@!@!@ENDMSG 2221 @!@!@
@!@!@STARTMSG 2221:0 @!@!@
  line 1226, col 68 to line 1226, col 76 of module twoPhaseSingleShard: 2094
@!@!@ENDMSG 2221 @!@!@
@!@!@STARTMSG 2221:0 @!@!@
  line 1345, col 27 to line 1345, col 27 of module twoPhaseSingleShard: 2094
@!@!@ENDMSG 2221 @!@!@
@!@!@STARTMSG 2221:0 @!@!@
  line 1345, col 29 to line 1345, col 29 of module twoPhaseSingleShard: 22398
@!@!@ENDMSG 2221 @!@!@
@!@!@STARTMSG 2221:0 @!@!@
  line 1346, col 16 to line 1346, col 35 of module twoPhaseSingleShard: 893
@!@!@ENDMSG 2221 @!@!@
@!@!@STARTMSG 2221:0 @!@!@
  line 1344, col 16 to line 1344, col 20 of module twoPhaseSingleShard: 1065
@!@!@ENDMSG 2221 @!@!@
@!@!@STARTMSG 2221:0 @!@!@
  line 1344, col 29 to line 1344, col 46 of module twoPhaseSingleShard: 1065
@!@!@ENDMSG 2221 @!@!@
@!@!@STARTMSG 2775:0 @!@!@
  |line 58, col 5 to line 58, col 47 of module twoPhaseSingleShard: 1065:8531
@!@!@ENDMSG 2775 @!@!@
@!@!@STARTMSG 2221:0 @!@!@
  ||line 58, col 31 to line 58, col 45 of module twoPhaseSingleShard: 7466
@!@!@ENDMSG 2221 @!@!@
@!@!@STARTMSG 2221:0 @!@!@
  ||line 58, col 13 to line 58, col 27 of module twoPhaseSingleShard: 1065
@!@!@ENDMSG 2221 @!@!@
@!@!@STARTMSG 2221:0 @!@!@
  |line 1344, col 42 to line 1344, col 45 of module twoPhaseSingleShard: 1065
@!@!@ENDMSG 2221 @!@!@
@!@!@STARTMSG 2772:0 @!@!@
<Next line 1340, col 3 to line 1340, col 6 of module twoPhaseSingleShard (1347 7 1349 39)>: 196:1196
@!@!@ENDMSG 2772 @!@!@
@!@!@STARTMSG 2221:0 @!@!@
  line 1210, col 7 to line 1210, col 27 of module twoPhaseSingleShard: 8087
@!@!@ENDMSG 2221 @!@!@
@!@!@STARTMSG 2221:0 @!@!@
  |line 1210, col 7 to line 1210, col 14 of module twoPhaseSingleShard: 7461
@!@!@ENDMSG 2221 @!@!@
@!@!@STARTMSG 2221:0 @!@!@
  line 1211, col 7 to line 1211, col 45 of module twoPhaseSingleShard: 3293
@!@!@ENDMSG 2221 @!@!@
@!@!@STARTMSG 2221:0 @!@!@
  |line 1211, col 7 to line 1211, col 13 of module twoPhaseSingleShard: 2667
@!@!@ENDMSG 2221 @!@!@
@!@!@STARTMSG 2221:0 @!@!@
  |line 1211, col 19 to line 1211, col 45 of module twoPhaseSingleShard: 2667
@!@!@ENDMSG 2221 @!@!@
@!@!@STARTMSG 2221:0 @!@!@
  line 924, col 8 to line 924, col 47 of module twoPhaseSingleShard: 3293
@!@!@ENDMSG 2221 @!@!@
@!@!@STARTMSG 2221:0 @!@!@
  |line 924, col 8 to line 924, col 36 of module twoPhaseSingleShard: 2667
@!@!@ENDMSG 2221 @!@!@
@!@!@STARTMSG 2221:0 @!@!@
  line 947, col 16 to line 947, col 148 of module twoPhaseSingleShard: 10668
@!@!@ENDMSG 2221 @!@!@
@!@!@STARTMSG 2221:0 @!@!@
  |line 947, col 16 to line 947, col 80 of module twoPhaseSingleShard: 10668
@!@!@ENDMSG 2221 @!@!@
@!@!@STARTMSG 2221:0 @!@!@
  |line 947, col 85 to line 947, col 148 of module twoPhaseSingleShard: 120
@!@!@ENDMSG 2221 @!@!@
@!@!@STARTMSG 2221:0 @!@!@
  line 949, col 47 to line 949, col 56 of module twoPhaseSingleShard: 35565
@!@!@ENDMSG 2221 @!@!@
@!@!@STARTMSG 2221:0 @!@!@
  |line 949, col 47 to line 949, col 51 of module twoPhaseSingleShard: 33100
@!@!@ENDMSG 2221 @!@!@
@!@!@STARTMSG 2221:0 @!@!@
  |line 949, col 55 to line 949, col 56 of module twoPhaseSingleShard: 33100
@!@!@ENDMSG 2221 @!@!@
@!@!@STARTMSG 2221:0 @!@!@
  line 949, col 40 to line 949, col 43 of module twoPhaseSingleShard: 19502
@!@!@ENDMSG 2221 @!@!@
@!@!@STARTMSG 2775:0 @!@!@
  |line 928, col 21 to line 935, col 51 of module twoPhaseSingleShard: 19502:52602
@!@!@ENDMSG 2775 @!@!@
@!@!@STARTMSG 2221:0 @!@!@
  ||line 929, col 35 to line 935, col 50 of module twoPhaseSingleShard: 143001
@!@!@ENDMSG 2221 @!@!@
@!@!@STARTMSG 2221:0 @!@!@
  |||line 929, col 38 to line 929, col 56 of module twoPhaseSingleShard: 143001
@!@!@ENDMSG 2221 @!@!@
@!@!@STARTMSG 2221:0 @!@!@
  |||line 930, col 38 to line 930, col 46 of module twoPhaseSingleShard: 52632
@!@!@ENDMSG 2221 @!@!@
@!@!@STARTMSG 2221:0 @!@!@
  |||line 931, col 38 to line 931, col 51 of module twoPhaseSingleShard: 45863
@!@!@ENDMSG 2221 @!@!@
@!@!@STARTMSG 2221:0 @!@!@
  |||line 932, col 38 to line 932, col 56 of module twoPhaseSingleShard: 42470
@!@!@ENDMSG 2221 @!@!@
@!@!@STARTMSG 2221:0 @!@!@
  |||line 933, col 38 to line 933, col 58 of module twoPhaseSingleShard: 42470
@!@!@ENDMSG 2221 @!@!@
@!@!@STARTMSG 2221:0 @!@!@
  |||line 934, col 38 to line 934, col 102 of module twoPhaseSingleShard: 42470
@!@!@ENDMSG 2221 @!@!@
@!@!@STARTMSG 2221:0 @!@!@
  |||line 935, col 38 to line 935, col 50 of module twoPhaseSingleShard: 42324
@!@!@ENDMSG 2221 @!@!@
@!@!@STARTMSG 2221:0 @!@!@
  ||line 928, col 28 to line 928, col 45 of module twoPhaseSingleShard: 19502
@!@!@ENDMSG 2221 @!@!@
@!@!@STARTMSG 2775:0 @!@!@
  |||line 58, col 5 to line 58, col 47 of module twoPhaseSingleShard: 19502:162503
@!@!@ENDMSG 2775 @!@!@
@!@!@STARTMSG 2221:0 @!@!@
  ||||line 58, col 31 to line 58, col 45 of module twoPhaseSingleShard: 143001
@!@!@ENDMSG 2221 @!@!@
@!@!@STARTMSG 2221:0 @!@!@
  ||||line 58, col 13 to line 58, col 27 of module twoPhaseSingleShard: 19502
@!@!@ENDMSG 2221 @!@!@
@!@!@STARTMSG 2221:0 @!@!@
  |||line 928, col 41 to line 928, col 44 of module twoPhaseSingleShard: 19502
@!@!@ENDMSG 2221 @!@!@
@!@!@STARTMSG 2221:0 @!@!@
  line 949, col 26 to line 949, col 27 of module twoPhaseSingleShard: 10612
@!@!@ENDMSG 2221 @!@!@
@!@!@STARTMSG 2221:0 @!@!@
  line 448, col 10 to line 448, col 110 of module twoPhaseSingleShard: 0
@!@!@ENDMSG 2221 @!@!@
@!@!@STARTMSG 2221:0 @!@!@
  line 449, col 10 to line 449, col 43 of module twoPhaseSingleShard: 0
@!@!@ENDMSG 2221 @!@!@
@!@!@STARTMSG 2221:0 @!@!@
  line 430, col 11 to line 430, col 50 of module twoPhaseSingleShard: 5284
@!@!@ENDMSG 2221 @!@!@
@!@!@STARTMSG 2221:0 @!@!@
  |line 430, col 11 to line 430, col 39 of module twoPhaseSingleShard: 4140
@!@!@ENDMSG 2221 @!@!@
@!@!@STARTMSG 2221:0 @!@!@
  line 431, col 11 to line 438, col 17 of module twoPhaseSingleShard: 5284
@!@!@ENDMSG 2221 @!@!@
@!@!@STARTMSG 2221:0 @!@!@
  |line 431, col 12 to line 438, col 17 of module twoPhaseSingleShard: 4140
@!@!@ENDMSG 2221 @!@!@
@!@!@STARTMSG 2221:0 @!@!@
  line 439, col 10 to line 446, col 17 of module twoPhaseSingleShard: 2310
@!@!@ENDMSG 2221 @!@!@
@!@!@STARTMSG 2221:0 @!@!@
  |line 439, col 11 to line 446, col 17 of module twoPhaseSingleShard: 1166
@!@!@ENDMSG 2221 @!@!@
@!@!@STARTMSG 2221:0 @!@!@
  line 448, col 10 to line 448, col 110 of module twoPhaseSingleShard: 1144
@!@!@ENDMSG 2221 @!@!@
@!@!@STARTMSG 2221:0 @!@!@
  |line 448, col 29 to line 448, col 110 of module twoPhaseSingleShard: 1144
@!@!@ENDMSG 2221 @!@!@
@!@!@STARTMSG 2221:0 @!@!@
  ||line 448, col 30 to line 448, col 44 of module twoPhaseSingleShard: 1144
@!@!@ENDMSG 2221 @!@!@
@!@!@STARTMSG 2221:0 @!@!@
  ||line 448, col 52 to line 448, col 109 of module twoPhaseSingleShard: 1144
@!@!@ENDMSG 2221 @!@!@
@!@!@STARTMSG 2221:0 @!@!@
  ||line 448, col 60 to line 448, col 109 of module twoPhaseSingleShard: 1144
@!@!@ENDMSG 2221 @!@!@
@!@!@STARTMSG 2221:0 @!@!@
  |||line 218, col 3 to line 218, col 33 of module twoPhaseSingleShard: 1144
@!@!@ENDMSG 2221 @!@!@
@!@!@STARTMSG 2221:0 @!@!@
  ||||line 214, col 5 to line 215, col 75 of module twoPhaseSingleShard: 3700
@!@!@ENDMSG 2221 @!@!@
@!@!@STARTMSG 2221:0 @!@!@
  |||||line 214, col 8 to line 214, col 17 of module twoPhaseSingleShard: 3700
@!@!@ENDMSG 2221 @!@!@
@!@!@STARTMSG 2221:0 @!@!@
  |||||line 214, col 24 to line 214, col 24 of module twoPhaseSingleShard: 1144
@!@!@ENDMSG 2221 @!@!@
@!@!@STARTMSG 2221:0 @!@!@
  |||||line 215, col 10 to line 215, col 75 of module twoPhaseSingleShard: 2556
@!@!@ENDMSG 2221 @!@!@
@!@!@STARTMSG 2221:0 @!@!@
  ||||||line 215, col 26 to line 215, col 34 of module twoPhaseSingleShard: 2556
@!@!@ENDMSG 2221 @!@!@
@!@!@STARTMSG 2221:0 @!@!@
  ||||||line 215, col 37 to line 215, col 42 of module twoPhaseSingleShard: 1412
@!@!@ENDMSG 2221 @!@!@
@!@!@STARTMSG 2221:0 @!@!@
  ||||||line 215, col 46 to line 215, col 74 of module twoPhaseSingleShard: 2556
@!@!@ENDMSG 2221 @!@!@
@!@!@STARTMSG 2221:0 @!@!@
  |||||||line 170, col 5 to line 210, col 9 of module twoPhaseSingleShard: 2556
@!@!@ENDMSG 2221 @!@!@
@!@!@STARTMSG 2221:0 @!@!@
  ||||||||line 170, col 8 to line 170, col 44 of module twoPhaseSingleShard: 2556
@!@!@ENDMSG 2221 @!@!@
@!@!@STARTMSG 2221:0 @!@!@
  ||||||||line 172, col 9 to line 208, col 39 of module twoPhaseSingleShard: 2556
@!@!@ENDMSG 2221 @!@!@
@!@!@STARTMSG 2221:0 @!@!@
  |||||||||line 172, col 14 to line 172, col 54 of module twoPhaseSingleShard: 2556
@!@!@ENDMSG 2221 @!@!@
@!@!@STARTMSG 2221:0 @!@!@
  ||||||||||line 172, col 14 to line 172, col 30 of module twoPhaseSingleShard: 2556
@!@!@ENDMSG 2221 @!@!@
@!@!@STARTMSG 2221:0 @!@!@
  ||||||||||line 172, col 35 to line 172, col 54 of module twoPhaseSingleShard: 1850
@!@!@ENDMSG 2221 @!@!@
@!@!@STARTMSG 2221:0 @!@!@
  |||||||||line 172, col 61 to line 172, col 119 of module twoPhaseSingleShard: 1412
@!@!@ENDMSG 2221 @!@!@
@!@!@STARTMSG 2221:0 @!@!@
  |||||||||line 173, col 12 to line 173, col 55 of module twoPhaseSingleShard: 1144
@!@!@ENDMSG 2221 @!@!@
@!@!@STARTMSG 2221:0 @!@!@
  ||||||||||line 173, col 12 to line 173, col 28 of module twoPhaseSingleShard: 1144
@!@!@ENDMSG 2221 @!@!@
@!@!@STARTMSG 2221:0 @!@!@
  ||||||||||line 173, col 33 to line 173, col 55 of module twoPhaseSingleShard: 438
@!@!@ENDMSG 2221 @!@!@
@!@!@STARTMSG 2221:0 @!@!@
  |||||||||line 180, col 21 to line 180, col 57 of module twoPhaseSingleShard: 6
@!@!@ENDMSG 2221 @!@!@
@!@!@STARTMSG 2775:0 @!@!@
  |||||||||line 177, col 40 to line 177, col 86 of module twoPhaseSingleShard: 6:6
@!@!@ENDMSG 2775 @!@!@
@!@!@STARTMSG 2221:0 @!@!@
  |||||||||line 175, col 21 to line 175, col 129 of module twoPhaseSingleShard: 6
@!@!@ENDMSG 2221 @!@!@
@!@!@STARTMSG 2221:0 @!@!@
  |||||||||line 178, col 43 to line 178, col 92 of module twoPhaseSingleShard: 6
@!@!@ENDMSG 2221 @!@!@
@!@!@STARTMSG 2221:0 @!@!@
  |||||||||line 179, col 24 to line 179, col 130 of module twoPhaseSingleShard: 6
@!@!@ENDMSG 2221 @!@!@
@!@!@STARTMSG 2221:0 @!@!@
  |||||||||line 182, col 15 to line 184, col 20 of module twoPhaseSingleShard: 438
@!@!@ENDMSG 2221 @!@!@
@!@!@STARTMSG 2221:0 @!@!@
  ||||||||||line 182, col 18 to line 182, col 72 of module twoPhaseSingleShard: 438
@!@!@ENDMSG 2221 @!@!@
@!@!@STARTMSG 2221:0 @!@!@
  |||||||||||line 182, col 18 to line 182, col 68 of module twoPhaseSingleShard: 438
@!@!@ENDMSG 2221 @!@!@
@!@!@STARTMSG 2221:0 @!@!@
  ||||||||||||line 182, col 30 to line 182, col 67 of module twoPhaseSingleShard: 438
@!@!@ENDMSG 2221 @!@!@
@!@!@STARTMSG 2221:0 @!@!@
  |||||||||||||line 182, col 41 to line 182, col 66 of module twoPhaseSingleShard: 12
@!@!@ENDMSG 2221 @!@!@
@!@!@STARTMSG 2221:0 @!@!@
  |||||||||||||line 182, col 37 to line 182, col 37 of module twoPhaseSingleShard: 438
@!@!@ENDMSG 2221 @!@!@
@!@!@STARTMSG 2221:0 @!@!@
  ||||||||||line 183, col 20 to line 183, col 21 of module twoPhaseSingleShard: 6
@!@!@ENDMSG 2221 @!@!@
@!@!@STARTMSG 2221:0 @!@!@
  ||||||||||line 184, col 20 to line 184, col 20 of module twoPhaseSingleShard: 432
@!@!@ENDMSG 2221 @!@!@
@!@!@STARTMSG 2221:0 @!@!@
  |||||||||line 185, col 12 to line 185, col 52 of module twoPhaseSingleShard: 706
@!@!@ENDMSG 2221 @!@!@
@!@!@STARTMSG 2775:0 @!@!@
  |||||||||line 194, col 9 to line 194, col 30 of module twoPhaseSingleShard: 706:48
@!@!@ENDMSG 2775 @!@!@
@!@!@STARTMSG 2221:0 @!@!@
  ||||||||||line 194, col 10 to line 194, col 19 of module twoPhaseSingleShard: 1412
@!@!@ENDMSG 2221 @!@!@
@!@!@STARTMSG 2221:0 @!@!@
  |||||||||||line 188, col 17 to line 192, col 26 of module twoPhaseSingleShard: 1412
@!@!@ENDMSG 2221 @!@!@
@!@!@STARTMSG 2221:0 @!@!@
  ||||||||||||line 188, col 20 to line 188, col 45 of module twoPhaseSingleShard: 1412
@!@!@ENDMSG 2221 @!@!@
@!@!@STARTMSG 2221:0 @!@!@
  ||||||||||||line 189, col 25 to line 189, col 96 of module twoPhaseSingleShard: 706
@!@!@ENDMSG 2221 @!@!@
@!@!@STARTMSG 2221:0 @!@!@
  ||||||||||||line 192, col 26 to line 192, col 26 of module twoPhaseSingleShard: 706
@!@!@ENDMSG 2221 @!@!@
@!@!@STARTMSG 2221:0 @!@!@
  |||||||||||line 194, col 18 to line 194, col 18 of module twoPhaseSingleShard: 1412
@!@!@ENDMSG 2221 @!@!@
@!@!@STARTMSG 2221:0 @!@!@
  ||||||||||line 194, col 29 to line 194, col 29 of module twoPhaseSingleShard: 706
@!@!@ENDMSG 2221 @!@!@
@!@!@STARTMSG 2221:0 @!@!@
  |||||||line 215, col 54 to line 215, col 62 of module twoPhaseSingleShard: 2556
@!@!@ENDMSG 2221 @!@!@
@!@!@STARTMSG 2221:0 @!@!@
  |||||||line 215, col 65 to line 215, col 70 of module twoPhaseSingleShard: 2556
@!@!@ENDMSG 2221 @!@!@
@!@!@STARTMSG 2221:0 @!@!@
  |||||||line 215, col 73 to line 215, col 73 of module twoPhaseSingleShard: 2556
@!@!@ENDMSG 2221 @!@!@
@!@!@STARTMSG 2221:0 @!@!@
  ||||line 218, col 19 to line 218, col 21 of module twoPhaseSingleShard: 1144
@!@!@ENDMSG 2221 @!@!@
@!@!@STARTMSG 2221:0 @!@!@
  ||||line 218, col 24 to line 218, col 29 of module twoPhaseSingleShard: 1144
@!@!@ENDMSG 2221 @!@!@
@!@!@STARTMSG 2221:0 @!@!@
  ||||line 218, col 32 to line 218, col 32 of module twoPhaseSingleShard: 1144
@!@!@ENDMSG 2221 @!@!@
@!@!@STARTMSG 2221:0 @!@!@
  |||line 448, col 66 to line 448, col 85 of module twoPhaseSingleShard: 1144
@!@!@ENDMSG 2221 @!@!@
@!@!@STARTMSG 2221:0 @!@!@
  |||line 448, col 88 to line 448, col 88 of module twoPhaseSingleShard: 1144
@!@!@ENDMSG 2221 @!@!@
@!@!@STARTMSG 2221:0 @!@!@
  |||line 448, col 91 to line 448, col 108 of module twoPhaseSingleShard: 1144
@!@!@ENDMSG 2221 @!@!@
@!@!@STARTMSG 2221:0 @!@!@
  line 449, col 10 to line 449, col 43 of module twoPhaseSingleShard: 1144
@!@!@ENDMSG 2221 @!@!@
@!@!@STARTMSG 2221:0 @!@!@
  line 455, col 9 to line 457, col 195 of module twoPhaseSingleShard: 1144
@!@!@ENDMSG 2221 @!@!@
@!@!@STARTMSG 2221:0 @!@!@
  line 951, col 33 to line 951, col 38 of module twoPhaseSingleShard: 4140
@!@!@ENDMSG 2221 @!@!@
@!@!@STARTMSG 2221:0 @!@!@
  line 951, col 41 to line 951, col 41 of module twoPhaseSingleShard: 4140
@!@!@ENDMSG 2221 @!@!@
@!@!@STARTMSG 2221:0 @!@!@
  line 951, col 44 to line 951, col 53 of module twoPhaseSingleShard: 4140
@!@!@ENDMSG 2221 @!@!@
@!@!@STARTMSG 2221:0 @!@!@
  line 951, col 56 to line 951, col 64 of module twoPhaseSingleShard: 4140
@!@!@ENDMSG 2221 @!@!@
@!@!@STARTMSG 2221:0 @!@!@
  line 952, col 16 to line 952, col 31 of module twoPhaseSingleShard: 1144
@!@!@ENDMSG 2221 @!@!@
@!@!@STARTMSG 2221:0 @!@!@
  line 953, col 16 to line 954, col 103 of module twoPhaseSingleShard: 2288
@!@!@ENDMSG 2221 @!@!@
@!@!@STARTMSG 2221:0 @!@!@
  line 956, col 16 to line 956, col 31 of module twoPhaseSingleShard: 52
@!@!@ENDMSG 2221 @!@!@
@!@!@STARTMSG 2221:0 @!@!@
  |line 956, col 24 to line 956, col 31 of module twoPhaseSingleShard: 56
@!@!@ENDMSG 2221 @!@!@
@!@!@STARTMSG 2221:0 @!@!@
  line 958, col 16 to line 958, col 55 of module twoPhaseSingleShard: 108
@!@!@ENDMSG 2221 @!@!@
@!@!@STARTMSG 2221:0 @!@!@
  |line 958, col 16 to line 958, col 44 of module twoPhaseSingleShard: 56
@!@!@ENDMSG 2221 @!@!@
@!@!@STARTMSG 2221:0 @!@!@
  line 959, col 16 to line 966, col 24 of module twoPhaseSingleShard: 108
@!@!@ENDMSG 2221 @!@!@
@!@!@STARTMSG 2221:0 @!@!@
  |line 959, col 17 to line 966, col 24 of module twoPhaseSingleShard: 56
@!@!@ENDMSG 2221 @!@!@
@!@!@STARTMSG 2221:0 @!@!@
  line 967, col 16 to line 974, col 22 of module twoPhaseSingleShard: 108
@!@!@ENDMSG 2221 @!@!@
@!@!@STARTMSG 2221:0 @!@!@
  |line 967, col 17 to line 974, col 22 of module twoPhaseSingleShard: 56
@!@!@ENDMSG 2221 @!@!@
@!@!@STARTMSG 2221:0 @!@!@
  line 977, col 16 to line 977, col 171 of module twoPhaseSingleShard: 104
@!@!@ENDMSG 2221 @!@!@
@!@!@STARTMSG 2221:0 @!@!@
  |line 977, col 17 to line 977, col 171 of module twoPhaseSingleShard: 52
@!@!@ENDMSG 2221 @!@!@
@!@!@STARTMSG 2221:0 @!@!@
  line 978, col 16 to line 978, col 53 of module twoPhaseSingleShard: 52
@!@!@ENDMSG 2221 @!@!@
@!@!@STARTMSG 2221:0 @!@!@
  line 979, col 16 to line 979, col 59 of module twoPhaseSingleShard: 52
@!@!@ENDMSG 2221 @!@!@
@!@!@STARTMSG 2221:0 @!@!@
  line 981, col 16 to line 981, col 185 of module twoPhaseSingleShard: 52
@!@!@ENDMSG 2221 @!@!@
@!@!@STARTMSG 2221:0 @!@!@
  line 925, col 18 to line 925, col 34 of module twoPhaseSingleShard: 2667
@!@!@ENDMSG 2221 @!@!@
@!@!@STARTMSG 2775:0 @!@!@
  |line 161, col 24 to line 161, col 108 of module twoPhaseSingleShard: 2667:21336
@!@!@ENDMSG 2775 @!@!@
@!@!@STARTMSG 2221:0 @!@!@
  ||line 161, col 47 to line 161, col 107 of module twoPhaseSingleShard: 21336
@!@!@ENDMSG 2221 @!@!@
@!@!@STARTMSG 2775:0 @!@!@
  ||line 161, col 31 to line 161, col 43 of module twoPhaseSingleShard: 2667:34489
@!@!@ENDMSG 2775 @!@!@
@!@!@STARTMSG 2221:0 @!@!@
  |line 925, col 25 to line 925, col 33 of module twoPhaseSingleShard: 2667
@!@!@ENDMSG 2221 @!@!@
@!@!@STARTMSG 2221:0 @!@!@
  line 1212, col 26 to line 1212, col 31 of module twoPhaseSingleShard: 2667
@!@!@ENDMSG 2221 @!@!@
@!@!@STARTMSG 2221:0 @!@!@
  line 1212, col 34 to line 1212, col 40 of module twoPhaseSingleShard: 2667
@!@!@ENDMSG 2221 @!@!@
@!@!@STARTMSG 2221:0 @!@!@
  line 1212, col 43 to line 1212, col 45 of module twoPhaseSingleShard: 2667
@!@!@ENDMSG 2221 @!@!@
@!@!@STARTMSG 2221:0 @!@!@
  line 1348, col 29 to line 1348, col 29 of module twoPhaseSingleShard: 7461
@!@!@ENDMSG 2221 @!@!@
@!@!@STARTMSG 2221:0 @!@!@
  line 1349, col 16 to line 1349, col 39 of module twoPhaseSingleShard: 1196
@!@!@ENDMSG 2221 @!@!@
@!@!@STARTMSG 2221:0 @!@!@
  line 1347, col 16 to line 1347, col 33 of module twoPhaseSingleShard: 1064
@!@!@ENDMSG 2221 @!@!@
@!@!@STARTMSG 2775:0 @!@!@
  |line 58, col 5 to line 58, col 47 of module twoPhaseSingleShard: 1064:8525
@!@!@ENDMSG 2775 @!@!@
@!@!@STARTMSG 2221:0 @!@!@
  ||line 58, col 31 to line 58, col 45 of module twoPhaseSingleShard: 7461
@!@!@ENDMSG 2221 @!@!@
@!@!@STARTMSG 2221:0 @!@!@
  ||line 58, col 13 to line 58, col 27 of module twoPhaseSingleShard: 1064
@!@!@ENDMSG 2221 @!@!@
@!@!@STARTMSG 2221:0 @!@!@
  |line 1347, col 29 to line 1347, col 32 of module twoPhaseSingleShard: 1064
@!@!@ENDMSG 2221 @!@!@
@!@!@STARTMSG 2772:0 @!@!@
<Next line 1340, col 3 to line 1340, col 6 of module twoPhaseSingleShard (1350 7 1352 39)>: 12:24
@!@!@ENDMSG 2772 @!@!@
@!@!@STARTMSG 2221:0 @!@!@
  line 1216, col 7 to line 1216, col 26 of module twoPhaseSingleShard: 7482
@!@!@ENDMSG 2221 @!@!@
@!@!@STARTMSG 2221:0 @!@!@
  |line 1216, col 7 to line 1216, col 14 of module twoPhaseSingleShard: 7458
@!@!@ENDMSG 2221 @!@!@
@!@!@STARTMSG 2221:0 @!@!@
  line 1217, col 7 to line 1217, col 45 of module twoPhaseSingleShard: 660
@!@!@ENDMSG 2221 @!@!@
@!@!@STARTMSG 2221:0 @!@!@
  |line 1217, col 7 to line 1217, col 13 of module twoPhaseSingleShard: 636
@!@!@ENDMSG 2221 @!@!@
@!@!@STARTMSG 2221:0 @!@!@
  |line 1217, col 19 to line 1217, col 45 of module twoPhaseSingleShard: 636
@!@!@ENDMSG 2221 @!@!@
@!@!@STARTMSG 2221:0 @!@!@
  line 993, col 8 to line 993, col 47 of module twoPhaseSingleShard: 660
@!@!@ENDMSG 2221 @!@!@
@!@!@STARTMSG 2221:0 @!@!@
  |line 993, col 8 to line 993, col 36 of module twoPhaseSingleShard: 636
@!@!@ENDMSG 2221 @!@!@
@!@!@STARTMSG 2221:0 @!@!@
  line 1006, col 47 to line 1006, col 56 of module twoPhaseSingleShard: 4361
@!@!@ENDMSG 2221 @!@!@
@!@!@STARTMSG 2221:0 @!@!@
  |line 1006, col 47 to line 1006, col 51 of module twoPhaseSingleShard: 4313
@!@!@ENDMSG 2221 @!@!@
@!@!@STARTMSG 2221:0 @!@!@
  |line 1006, col 55 to line 1006, col 56 of module twoPhaseSingleShard: 4313
@!@!@ENDMSG 2221 @!@!@
@!@!@STARTMSG 2221:0 @!@!@
  line 1006, col 40 to line 1006, col 43 of module twoPhaseSingleShard: 3858
@!@!@ENDMSG 2221 @!@!@
@!@!@STARTMSG 2775:0 @!@!@
  |line 997, col 21 to line 1003, col 51 of module twoPhaseSingleShard: 3858:8171
@!@!@ENDMSG 2775 @!@!@
@!@!@STARTMSG 2221:0 @!@!@
  ||line 998, col 35 to line 1003, col 50 of module twoPhaseSingleShard: 30788
@!@!@ENDMSG 2221 @!@!@
@!@!@STARTMSG 2221:0 @!@!@
  |||line 998, col 38 to line 998, col 55 of module twoPhaseSingleShard: 30788
@!@!@ENDMSG 2221 @!@!@
@!@!@STARTMSG 2221:0 @!@!@
  |||line 999, col 38 to line 999, col 46 of module twoPhaseSingleShard: 6124
@!@!@ENDMSG 2221 @!@!@
@!@!@STARTMSG 2221:0 @!@!@
  |||line 1000, col 38 to line 1000, col 51 of module twoPhaseSingleShard: 5704
@!@!@ENDMSG 2221 @!@!@
@!@!@STARTMSG 2221:0 @!@!@
  |||line 1001, col 38 to line 1001, col 56 of module twoPhaseSingleShard: 5412
@!@!@ENDMSG 2221 @!@!@
@!@!@STARTMSG 2221:0 @!@!@
  |||line 1002, col 38 to line 1002, col 58 of module twoPhaseSingleShard: 5412
@!@!@ENDMSG 2221 @!@!@
@!@!@STARTMSG 2221:0 @!@!@
  |||line 1003, col 38 to line 1003, col 50 of module twoPhaseSingleShard: 5412
@!@!@ENDMSG 2221 @!@!@
@!@!@STARTMSG 2221:0 @!@!@
  ||line 997, col 28 to line 997, col 45 of module twoPhaseSingleShard: 3858
@!@!@ENDMSG 2221 @!@!@
@!@!@STARTMSG 2775:0 @!@!@
  |||line 58, col 5 to line 58, col 47 of module twoPhaseSingleShard: 3858:34646
@!@!@ENDMSG 2775 @!@!@
@!@!@STARTMSG 2221:0 @!@!@
  ||||line 58, col 31 to line 58, col 45 of module twoPhaseSingleShard: 30788
@!@!@ENDMSG 2221 @!@!@
@!@!@STARTMSG 2221:0 @!@!@
  ||||line 58, col 13 to line 58, col 27 of module twoPhaseSingleShard: 3858
@!@!@ENDMSG 2221 @!@!@
@!@!@STARTMSG 2221:0 @!@!@
  |||line 997, col 41 to line 997, col 44 of module twoPhaseSingleShard: 3858
@!@!@ENDMSG 2221 @!@!@
@!@!@STARTMSG 2221:0 @!@!@
  line 1006, col 26 to line 1006, col 27 of module twoPhaseSingleShard: 2544
@!@!@ENDMSG 2221 @!@!@
@!@!@STARTMSG 2221:0 @!@!@
  line 542, col 10 to line 542, col 49 of module twoPhaseSingleShard: 252
@!@!@ENDMSG 2221 @!@!@
@!@!@STARTMSG 2221:0 @!@!@
  |line 542, col 10 to line 542, col 38 of module twoPhaseSingleShard: 228
@!@!@ENDMSG 2221 @!@!@
@!@!@STARTMSG 2221:0 @!@!@
  line 543, col 10 to line 550, col 18 of module twoPhaseSingleShard: 252
@!@!@ENDMSG 2221 @!@!@
@!@!@STARTMSG 2221:0 @!@!@
  |line 543, col 11 to line 550, col 18 of module twoPhaseSingleShard: 228
@!@!@ENDMSG 2221 @!@!@
@!@!@STARTMSG 2221:0 @!@!@
  line 551, col 10 to line 558, col 9 of module twoPhaseSingleShard: 24
@!@!@ENDMSG 2221 @!@!@
@!@!@STARTMSG 2221:0 @!@!@
  line 1008, col 32 to line 1008, col 37 of module twoPhaseSingleShard: 228
@!@!@ENDMSG 2221 @!@!@
@!@!@STARTMSG 2221:0 @!@!@
  line 1008, col 40 to line 1008, col 40 of module twoPhaseSingleShard: 228
@!@!@ENDMSG 2221 @!@!@
@!@!@STARTMSG 2221:0 @!@!@
  line 1008, col 43 to line 1008, col 52 of module twoPhaseSingleShard: 228
@!@!@ENDMSG 2221 @!@!@
@!@!@STARTMSG 2221:0 @!@!@
  line 1008, col 55 to line 1008, col 63 of module twoPhaseSingleShard: 228
@!@!@ENDMSG 2221 @!@!@
@!@!@STARTMSG 2221:0 @!@!@
  line 1009, col 16 to line 1009, col 31 of module twoPhaseSingleShard: 24
@!@!@ENDMSG 2221 @!@!@
@!@!@STARTMSG 2221:0 @!@!@
  line 1010, col 9 to line 1011, col 136 of module twoPhaseSingleShard: 48
@!@!@ENDMSG 2221 @!@!@
@!@!@STARTMSG 2221:0 @!@!@
  line 994, col 18 to line 994, col 34 of module twoPhaseSingleShard: 636
@!@!@ENDMSG 2221 @!@!@
@!@!@STARTMSG 2775:0 @!@!@
  |line 161, col 24 to line 161, col 108 of module twoPhaseSingleShard: 636:5088
@!@!@ENDMSG 2775 @!@!@
@!@!@STARTMSG 2221:0 @!@!@
  ||line 161, col 47 to line 161, col 107 of module twoPhaseSingleShard: 5088
@!@!@ENDMSG 2221 @!@!@
@!@!@STARTMSG 2775:0 @!@!@
  ||line 161, col 31 to line 161, col 43 of module twoPhaseSingleShard: 636:8268
@!@!@ENDMSG 2775 @!@!@
@!@!@STARTMSG 2221:0 @!@!@
  |line 994, col 25 to line 994, col 33 of module twoPhaseSingleShard: 636
@!@!@ENDMSG 2221 @!@!@
@!@!@STARTMSG 2221:0 @!@!@
  line 1218, col 25 to line 1218, col 30 of module twoPhaseSingleShard: 636
@!@!@ENDMSG 2221 @!@!@
@!@!@STARTMSG 2221:0 @!@!@
  line 1218, col 33 to line 1218, col 39 of module twoPhaseSingleShard: 636
@!@!@ENDMSG 2221 @!@!@
@!@!@STARTMSG 2221:0 @!@!@
  line 1218, col 42 to line 1218, col 44 of module twoPhaseSingleShard: 636
@!@!@ENDMSG 2221 @!@!@
@!@!@STARTMSG 2221:0 @!@!@
  line 1351, col 28 to line 1351, col 28 of module twoPhaseSingleShard: 7458
@!@!@ENDMSG 2221 @!@!@
@!@!@STARTMSG 2221:0 @!@!@
  line 1352, col 16 to line 1352, col 39 of module twoPhaseSingleShard: 24
@!@!@ENDMSG 2221 @!@!@
@!@!@STARTMSG 2221:0 @!@!@
  line 1350, col 16 to line 1350, col 33 of module twoPhaseSingleShard: 1063
@!@!@ENDMSG 2221 @!@!@
@!@!@STARTMSG 2775:0 @!@!@
  |line 58, col 5 to line 58, col 47 of module twoPhaseSingleShard: 1063:8521
@!@!@ENDMSG 2775 @!@!@
@!@!@STARTMSG 2221:0 @!@!@
  ||line 58, col 31 to line 58, col 45 of module twoPhaseSingleShard: 7458
@!@!@ENDMSG 2221 @!@!@
@!@!@STARTMSG 2221:0 @!@!@
  ||line 58, col 13 to line 58, col 27 of module twoPhaseSingleShard: 1063
@!@!@ENDMSG 2221 @!@!@
@!@!@STARTMSG 2221:0 @!@!@
  |line 1350, col 29 to line 1350, col 32 of module twoPhaseSingleShard: 1063
@!@!@ENDMSG 2221 @!@!@
@!@!@STARTMSG 2772:0 @!@!@
<Next line 1340, col 3 to line 1340, col 6 of module twoPhaseSingleShard (1353 7 1355 35)>: 115:125
@!@!@ENDMSG 2772 @!@!@
@!@!@STARTMSG 2221:0 @!@!@
  line 1230, col 6 to line 1230, col 23 of module twoPhaseSingleShard: 22499
@!@!@ENDMSG 2221 @!@!@
@!@!@STARTMSG 2221:0 @!@!@
  |line 1230, col 6 to line 1230, col 13 of module twoPhaseSingleShard: 22374
@!@!@ENDMSG 2221 @!@!@
@!@!@STARTMSG 2221:0 @!@!@
  line 1231, col 6 to line 1231, col 38 of module twoPhaseSingleShard: 1133
@!@!@ENDMSG 2221 @!@!@
@!@!@STARTMSG 2221:0 @!@!@
  |line 1231, col 6 to line 1231, col 6 of module twoPhaseSingleShard: 1008
@!@!@ENDMSG 2221 @!@!@
@!@!@STARTMSG 2221:0 @!@!@
  |line 1231, col 12 to line 1231, col 38 of module twoPhaseSingleShard: 1008
@!@!@ENDMSG 2221 @!@!@
@!@!@STARTMSG 2221:0 @!@!@
  line 684, col 7 to line 684, col 46 of module twoPhaseSingleShard: 1133
@!@!@ENDMSG 2221 @!@!@
@!@!@STARTMSG 2221:0 @!@!@
  |line 684, col 7 to line 684, col 35 of module twoPhaseSingleShard: 1008
@!@!@ENDMSG 2221 @!@!@
@!@!@STARTMSG 2221:0 @!@!@
  line 685, col 7 to line 685, col 55 of module twoPhaseSingleShard: 1133
@!@!@ENDMSG 2221 @!@!@
@!@!@STARTMSG 2221:0 @!@!@
  |line 685, col 7 to line 685, col 12 of module twoPhaseSingleShard: 1008
@!@!@ENDMSG 2221 @!@!@
@!@!@STARTMSG 2221:0 @!@!@
  |line 685, col 18 to line 685, col 55 of module twoPhaseSingleShard: 1008
@!@!@ENDMSG 2221 @!@!@
@!@!@STARTMSG 2221:0 @!@!@
  line 686, col 8 to line 686, col 58 of module twoPhaseSingleShard: 250
@!@!@ENDMSG 2221 @!@!@
@!@!@STARTMSG 2221:0 @!@!@
  |line 686, col 10 to line 686, col 57 of module twoPhaseSingleShard: 125
@!@!@ENDMSG 2221 @!@!@
@!@!@STARTMSG 2221:0 @!@!@
  line 687, col 7 to line 688, col 140 of module twoPhaseSingleShard: 125
@!@!@ENDMSG 2221 @!@!@
@!@!@STARTMSG 2221:0 @!@!@
  line 689, col 7 to line 689, col 22 of module twoPhaseSingleShard: 125
@!@!@ENDMSG 2221 @!@!@
@!@!@STARTMSG 2221:0 @!@!@
  line 691, col 7 to line 692, col 64 of module twoPhaseSingleShard: 250
@!@!@ENDMSG 2221 @!@!@
@!@!@STARTMSG 2221:0 @!@!@
  line 1232, col 18 to line 1232, col 18 of module twoPhaseSingleShard: 1008
@!@!@ENDMSG 2221 @!@!@
@!@!@STARTMSG 2221:0 @!@!@
  line 1232, col 21 to line 1232, col 27 of module twoPhaseSingleShard: 1008
@!@!@ENDMSG 2221 @!@!@
@!@!@STARTMSG 2221:0 @!@!@
  line 1232, col 30 to line 1232, col 35 of module twoPhaseSingleShard: 1008
@!@!@ENDMSG 2221 @!@!@
@!@!@STARTMSG 2221:0 @!@!@
  line 1232, col 54 to line 1232, col 62 of module twoPhaseSingleShard: 1008
@!@!@ENDMSG 2221 @!@!@
@!@!@STARTMSG 2221:0 @!@!@
  line 1354, col 26 to line 1354, col 26 of module twoPhaseSingleShard: 1008
@!@!@ENDMSG 2221 @!@!@
@!@!@STARTMSG 2221:0 @!@!@
  line 1354, col 28 to line 1354, col 28 of module twoPhaseSingleShard: 22374
@!@!@ENDMSG 2221 @!@!@
@!@!@STARTMSG 2221:0 @!@!@
  line 1355, col 16 to line 1355, col 35 of module twoPhaseSingleShard: 125
@!@!@ENDMSG 2221 @!@!@
@!@!@STARTMSG 2221:0 @!@!@
  line 1353, col 16 to line 1353, col 20 of module twoPhaseSingleShard: 1063
@!@!@ENDMSG 2221 @!@!@
@!@!@STARTMSG 2221:0 @!@!@
  line 1353, col 29 to line 1353, col 46 of module twoPhaseSingleShard: 1063
@!@!@ENDMSG 2221 @!@!@
@!@!@STARTMSG 2775:0 @!@!@
  |line 58, col 5 to line 58, col 47 of module twoPhaseSingleShard: 1063:8521
@!@!@ENDMSG 2775 @!@!@
@!@!@STARTMSG 2221:0 @!@!@
  ||line 58, col 31 to line 58, col 45 of module twoPhaseSingleShard: 7458
@!@!@ENDMSG 2221 @!@!@
@!@!@STARTMSG 2221:0 @!@!@
  ||line 58, col 13 to line 58, col 27 of module twoPhaseSingleShard: 1063
@!@!@ENDMSG 2221 @!@!@
@!@!@STARTMSG 2221:0 @!@!@
  |line 1353, col 42 to line 1353, col 45 of module twoPhaseSingleShard: 1063
@!@!@ENDMSG 2221 @!@!@
@!@!@STARTMSG 2772:0 @!@!@
<Next line 1340, col 3 to line 1340, col 6 of module twoPhaseSingleShard (1357 13 1358 35)>: 12:351
@!@!@ENDMSG 2772 @!@!@
@!@!@STARTMSG 2221:0 @!@!@
  line 1239, col 8 to line 1239, col 35 of module twoPhaseSingleShard: 351
@!@!@ENDMSG 2221 @!@!@
@!@!@STARTMSG 2221:0 @!@!@
  |line 1239, col 8 to line 1239, col 31 of module twoPhaseSingleShard: 3186
@!@!@ENDMSG 2221 @!@!@
@!@!@STARTMSG 2221:0 @!@!@
  line 1240, col 8 to line 1240, col 82 of module twoPhaseSingleShard: 702
@!@!@ENDMSG 2221 @!@!@
@!@!@STARTMSG 2221:0 @!@!@
  |line 1240, col 8 to line 1240, col 8 of module twoPhaseSingleShard: 351
@!@!@ENDMSG 2221 @!@!@
@!@!@STARTMSG 2221:0 @!@!@
  |line 1240, col 14 to line 1240, col 82 of module twoPhaseSingleShard: 351
@!@!@ENDMSG 2221 @!@!@
@!@!@STARTMSG 2221:0 @!@!@
  line 1241, col 8 to line 1241, col 66 of module twoPhaseSingleShard: 351
@!@!@ENDMSG 2221 @!@!@
@!@!@STARTMSG 2221:0 @!@!@
  line 1242, col 8 to line 1242, col 96 of module twoPhaseSingleShard: 351
@!@!@ENDMSG 2221 @!@!@
@!@!@STARTMSG 2221:0 @!@!@
  line 1243, col 8 to line 1243, col 55 of module twoPhaseSingleShard: 351
@!@!@ENDMSG 2221 @!@!@
@!@!@STARTMSG 2221:0 @!@!@
  line 1244, col 8 to line 1245, col 67 of module twoPhaseSingleShard: 702
@!@!@ENDMSG 2221 @!@!@
@!@!@STARTMSG 2221:0 @!@!@
  line 1357, col 30 to line 1357, col 30 of module twoPhaseSingleShard: 351
@!@!@ENDMSG 2221 @!@!@
@!@!@STARTMSG 2221:0 @!@!@
  line 1358, col 16 to line 1358, col 35 of module twoPhaseSingleShard: 351
@!@!@ENDMSG 2221 @!@!@
@!@!@STARTMSG 2772:0 @!@!@
<Next line 1340, col 3 to line 1340, col 6 of module twoPhaseSingleShard (1360 13 1361 35)>: 236:373
@!@!@ENDMSG 2772 @!@!@
@!@!@STARTMSG 2221:0 @!@!@
  line 1254, col 12 to line 1254, col 37 of module twoPhaseSingleShard: 373
@!@!@ENDMSG 2221 @!@!@
@!@!@STARTMSG 2221:0 @!@!@
  |line 1254, col 12 to line 1254, col 33 of module twoPhaseSingleShard: 3180
@!@!@ENDMSG 2221 @!@!@
@!@!@STARTMSG 2221:0 @!@!@
  line 356, col 12 to line 356, col 55 of module twoPhaseSingleShard: 373
@!@!@ENDMSG 2221 @!@!@
@!@!@STARTMSG 2221:0 @!@!@
  line 72, col 12 to line 72, col 39 of module twoPhaseSingleShard: 0
@!@!@ENDMSG 2221 @!@!@
@!@!@STARTMSG 2221:0 @!@!@
  line 381, col 16 to line 381, col 55 of module twoPhaseSingleShard: 606
@!@!@ENDMSG 2221 @!@!@
@!@!@STARTMSG 2221:0 @!@!@
  |line 381, col 17 to line 381, col 55 of module twoPhaseSingleShard: 373
@!@!@ENDMSG 2221 @!@!@
@!@!@STARTMSG 2221:0 @!@!@
  ||line 249, col 26 to line 249, col 73 of module twoPhaseSingleShard: 373
@!@!@ENDMSG 2221 @!@!@
@!@!@STARTMSG 2221:0 @!@!@
  |||line 249, col 51 to line 249, col 73 of module twoPhaseSingleShard: 140
@!@!@ENDMSG 2221 @!@!@
@!@!@STARTMSG 2221:0 @!@!@
  |||line 249, col 35 to line 249, col 47 of module twoPhaseSingleShard: 373
@!@!@ENDMSG 2221 @!@!@
@!@!@STARTMSG 2221:0 @!@!@
  ||line 245, col 22 to line 245, col 82 of module twoPhaseSingleShard: 140
@!@!@ENDMSG 2221 @!@!@
@!@!@STARTMSG 2221:0 @!@!@
  |||line 245, col 23 to line 245, col 51 of module twoPhaseSingleShard: 272
@!@!@ENDMSG 2221 @!@!@
@!@!@STARTMSG 2221:0 @!@!@
  |||line 245, col 62 to line 245, col 81 of module twoPhaseSingleShard: 140
@!@!@ENDMSG 2221 @!@!@
@!@!@STARTMSG 2221:0 @!@!@
  ||line 246, col 21 to line 246, col 58 of module twoPhaseSingleShard: 373
@!@!@ENDMSG 2221 @!@!@
@!@!@STARTMSG 2775:0 @!@!@
  ||line 248, col 24 to line 248, col 50 of module twoPhaseSingleShard: 373:513
@!@!@ENDMSG 2775 @!@!@
@!@!@STARTMSG 2221:0 @!@!@
  |||line 248, col 26 to line 248, col 29 of module twoPhaseSingleShard: 140
@!@!@ENDMSG 2221 @!@!@
@!@!@STARTMSG 2221:0 @!@!@
  ||||line 247, col 15 to line 247, col 79 of module twoPhaseSingleShard: 140
@!@!@ENDMSG 2221 @!@!@
@!@!@STARTMSG 2221:0 @!@!@
  |||||line 247, col 16 to line 247, col 46 of module twoPhaseSingleShard: 288
@!@!@ENDMSG 2221 @!@!@
@!@!@STARTMSG 2221:0 @!@!@
  |||||line 247, col 56 to line 247, col 78 of module twoPhaseSingleShard: 140
@!@!@ENDMSG 2221 @!@!@
@!@!@STARTMSG 2221:0 @!@!@
  ||||line 248, col 28 to line 248, col 28 of module twoPhaseSingleShard: 140
@!@!@ENDMSG 2221 @!@!@
@!@!@STARTMSG 2221:0 @!@!@
  |||line 248, col 39 to line 248, col 48 of module twoPhaseSingleShard: 373
@!@!@ENDMSG 2221 @!@!@
@!@!@STARTMSG 2221:0 @!@!@
  ||line 254, col 7 to line 254, col 21 of module twoPhaseSingleShard: 373
@!@!@ENDMSG 2221 @!@!@
@!@!@STARTMSG 2221:0 @!@!@
  ||line 381, col 40 to line 381, col 40 of module twoPhaseSingleShard: 373
@!@!@ENDMSG 2221 @!@!@
@!@!@STARTMSG 2221:0 @!@!@
  ||line 381, col 43 to line 381, col 54 of module twoPhaseSingleShard: 140
@!@!@ENDMSG 2221 @!@!@
@!@!@STARTMSG 2221:0 @!@!@
  line 382, col 16 to line 382, col 41 of module twoPhaseSingleShard: 233
@!@!@ENDMSG 2221 @!@!@
@!@!@STARTMSG 2221:0 @!@!@
  line 383, col 16 to line 383, col 150 of module twoPhaseSingleShard: 233
@!@!@ENDMSG 2221 @!@!@
@!@!@STARTMSG 2221:0 @!@!@
  line 384, col 16 to line 384, col 112 of module twoPhaseSingleShard: 233
@!@!@ENDMSG 2221 @!@!@
@!@!@STARTMSG 2221:0 @!@!@
  line 249, col 51 to line 249, col 73 of module twoPhaseSingleShard: 280
@!@!@ENDMSG 2221 @!@!@
@!@!@STARTMSG 2221:0 @!@!@
  |line 249, col 51 to line 249, col 68 of module twoPhaseSingleShard: 140
@!@!@ENDMSG 2221 @!@!@
@!@!@STARTMSG 2221:0 @!@!@
  ||line 249, col 51 to line 249, col 61 of module twoPhaseSingleShard: 140
@!@!@ENDMSG 2221 @!@!@
@!@!@STARTMSG 2221:0 @!@!@
  |||line 245, col 22 to line 245, col 82 of module twoPhaseSingleShard: 140
@!@!@ENDMSG 2221 @!@!@
@!@!@STARTMSG 2221:0 @!@!@
  ||||line 245, col 23 to line 245, col 51 of module twoPhaseSingleShard: 272
@!@!@ENDMSG 2221 @!@!@
@!@!@STARTMSG 2221:0 @!@!@
  ||||line 245, col 62 to line 245, col 81 of module twoPhaseSingleShard: 140
@!@!@ENDMSG 2221 @!@!@
@!@!@STARTMSG 2221:0 @!@!@
  ||line 249, col 68 to line 249, col 68 of module twoPhaseSingleShard: 140
@!@!@ENDMSG 2221 @!@!@
@!@!@STARTMSG 2221:0 @!@!@
  |line 249, col 72 to line 249, col 73 of module twoPhaseSingleShard: 140
@!@!@ENDMSG 2221 @!@!@
@!@!@STARTMSG 2221:0 @!@!@
  line 249, col 35 to line 249, col 47 of module twoPhaseSingleShard: 373
@!@!@ENDMSG 2221 @!@!@
@!@!@STARTMSG 2775:0 @!@!@
  |line 248, col 24 to line 248, col 50 of module twoPhaseSingleShard: 373:513
@!@!@ENDMSG 2775 @!@!@
@!@!@STARTMSG 2221:0 @!@!@
  ||line 248, col 26 to line 248, col 29 of module twoPhaseSingleShard: 140
@!@!@ENDMSG 2221 @!@!@
@!@!@STARTMSG 2221:0 @!@!@
  |||line 247, col 15 to line 247, col 79 of module twoPhaseSingleShard: 140
@!@!@ENDMSG 2221 @!@!@
@!@!@STARTMSG 2221:0 @!@!@
  ||||line 247, col 16 to line 247, col 46 of module twoPhaseSingleShard: 288
@!@!@ENDMSG 2221 @!@!@
@!@!@STARTMSG 2221:0 @!@!@
  ||||line 247, col 56 to line 247, col 78 of module twoPhaseSingleShard: 140
@!@!@ENDMSG 2221 @!@!@
@!@!@STARTMSG 2221:0 @!@!@
  |||line 248, col 28 to line 248, col 28 of module twoPhaseSingleShard: 140
@!@!@ENDMSG 2221 @!@!@
@!@!@STARTMSG 2221:0 @!@!@
  ||line 248, col 39 to line 248, col 48 of module twoPhaseSingleShard: 373
@!@!@ENDMSG 2221 @!@!@
@!@!@STARTMSG 2221:0 @!@!@
  line 387, col 39 to line 387, col 39 of module twoPhaseSingleShard: 373
@!@!@ENDMSG 2221 @!@!@
@!@!@STARTMSG 2221:0 @!@!@
  line 387, col 42 to line 387, col 53 of module twoPhaseSingleShard: 140
@!@!@ENDMSG 2221 @!@!@
@!@!@STARTMSG 2221:0 @!@!@
  line 388, col 16 to line 388, col 50 of module twoPhaseSingleShard: 140
@!@!@ENDMSG 2221 @!@!@
@!@!@STARTMSG 2221:0 @!@!@
  line 389, col 16 to line 389, col 150 of module twoPhaseSingleShard: 140
@!@!@ENDMSG 2221 @!@!@
@!@!@STARTMSG 2221:0 @!@!@
  line 390, col 16 to line 390, col 111 of module twoPhaseSingleShard: 140
@!@!@ENDMSG 2221 @!@!@
@!@!@STARTMSG 2221:0 @!@!@
  line 1256, col 46 to line 1256, col 58 of module twoPhaseSingleShard: 373
@!@!@ENDMSG 2221 @!@!@
@!@!@STARTMSG 2221:0 @!@!@
  line 1256, col 61 to line 1256, col 61 of module twoPhaseSingleShard: 373
@!@!@ENDMSG 2221 @!@!@
@!@!@STARTMSG 2221:0 @!@!@
  line 1256, col 64 to line 1256, col 90 of module twoPhaseSingleShard: 373
@!@!@ENDMSG 2221 @!@!@
@!@!@STARTMSG 2221:0 @!@!@
  line 1256, col 93 to line 1256, col 95 of module twoPhaseSingleShard: 373
@!@!@ENDMSG 2221 @!@!@
@!@!@STARTMSG 2221:0 @!@!@
  line 1257, col 12 to line 1257, col 83 of module twoPhaseSingleShard: 373
@!@!@ENDMSG 2221 @!@!@
@!@!@STARTMSG 2221:0 @!@!@
  line 1259, col 11 to line 1260, col 74 of module twoPhaseSingleShard: 373
@!@!@ENDMSG 2221 @!@!@
@!@!@STARTMSG 2221:0 @!@!@
  line 1360, col 30 to line 1360, col 30 of module twoPhaseSingleShard: 3180
@!@!@ENDMSG 2221 @!@!@
@!@!@STARTMSG 2221:0 @!@!@
  line 1361, col 16 to line 1361, col 35 of module twoPhaseSingleShard: 373
@!@!@ENDMSG 2221 @!@!@
@!@!@STARTMSG 2772:0 @!@!@
<Next line 1340, col 3 to line 1340, col 6 of module twoPhaseSingleShard (1383 7 1385 35)>: 647:847
@!@!@ENDMSG 2772 @!@!@
@!@!@STARTMSG 2221:0 @!@!@
  line 1265, col 8 to line 1265, col 31 of module twoPhaseSingleShard: 23203
@!@!@ENDMSG 2221 @!@!@
@!@!@STARTMSG 2221:0 @!@!@
  |line 1265, col 8 to line 1265, col 19 of module twoPhaseSingleShard: 22356
@!@!@ENDMSG 2221 @!@!@
@!@!@STARTMSG 2221:0 @!@!@
  line 1266, col 8 to line 1266, col 44 of module twoPhaseSingleShard: 1906
@!@!@ENDMSG 2221 @!@!@
@!@!@STARTMSG 2221:0 @!@!@
  |line 1266, col 8 to line 1266, col 8 of module twoPhaseSingleShard: 1059
@!@!@ENDMSG 2221 @!@!@
@!@!@STARTMSG 2221:0 @!@!@
  |line 1266, col 14 to line 1266, col 44 of module twoPhaseSingleShard: 1059
@!@!@ENDMSG 2221 @!@!@
@!@!@STARTMSG 2221:0 @!@!@
  line 810, col 9 to line 810, col 29 of module twoPhaseSingleShard: 847
@!@!@ENDMSG 2221 @!@!@
@!@!@STARTMSG 2221:0 @!@!@
  |line 810, col 9 to line 810, col 25 of module twoPhaseSingleShard: 1059
@!@!@ENDMSG 2221 @!@!@
@!@!@STARTMSG 2221:0 @!@!@
  ||line 810, col 21 to line 810, col 24 of module twoPhaseSingleShard: 1059
@!@!@ENDMSG 2221 @!@!@
@!@!@STARTMSG 2221:0 @!@!@
  |||line 796, col 12 to line 800, col 20 of module twoPhaseSingleShard: 1059
@!@!@ENDMSG 2221 @!@!@
@!@!@STARTMSG 2221:0 @!@!@
  ||||line 796, col 40 to line 799, col 50 of module twoPhaseSingleShard: 8163
@!@!@ENDMSG 2221 @!@!@
@!@!@STARTMSG 2221:0 @!@!@
  |||||line 796, col 40 to line 798, col 58 of module twoPhaseSingleShard: 8163
@!@!@ENDMSG 2221 @!@!@
@!@!@STARTMSG 2221:0 @!@!@
  ||||||line 796, col 40 to line 797, col 50 of module twoPhaseSingleShard: 8163
@!@!@ENDMSG 2221 @!@!@
@!@!@STARTMSG 2221:0 @!@!@
  |||||||line 796, col 40 to line 796, col 68 of module twoPhaseSingleShard: 8163
@!@!@ENDMSG 2221 @!@!@
@!@!@STARTMSG 2221:0 @!@!@
  |||||||line 797, col 42 to line 797, col 50 of module twoPhaseSingleShard: 636
@!@!@ENDMSG 2221 @!@!@
@!@!@STARTMSG 2221:0 @!@!@
  ||||||line 798, col 42 to line 798, col 58 of module twoPhaseSingleShard: 636
@!@!@ENDMSG 2221 @!@!@
@!@!@STARTMSG 2221:0 @!@!@
  |||||line 799, col 42 to line 799, col 50 of module twoPhaseSingleShard: 636
@!@!@ENDMSG 2221 @!@!@
@!@!@STARTMSG 2221:0 @!@!@
  ||||line 796, col 19 to line 796, col 36 of module twoPhaseSingleShard: 1059
@!@!@ENDMSG 2221 @!@!@
@!@!@STARTMSG 2775:0 @!@!@
  |||||line 58, col 5 to line 58, col 47 of module twoPhaseSingleShard: 1059:9222
@!@!@ENDMSG 2775 @!@!@
@!@!@STARTMSG 2221:0 @!@!@
  ||||||line 58, col 31 to line 58, col 45 of module twoPhaseSingleShard: 8163
@!@!@ENDMSG 2221 @!@!@
@!@!@STARTMSG 2221:0 @!@!@
  ||||||line 58, col 13 to line 58, col 27 of module twoPhaseSingleShard: 1059
@!@!@ENDMSG 2221 @!@!@
@!@!@STARTMSG 2221:0 @!@!@
  |||||line 796, col 32 to line 796, col 35 of module twoPhaseSingleShard: 1059
@!@!@ENDMSG 2221 @!@!@
@!@!@STARTMSG 2221:0 @!@!@
  line 72, col 12 to line 72, col 39 of module twoPhaseSingleShard: 847
@!@!@ENDMSG 2221 @!@!@
@!@!@STARTMSG 2221:0 @!@!@
  line 811, col 15 to line 816, col 52 of module twoPhaseSingleShard: 847
@!@!@ENDMSG 2221 @!@!@
@!@!@STARTMSG 2221:0 @!@!@
  |line 812, col 20 to line 812, col 28 of module twoPhaseSingleShard: 847
@!@!@ENDMSG 2221 @!@!@
@!@!@STARTMSG 2221:0 @!@!@
  |line 813, col 20 to line 813, col 28 of module twoPhaseSingleShard: 847
@!@!@ENDMSG 2221 @!@!@
@!@!@STARTMSG 2221:0 @!@!@
  |line 814, col 37 to line 814, col 104 of module twoPhaseSingleShard: 847
@!@!@ENDMSG 2221 @!@!@
@!@!@STARTMSG 2221:0 @!@!@
  ||line 761, col 3 to line 770, col 9 of module twoPhaseSingleShard: 1203
@!@!@ENDMSG 2221 @!@!@
@!@!@STARTMSG 2221:0 @!@!@
  |||line 761, col 6 to line 761, col 45 of module twoPhaseSingleShard: 1203
@!@!@ENDMSG 2221 @!@!@
@!@!@STARTMSG 2221:0 @!@!@
  |||line 763, col 7 to line 768, col 65 of module twoPhaseSingleShard: 1203
@!@!@ENDMSG 2221 @!@!@
@!@!@STARTMSG 2221:0 @!@!@
  ||||line 763, col 10 to line 763, col 23 of module twoPhaseSingleShard: 1203
@!@!@ENDMSG 2221 @!@!@
@!@!@STARTMSG 2221:0 @!@!@
  ||||line 763, col 30 to line 763, col 33 of module twoPhaseSingleShard: 847
@!@!@ENDMSG 2221 @!@!@
@!@!@STARTMSG 2221:0 @!@!@
  ||||line 767, col 19 to line 767, col 35 of module twoPhaseSingleShard: 356
@!@!@ENDMSG 2221 @!@!@
@!@!@STARTMSG 2775:0 @!@!@
  ||||line 766, col 20 to line 766, col 89 of module twoPhaseSingleShard: 356:712
@!@!@ENDMSG 2775 @!@!@
@!@!@STARTMSG 2221:0 @!@!@
  ||||line 768, col 12 to line 768, col 65 of module twoPhaseSingleShard: 356
@!@!@ENDMSG 2221 @!@!@
@!@!@STARTMSG 2221:0 @!@!@
  ||line 814, col 46 to line 814, col 71 of module twoPhaseSingleShard: 356
@!@!@ENDMSG 2221 @!@!@
@!@!@STARTMSG 2221:0 @!@!@
  ||line 814, col 74 to line 814, col 99 of module twoPhaseSingleShard: 847
@!@!@ENDMSG 2221 @!@!@
@!@!@STARTMSG 2221:0 @!@!@
  |||line 814, col 81 to line 814, col 99 of module twoPhaseSingleShard: 847
@!@!@ENDMSG 2221 @!@!@
@!@!@STARTMSG 2221:0 @!@!@
  ||||line 795, col 27 to line 795, col 101 of module twoPhaseSingleShard: 847
@!@!@ENDMSG 2221 @!@!@
@!@!@STARTMSG 2221:0 @!@!@
  |||||line 793, col 19 to line 793, col 58 of module twoPhaseSingleShard: 847
@!@!@ENDMSG 2221 @!@!@
@!@!@STARTMSG 2221:0 @!@!@
  ||||||line 113, col 3 to line 113, col 57 of module twoPhaseSingleShard: 847
@!@!@ENDMSG 2221 @!@!@
@!@!@STARTMSG 2775:0 @!@!@
  |||||||line 113, col 9 to line 113, col 57 of module twoPhaseSingleShard: 847:1203
@!@!@ENDMSG 2775 @!@!@
@!@!@STARTMSG 2221:0 @!@!@
  ||||||||line 113, col 10 to line 113, col 37 of module twoPhaseSingleShard: 847
@!@!@ENDMSG 2221 @!@!@
@!@!@STARTMSG 2221:0 @!@!@
  |||||||||line 106, col 3 to line 110, col 12 of module twoPhaseSingleShard: 1203
@!@!@ENDMSG 2221 @!@!@
@!@!@STARTMSG 2221:0 @!@!@
  ||||||||||line 106, col 6 to line 106, col 43 of module twoPhaseSingleShard: 1203
@!@!@ENDMSG 2221 @!@!@
@!@!@STARTMSG 2221:0 @!@!@
  ||||||||||line 108, col 23 to line 108, col 30 of module twoPhaseSingleShard: 1203
@!@!@ENDMSG 2221 @!@!@
@!@!@STARTMSG 2221:0 @!@!@
  ||||||||||line 109, col 10 to line 109, col 82 of module twoPhaseSingleShard: 1203
@!@!@ENDMSG 2221 @!@!@
@!@!@STARTMSG 2221:0 @!@!@
  |||||||||||line 109, col 10 to line 109, col 17 of module twoPhaseSingleShard: 1203
@!@!@ENDMSG 2221 @!@!@
@!@!@STARTMSG 2221:0 @!@!@
  |||||||||||line 109, col 24 to line 109, col 82 of module twoPhaseSingleShard: 1203
@!@!@ENDMSG 2221 @!@!@
@!@!@STARTMSG 2775:0 @!@!@
  ||||||||||||line 109, col 30 to line 109, col 82 of module twoPhaseSingleShard: 1203:356
@!@!@ENDMSG 2775 @!@!@
@!@!@STARTMSG 2221:0 @!@!@
  |||||||||||||line 109, col 31 to line 109, col 63 of module twoPhaseSingleShard: 356
@!@!@ENDMSG 2221 @!@!@
@!@!@STARTMSG 2221:0 @!@!@
  |||||||||||||line 109, col 74 to line 109, col 81 of module twoPhaseSingleShard: 1203
@!@!@ENDMSG 2221 @!@!@
@!@!@STARTMSG 2221:0 @!@!@
  |||||||||line 113, col 22 to line 113, col 26 of module twoPhaseSingleShard: 847
@!@!@ENDMSG 2221 @!@!@
@!@!@STARTMSG 2221:0 @!@!@
  |||||||||line 113, col 29 to line 113, col 33 of module twoPhaseSingleShard: 847
@!@!@ENDMSG 2221 @!@!@
@!@!@STARTMSG 2221:0 @!@!@
  ||||||||line 113, col 51 to line 113, col 56 of module twoPhaseSingleShard: 847
@!@!@ENDMSG 2221 @!@!@
@!@!@STARTMSG 2221:0 @!@!@
  ||||||line 793, col 34 to line 793, col 45 of module twoPhaseSingleShard: 847
@!@!@ENDMSG 2221 @!@!@
@!@!@STARTMSG 2221:0 @!@!@
  ||||||line 793, col 48 to line 793, col 57 of module twoPhaseSingleShard: 847
@!@!@ENDMSG 2221 @!@!@
@!@!@STARTMSG 2775:0 @!@!@
  |||||line 794, col 10 to line 794, col 34 of module twoPhaseSingleShard: 847:356
@!@!@ENDMSG 2775 @!@!@
@!@!@STARTMSG 2221:0 @!@!@
  |||||line 795, col 36 to line 795, col 50 of module twoPhaseSingleShard: 847
@!@!@ENDMSG 2221 @!@!@
@!@!@STARTMSG 2221:0 @!@!@
  |||||line 795, col 53 to line 795, col 78 of module twoPhaseSingleShard: 356
@!@!@ENDMSG 2221 @!@!@
@!@!@STARTMSG 2221:0 @!@!@
  |||||line 795, col 81 to line 795, col 100 of module twoPhaseSingleShard: 847
@!@!@ENDMSG 2221 @!@!@
@!@!@STARTMSG 2221:0 @!@!@
  ||||||line 790, col 23 to line 790, col 101 of module twoPhaseSingleShard: 847
@!@!@ENDMSG 2221 @!@!@
@!@!@STARTMSG 2221:0 @!@!@
  |||||||line 790, col 30 to line 790, col 44 of module twoPhaseSingleShard: 847
@!@!@ENDMSG 2221 @!@!@
@!@!@STARTMSG 2221:0 @!@!@
  ||||||||line 788, col 23 to line 788, col 52 of module twoPhaseSingleShard: 847
@!@!@ENDMSG 2221 @!@!@
@!@!@STARTMSG 2221:0 @!@!@
  |||||||||line 788, col 23 to line 788, col 34 of module twoPhaseSingleShard: 847
@!@!@ENDMSG 2221 @!@!@
@!@!@STARTMSG 2221:0 @!@!@
  ||||||||||line 786, col 20 to line 786, col 76 of module twoPhaseSingleShard: 847
@!@!@ENDMSG 2221 @!@!@
@!@!@STARTMSG 2775:0 @!@!@
  |||||||||||line 786, col 26 to line 786, col 76 of module twoPhaseSingleShard: 847:847
@!@!@ENDMSG 2775 @!@!@
@!@!@STARTMSG 2221:0 @!@!@
  ||||||||||||line 786, col 27 to line 786, col 54 of module twoPhaseSingleShard: 356
@!@!@ENDMSG 2221 @!@!@
@!@!@STARTMSG 2221:0 @!@!@
  |||||||||||||line 96, col 5 to line 100, col 14 of module twoPhaseSingleShard: 712
@!@!@ENDMSG 2221 @!@!@
@!@!@STARTMSG 2221:0 @!@!@
  ||||||||||||||line 96, col 8 to line 96, col 46 of module twoPhaseSingleShard: 712
@!@!@ENDMSG 2221 @!@!@
@!@!@STARTMSG 2221:0 @!@!@
  ||||||||||||||line 98, col 9 to line 99, col 102 of module twoPhaseSingleShard: 712
@!@!@ENDMSG 2221 @!@!@
@!@!@STARTMSG 2221:0 @!@!@
  |||||||||||||||line 98, col 12 to line 98, col 29 of module twoPhaseSingleShard: 712
@!@!@ENDMSG 2221 @!@!@
@!@!@STARTMSG 2221:0 @!@!@
  |||||||||||||||line 98, col 36 to line 98, col 37 of module twoPhaseSingleShard: 356
@!@!@ENDMSG 2221 @!@!@
@!@!@STARTMSG 2221:0 @!@!@
  |||||||||||||||line 99, col 14 to line 99, col 102 of module twoPhaseSingleShard: 356
@!@!@ENDMSG 2221 @!@!@
@!@!@STARTMSG 2221:0 @!@!@
  |||||||||||||line 786, col 40 to line 786, col 40 of module twoPhaseSingleShard: 356
@!@!@ENDMSG 2221 @!@!@
@!@!@STARTMSG 2221:0 @!@!@
  |||||||||||||line 786, col 43 to line 786, col 50 of module twoPhaseSingleShard: 356
@!@!@ENDMSG 2221 @!@!@
@!@!@STARTMSG 2221:0 @!@!@
  ||||||||||||line 786, col 64 to line 786, col 75 of module twoPhaseSingleShard: 847
@!@!@ENDMSG 2221 @!@!@
@!@!@STARTMSG 2221:0 @!@!@
  |||||||||line 788, col 41 to line 788, col 52 of module twoPhaseSingleShard: 847
@!@!@ENDMSG 2221 @!@!@
@!@!@STARTMSG 2221:0 @!@!@
  ||||||line 791, col 16 to line 791, col 53 of module twoPhaseSingleShard: 847
@!@!@ENDMSG 2221 @!@!@
@!@!@STARTMSG 2221:0 @!@!@
  |line 815, col 20 to line 815, col 35 of module twoPhaseSingleShard: 847
@!@!@ENDMSG 2221 @!@!@
@!@!@STARTMSG 2221:0 @!@!@
  |line 816, col 33 to line 816, col 51 of module twoPhaseSingleShard: 847
@!@!@ENDMSG 2221 @!@!@
@!@!@STARTMSG 2221:0 @!@!@
  ||line 795, col 27 to line 795, col 101 of module twoPhaseSingleShard: 847
@!@!@ENDMSG 2221 @!@!@
@!@!@STARTMSG 2221:0 @!@!@
  |||line 793, col 19 to line 793, col 58 of module twoPhaseSingleShard: 847
@!@!@ENDMSG 2221 @!@!@
@!@!@STARTMSG 2221:0 @!@!@
  ||||line 113, col 3 to line 113, col 57 of module twoPhaseSingleShard: 847
@!@!@ENDMSG 2221 @!@!@
@!@!@STARTMSG 2775:0 @!@!@
  |||||line 113, col 9 to line 113, col 57 of module twoPhaseSingleShard: 847:1203
@!@!@ENDMSG 2775 @!@!@
@!@!@STARTMSG 2221:0 @!@!@
  ||||||line 113, col 10 to line 113, col 37 of module twoPhaseSingleShard: 847
@!@!@ENDMSG 2221 @!@!@
@!@!@STARTMSG 2221:0 @!@!@
  |||||||line 106, col 3 to line 110, col 12 of module twoPhaseSingleShard: 1203
@!@!@ENDMSG 2221 @!@!@
@!@!@STARTMSG 2221:0 @!@!@
  ||||||||line 106, col 6 to line 106, col 43 of module twoPhaseSingleShard: 1203
@!@!@ENDMSG 2221 @!@!@
@!@!@STARTMSG 2221:0 @!@!@
  ||||||||line 108, col 23 to line 108, col 30 of module twoPhaseSingleShard: 1203
@!@!@ENDMSG 2221 @!@!@
@!@!@STARTMSG 2221:0 @!@!@
  ||||||||line 109, col 10 to line 109, col 82 of module twoPhaseSingleShard: 1203
@!@!@ENDMSG 2221 @!@!@
@!@!@STARTMSG 2221:0 @!@!@
  |||||||||line 109, col 10 to line 109, col 17 of module twoPhaseSingleShard: 1203
@!@!@ENDMSG 2221 @!@!@
@!@!@STARTMSG 2221:0 @!@!@
  |||||||||line 109, col 24 to line 109, col 82 of module twoPhaseSingleShard: 1203
@!@!@ENDMSG 2221 @!@!@
@!@!@STARTMSG 2775:0 @!@!@
  ||||||||||line 109, col 30 to line 109, col 82 of module twoPhaseSingleShard: 1203:356
@!@!@ENDMSG 2775 @!@!@
@!@!@STARTMSG 2221:0 @!@!@
  |||||||||||line 109, col 31 to line 109, col 63 of module twoPhaseSingleShard: 356
@!@!@ENDMSG 2221 @!@!@
@!@!@STARTMSG 2221:0 @!@!@
  |||||||||||line 109, col 74 to line 109, col 81 of module twoPhaseSingleShard: 1203
@!@!@ENDMSG 2221 @!@!@
@!@!@STARTMSG 2221:0 @!@!@
  |||||||line 113, col 22 to line 113, col 26 of module twoPhaseSingleShard: 847
@!@!@ENDMSG 2221 @!@!@
@!@!@STARTMSG 2221:0 @!@!@
  |||||||line 113, col 29 to line 113, col 33 of module twoPhaseSingleShard: 847
@!@!@ENDMSG 2221 @!@!@
@!@!@STARTMSG 2221:0 @!@!@
  ||||||line 113, col 51 to line 113, col 56 of module twoPhaseSingleShard: 847
@!@!@ENDMSG 2221 @!@!@
@!@!@STARTMSG 2221:0 @!@!@
  ||||line 793, col 34 to line 793, col 45 of module twoPhaseSingleShard: 847
@!@!@ENDMSG 2221 @!@!@
@!@!@STARTMSG 2221:0 @!@!@
  ||||line 793, col 48 to line 793, col 57 of module twoPhaseSingleShard: 847
@!@!@ENDMSG 2221 @!@!@
@!@!@STARTMSG 2775:0 @!@!@
  |||line 794, col 10 to line 794, col 34 of module twoPhaseSingleShard: 847:356
@!@!@ENDMSG 2775 @!@!@
@!@!@STARTMSG 2221:0 @!@!@
  |||line 795, col 36 to line 795, col 50 of module twoPhaseSingleShard: 847
@!@!@ENDMSG 2221 @!@!@
@!@!@STARTMSG 2221:0 @!@!@
  |||line 795, col 53 to line 795, col 78 of module twoPhaseSingleShard: 356
@!@!@ENDMSG 2221 @!@!@
@!@!@STARTMSG 2221:0 @!@!@
  |||line 795, col 81 to line 795, col 100 of module twoPhaseSingleShard: 847
@!@!@ENDMSG 2221 @!@!@
@!@!@STARTMSG 2221:0 @!@!@
  ||||line 790, col 23 to line 790, col 101 of module twoPhaseSingleShard: 847
@!@!@ENDMSG 2221 @!@!@
@!@!@STARTMSG 2221:0 @!@!@
  |||||line 790, col 30 to line 790, col 44 of module twoPhaseSingleShard: 847
@!@!@ENDMSG 2221 @!@!@
@!@!@STARTMSG 2221:0 @!@!@
  ||||||line 788, col 23 to line 788, col 52 of module twoPhaseSingleShard: 847
@!@!@ENDMSG 2221 @!@!@
@!@!@STARTMSG 2221:0 @!@!@
  |||||||line 788, col 23 to line 788, col 34 of module twoPhaseSingleShard: 847
@!@!@ENDMSG 2221 @!@!@
@!@!@STARTMSG 2221:0 @!@!@
  ||||||||line 786, col 20 to line 786, col 76 of module twoPhaseSingleShard: 847
@!@!@ENDMSG 2221 @!@!@
@!@!@STARTMSG 2775:0 @!@!@
  |||||||||line 786, col 26 to line 786, col 76 of module twoPhaseSingleShard: 847:847
@!@!@ENDMSG 2775 @!@!@
@!@!@STARTMSG 2221:0 @!@!@
  ||||||||||line 786, col 27 to line 786, col 54 of module twoPhaseSingleShard: 356
@!@!@ENDMSG 2221 @!@!@
@!@!@STARTMSG 2221:0 @!@!@
  |||||||||||line 96, col 5 to line 100, col 14 of module twoPhaseSingleShard: 712
@!@!@ENDMSG 2221 @!@!@
@!@!@STARTMSG 2221:0 @!@!@
  ||||||||||||line 96, col 8 to line 96, col 46 of module twoPhaseSingleShard: 712
@!@!@ENDMSG 2221 @!@!@
@!@!@STARTMSG 2221:0 @!@!@
  ||||||||||||line 98, col 9 to line 99, col 102 of module twoPhaseSingleShard: 712
@!@!@ENDMSG 2221 @!@!@
@!@!@STARTMSG 2221:0 @!@!@
  |||||||||||||line 98, col 12 to line 98, col 29 of module twoPhaseSingleShard: 712
@!@!@ENDMSG 2221 @!@!@
@!@!@STARTMSG 2221:0 @!@!@
  |||||||||||||line 98, col 36 to line 98, col 37 of module twoPhaseSingleShard: 356
@!@!@ENDMSG 2221 @!@!@
@!@!@STARTMSG 2221:0 @!@!@
  |||||||||||||line 99, col 14 to line 99, col 102 of module twoPhaseSingleShard: 356
@!@!@ENDMSG 2221 @!@!@
@!@!@STARTMSG 2221:0 @!@!@
  |||||||||||line 786, col 40 to line 786, col 40 of module twoPhaseSingleShard: 356
@!@!@ENDMSG 2221 @!@!@
@!@!@STARTMSG 2221:0 @!@!@
  |||||||||||line 786, col 43 to line 786, col 50 of module twoPhaseSingleShard: 356
@!@!@ENDMSG 2221 @!@!@
@!@!@STARTMSG 2221:0 @!@!@
  ||||||||||line 786, col 64 to line 786, col 75 of module twoPhaseSingleShard: 847
@!@!@ENDMSG 2221 @!@!@
@!@!@STARTMSG 2221:0 @!@!@
  |||||||line 788, col 41 to line 788, col 52 of module twoPhaseSingleShard: 847
@!@!@ENDMSG 2221 @!@!@
@!@!@STARTMSG 2221:0 @!@!@
  ||||line 791, col 16 to line 791, col 53 of module twoPhaseSingleShard: 847
@!@!@ENDMSG 2221 @!@!@
@!@!@STARTMSG 2221:0 @!@!@
  line 1267, col 21 to line 1267, col 21 of module twoPhaseSingleShard: 1059
@!@!@ENDMSG 2221 @!@!@
@!@!@STARTMSG 2221:0 @!@!@
  line 1267, col 24 to line 1267, col 34 of module twoPhaseSingleShard: 1059
@!@!@ENDMSG 2221 @!@!@
@!@!@STARTMSG 2221:0 @!@!@
  line 1267, col 52 to line 1267, col 92 of module twoPhaseSingleShard: 847
@!@!@ENDMSG 2221 @!@!@
@!@!@STARTMSG 2221:0 @!@!@
  line 1267, col 95 to line 1267, col 113 of module twoPhaseSingleShard: 847
@!@!@ENDMSG 2221 @!@!@
@!@!@STARTMSG 2221:0 @!@!@
  line 1267, col 116 to line 1267, col 125 of module twoPhaseSingleShard: 1059
@!@!@ENDMSG 2221 @!@!@
@!@!@STARTMSG 2221:0 @!@!@
  line 1268, col 8 to line 1268, col 23 of module twoPhaseSingleShard: 847
@!@!@ENDMSG 2221 @!@!@
@!@!@STARTMSG 2221:0 @!@!@
  line 1269, col 8 to line 1269, col 188 of module twoPhaseSingleShard: 847
@!@!@ENDMSG 2221 @!@!@
@!@!@STARTMSG 2221:0 @!@!@
  line 1384, col 28 to line 1384, col 28 of module twoPhaseSingleShard: 1059
@!@!@ENDMSG 2221 @!@!@
@!@!@STARTMSG 2221:0 @!@!@
  line 1384, col 31 to line 1384, col 31 of module twoPhaseSingleShard: 22356
@!@!@ENDMSG 2221 @!@!@
@!@!@STARTMSG 2221:0 @!@!@
  line 1385, col 16 to line 1385, col 35 of module twoPhaseSingleShard: 847
@!@!@ENDMSG 2221 @!@!@
@!@!@STARTMSG 2221:0 @!@!@
  line 1383, col 16 to line 1383, col 20 of module twoPhaseSingleShard: 1059
@!@!@ENDMSG 2221 @!@!@
@!@!@STARTMSG 2221:0 @!@!@
  line 1383, col 29 to line 1383, col 46 of module twoPhaseSingleShard: 1059
@!@!@ENDMSG 2221 @!@!@
@!@!@STARTMSG 2775:0 @!@!@
  |line 58, col 5 to line 58, col 47 of module twoPhaseSingleShard: 1059:8511
@!@!@ENDMSG 2775 @!@!@
@!@!@STARTMSG 2221:0 @!@!@
  ||line 58, col 31 to line 58, col 45 of module twoPhaseSingleShard: 7452
@!@!@ENDMSG 2221 @!@!@
@!@!@STARTMSG 2221:0 @!@!@
  ||line 58, col 13 to line 58, col 27 of module twoPhaseSingleShard: 1059
@!@!@ENDMSG 2221 @!@!@
@!@!@STARTMSG 2221:0 @!@!@
  |line 1383, col 42 to line 1383, col 45 of module twoPhaseSingleShard: 1059
@!@!@ENDMSG 2221 @!@!@
@!@!@STARTMSG 2772:0 @!@!@
<Next line 1340, col 3 to line 1340, col 6 of module twoPhaseSingleShard (1386 7 1388 35)>: 71:72
@!@!@ENDMSG 2772 @!@!@
@!@!@STARTMSG 2221:0 @!@!@
  line 1275, col 8 to line 1275, col 39 of module twoPhaseSingleShard: 22366
@!@!@ENDMSG 2221 @!@!@
@!@!@STARTMSG 2221:0 @!@!@
  |line 1275, col 8 to line 1275, col 19 of module twoPhaseSingleShard: 22294
@!@!@ENDMSG 2221 @!@!@
@!@!@STARTMSG 2221:0 @!@!@
  line 1276, col 8 to line 1276, col 22 of module twoPhaseSingleShard: 706
@!@!@ENDMSG 2221 @!@!@
@!@!@STARTMSG 2221:0 @!@!@
  |line 1276, col 8 to line 1276, col 8 of module twoPhaseSingleShard: 634
@!@!@ENDMSG 2221 @!@!@
@!@!@STARTMSG 2221:0 @!@!@
  |line 1276, col 12 to line 1276, col 22 of module twoPhaseSingleShard: 634
@!@!@ENDMSG 2221 @!@!@
@!@!@STARTMSG 2221:0 @!@!@
  line 1277, col 8 to line 1277, col 22 of module twoPhaseSingleShard: 284
@!@!@ENDMSG 2221 @!@!@
@!@!@STARTMSG 2221:0 @!@!@
  |line 1277, col 8 to line 1277, col 8 of module twoPhaseSingleShard: 212
@!@!@ENDMSG 2221 @!@!@
@!@!@STARTMSG 2221:0 @!@!@
  |line 1277, col 12 to line 1277, col 22 of module twoPhaseSingleShard: 212
@!@!@ENDMSG 2221 @!@!@
@!@!@STARTMSG 2221:0 @!@!@
  line 852, col 9 to line 852, col 35 of module twoPhaseSingleShard: 147
@!@!@ENDMSG 2221 @!@!@
@!@!@STARTMSG 2221:0 @!@!@
  |line 852, col 9 to line 852, col 30 of module twoPhaseSingleShard: 147
@!@!@ENDMSG 2221 @!@!@
@!@!@STARTMSG 2221:0 @!@!@
  ||line 838, col 31 to line 838, col 71 of module twoPhaseSingleShard: 147
@!@!@ENDMSG 2221 @!@!@
@!@!@STARTMSG 2221:0 @!@!@
  |||line 276, col 5 to line 276, col 91 of module twoPhaseSingleShard: 147
@!@!@ENDMSG 2221 @!@!@
@!@!@STARTMSG 2221:0 @!@!@
  ||||line 276, col 55 to line 276, col 90 of module twoPhaseSingleShard: 10
@!@!@ENDMSG 2221 @!@!@
@!@!@STARTMSG 2221:0 @!@!@
  ||||line 276, col 13 to line 276, col 51 of module twoPhaseSingleShard: 147
@!@!@ENDMSG 2221 @!@!@
@!@!@STARTMSG 2775:0 @!@!@
  |||||line 272, col 5 to line 272, col 81 of module twoPhaseSingleShard: 147:157
@!@!@ENDMSG 2775 @!@!@
@!@!@STARTMSG 2221:0 @!@!@
  ||||||line 272, col 54 to line 272, col 80 of module twoPhaseSingleShard: 19
@!@!@ENDMSG 2221 @!@!@
@!@!@STARTMSG 2221:0 @!@!@
  |||||||line 263, col 29 to line 263, col 74 of module twoPhaseSingleShard: 19
@!@!@ENDMSG 2221 @!@!@
@!@!@STARTMSG 2221:0 @!@!@
  ||||||||line 263, col 54 to line 263, col 74 of module twoPhaseSingleShard: 10
@!@!@ENDMSG 2221 @!@!@
@!@!@STARTMSG 2221:0 @!@!@
  ||||||||line 263, col 38 to line 263, col 50 of module twoPhaseSingleShard: 19
@!@!@ENDMSG 2221 @!@!@
@!@!@STARTMSG 2221:0 @!@!@
  |||||||line 262, col 22 to line 262, col 98 of module twoPhaseSingleShard: 10
@!@!@ENDMSG 2221 @!@!@
@!@!@STARTMSG 2221:0 @!@!@
  ||||||||line 262, col 23 to line 262, col 59 of module twoPhaseSingleShard: 26
@!@!@ENDMSG 2221 @!@!@
@!@!@STARTMSG 2221:0 @!@!@
  ||||||||line 262, col 70 to line 262, col 97 of module twoPhaseSingleShard: 10
@!@!@ENDMSG 2221 @!@!@
@!@!@STARTMSG 2775:0 @!@!@
  |||||||line 261, col 26 to line 261, col 65 of module twoPhaseSingleShard: 19:29
@!@!@ENDMSG 2775 @!@!@
@!@!@STARTMSG 2221:0 @!@!@
  ||||||||line 261, col 28 to line 261, col 31 of module twoPhaseSingleShard: 10
@!@!@ENDMSG 2221 @!@!@
@!@!@STARTMSG 2221:0 @!@!@
  |||||||||line 260, col 17 to line 260, col 81 of module twoPhaseSingleShard: 10
@!@!@ENDMSG 2221 @!@!@
@!@!@STARTMSG 2221:0 @!@!@
  ||||||||||line 260, col 18 to line 260, col 48 of module twoPhaseSingleShard: 22
@!@!@ENDMSG 2221 @!@!@
@!@!@STARTMSG 2221:0 @!@!@
  ||||||||||line 260, col 58 to line 260, col 80 of module twoPhaseSingleShard: 10
@!@!@ENDMSG 2221 @!@!@
@!@!@STARTMSG 2221:0 @!@!@
  |||||||||line 261, col 30 to line 261, col 30 of module twoPhaseSingleShard: 10
@!@!@ENDMSG 2221 @!@!@
@!@!@STARTMSG 2221:0 @!@!@
  ||||||||line 261, col 41 to line 261, col 63 of module twoPhaseSingleShard: 19
@!@!@ENDMSG 2221 @!@!@
@!@!@STARTMSG 2775:0 @!@!@
  |||||||||line 92, col 18 to line 92, col 42 of module twoPhaseSingleShard: 19:29
@!@!@ENDMSG 2775 @!@!@
@!@!@STARTMSG 2221:0 @!@!@
  ||||||||||line 92, col 20 to line 92, col 23 of module twoPhaseSingleShard: 10
@!@!@ENDMSG 2221 @!@!@
@!@!@STARTMSG 2221:0 @!@!@
  ||||||||||line 92, col 33 to line 92, col 40 of module twoPhaseSingleShard: 19
@!@!@ENDMSG 2221 @!@!@
@!@!@STARTMSG 2221:0 @!@!@
  |||||||||line 261, col 52 to line 261, col 62 of module twoPhaseSingleShard: 19
@!@!@ENDMSG 2221 @!@!@
@!@!@STARTMSG 2221:0 @!@!@
  |||||||line 265, col 9 to line 265, col 23 of module twoPhaseSingleShard: 19
@!@!@ENDMSG 2221 @!@!@
@!@!@STARTMSG 2221:0 @!@!@
  |||||||line 272, col 65 to line 272, col 66 of module twoPhaseSingleShard: 10
@!@!@ENDMSG 2221 @!@!@
@!@!@STARTMSG 2221:0 @!@!@
  |||||||line 272, col 69 to line 272, col 79 of module twoPhaseSingleShard: 19
@!@!@ENDMSG 2221 @!@!@
@!@!@STARTMSG 2221:0 @!@!@
  ||||||line 272, col 13 to line 272, col 50 of module twoPhaseSingleShard: 147
@!@!@ENDMSG 2221 @!@!@
@!@!@STARTMSG 2221:0 @!@!@
  |||||line 276, col 37 to line 276, col 37 of module twoPhaseSingleShard: 147
@!@!@ENDMSG 2221 @!@!@
@!@!@STARTMSG 2221:0 @!@!@
  |||||line 276, col 40 to line 276, col 50 of module twoPhaseSingleShard: 19
@!@!@ENDMSG 2221 @!@!@
@!@!@STARTMSG 2221:0 @!@!@
  |||line 838, col 46 to line 838, col 46 of module twoPhaseSingleShard: 147
@!@!@ENDMSG 2221 @!@!@
@!@!@STARTMSG 2221:0 @!@!@
  |||line 838, col 49 to line 838, col 67 of module twoPhaseSingleShard: 19
@!@!@ENDMSG 2221 @!@!@
@!@!@STARTMSG 2221:0 @!@!@
  |line 852, col 34 to line 852, col 35 of module twoPhaseSingleShard: 147
@!@!@ENDMSG 2221 @!@!@
@!@!@STARTMSG 2221:0 @!@!@
  line 854, col 9 to line 854, col 92 of module twoPhaseSingleShard: 2
@!@!@ENDMSG 2221 @!@!@
@!@!@STARTMSG 2221:0 @!@!@
  line 855, col 9 to line 855, col 124 of module twoPhaseSingleShard: 0
@!@!@ENDMSG 2221 @!@!@
@!@!@STARTMSG 2221:0 @!@!@
  |line 855, col 36 to line 855, col 124 of module twoPhaseSingleShard: 2
@!@!@ENDMSG 2221 @!@!@
@!@!@STARTMSG 2221:0 @!@!@
  line 856, col 9 to line 859, col 122 of module twoPhaseSingleShard: 0
@!@!@ENDMSG 2221 @!@!@
@!@!@STARTMSG 2221:0 @!@!@
  |line 856, col 36 to line 859, col 122 of module twoPhaseSingleShard: 2
@!@!@ENDMSG 2221 @!@!@
@!@!@STARTMSG 2221:0 @!@!@
  ||line 856, col 37 to line 856, col 59 of module twoPhaseSingleShard: 2
@!@!@ENDMSG 2221 @!@!@
@!@!@STARTMSG 2221:0 @!@!@
  ||line 856, col 68 to line 856, col 102 of module twoPhaseSingleShard: 2
@!@!@ENDMSG 2221 @!@!@
@!@!@STARTMSG 2221:0 @!@!@
  ||line 857, col 68 to line 857, col 136 of module twoPhaseSingleShard: 2
@!@!@ENDMSG 2221 @!@!@
@!@!@STARTMSG 2221:0 @!@!@
  ||line 857, col 86 to line 857, col 136 of module twoPhaseSingleShard: 2
@!@!@ENDMSG 2221 @!@!@
@!@!@STARTMSG 2221:0 @!@!@
  |||line 857, col 87 to line 857, col 105 of module twoPhaseSingleShard: 2
@!@!@ENDMSG 2221 @!@!@
@!@!@STARTMSG 2221:0 @!@!@
  |||line 857, col 115 to line 857, col 136 of module twoPhaseSingleShard: 2
@!@!@ENDMSG 2221 @!@!@
@!@!@STARTMSG 2221:0 @!@!@
  ||||line 838, col 31 to line 838, col 71 of module twoPhaseSingleShard: 2
@!@!@ENDMSG 2221 @!@!@
@!@!@STARTMSG 2221:0 @!@!@
  |||||line 276, col 5 to line 276, col 91 of module twoPhaseSingleShard: 2
@!@!@ENDMSG 2221 @!@!@
@!@!@STARTMSG 2221:0 @!@!@
  ||||||line 276, col 55 to line 276, col 90 of module twoPhaseSingleShard: 2
@!@!@ENDMSG 2221 @!@!@
@!@!@STARTMSG 2221:0 @!@!@
  ||||||line 276, col 13 to line 276, col 51 of module twoPhaseSingleShard: 2
@!@!@ENDMSG 2221 @!@!@
@!@!@STARTMSG 2775:0 @!@!@
  |||||||line 272, col 5 to line 272, col 81 of module twoPhaseSingleShard: 2:4
@!@!@ENDMSG 2775 @!@!@
@!@!@STARTMSG 2221:0 @!@!@
  ||||||||line 272, col 54 to line 272, col 80 of module twoPhaseSingleShard: 2
@!@!@ENDMSG 2221 @!@!@
@!@!@STARTMSG 2221:0 @!@!@
  |||||||||line 263, col 29 to line 263, col 74 of module twoPhaseSingleShard: 2
@!@!@ENDMSG 2221 @!@!@
@!@!@STARTMSG 2221:0 @!@!@
  |||||||||line 262, col 22 to line 262, col 98 of module twoPhaseSingleShard: 2
@!@!@ENDMSG 2221 @!@!@
@!@!@STARTMSG 2221:0 @!@!@
  ||||||||||line 262, col 23 to line 262, col 59 of module twoPhaseSingleShard: 6
@!@!@ENDMSG 2221 @!@!@
@!@!@STARTMSG 2221:0 @!@!@
  ||||||||||line 262, col 70 to line 262, col 97 of module twoPhaseSingleShard: 2
@!@!@ENDMSG 2221 @!@!@
@!@!@STARTMSG 2775:0 @!@!@
  |||||||||line 261, col 26 to line 261, col 65 of module twoPhaseSingleShard: 2:4
@!@!@ENDMSG 2775 @!@!@
@!@!@STARTMSG 2221:0 @!@!@
  |||||||||line 265, col 9 to line 265, col 23 of module twoPhaseSingleShard: 2
@!@!@ENDMSG 2221 @!@!@
@!@!@STARTMSG 2221:0 @!@!@
  |||||||||line 272, col 65 to line 272, col 66 of module twoPhaseSingleShard: 2
@!@!@ENDMSG 2221 @!@!@
@!@!@STARTMSG 2221:0 @!@!@
  |||||||||line 272, col 69 to line 272, col 79 of module twoPhaseSingleShard: 2
@!@!@ENDMSG 2221 @!@!@
@!@!@STARTMSG 2221:0 @!@!@
  ||||||||line 272, col 13 to line 272, col 50 of module twoPhaseSingleShard: 2
@!@!@ENDMSG 2221 @!@!@
@!@!@STARTMSG 2221:0 @!@!@
  |||||||line 276, col 37 to line 276, col 37 of module twoPhaseSingleShard: 2
@!@!@ENDMSG 2221 @!@!@
@!@!@STARTMSG 2221:0 @!@!@
  |||||||line 276, col 40 to line 276, col 50 of module twoPhaseSingleShard: 2
@!@!@ENDMSG 2221 @!@!@
@!@!@STARTMSG 2221:0 @!@!@
  |||||line 838, col 46 to line 838, col 46 of module twoPhaseSingleShard: 2
@!@!@ENDMSG 2221 @!@!@
@!@!@STARTMSG 2221:0 @!@!@
  |||||line 838, col 49 to line 838, col 67 of module twoPhaseSingleShard: 2
@!@!@ENDMSG 2221 @!@!@
@!@!@STARTMSG 2221:0 @!@!@
  ||line 858, col 68 to line 858, col 99 of module twoPhaseSingleShard: 2
@!@!@ENDMSG 2221 @!@!@
@!@!@STARTMSG 2221:0 @!@!@
  ||line 859, col 68 to line 859, col 121 of module twoPhaseSingleShard: 2
@!@!@ENDMSG 2221 @!@!@
@!@!@STARTMSG 2221:0 @!@!@
  line 860, col 9 to line 860, col 117 of module twoPhaseSingleShard: 0
@!@!@ENDMSG 2221 @!@!@
@!@!@STARTMSG 2221:0 @!@!@
  |line 860, col 28 to line 860, col 117 of module twoPhaseSingleShard: 2
@!@!@ENDMSG 2221 @!@!@
@!@!@STARTMSG 2221:0 @!@!@
  ||line 860, col 29 to line 860, col 43 of module twoPhaseSingleShard: 2
@!@!@ENDMSG 2221 @!@!@
@!@!@STARTMSG 2221:0 @!@!@
  ||line 860, col 52 to line 860, col 116 of module twoPhaseSingleShard: 2
@!@!@ENDMSG 2221 @!@!@
@!@!@STARTMSG 2221:0 @!@!@
  ||line 860, col 59 to line 860, col 116 of module twoPhaseSingleShard: 2
@!@!@ENDMSG 2221 @!@!@
@!@!@STARTMSG 2221:0 @!@!@
  |||line 234, col 5 to line 234, col 38 of module twoPhaseSingleShard: 2
@!@!@ENDMSG 2221 @!@!@
@!@!@STARTMSG 2221:0 @!@!@
  ||||line 224, col 5 to line 229, col 13 of module twoPhaseSingleShard: 4
@!@!@ENDMSG 2221 @!@!@
@!@!@STARTMSG 2221:0 @!@!@
  |||||line 224, col 8 to line 224, col 41 of module twoPhaseSingleShard: 4
@!@!@ENDMSG 2221 @!@!@
@!@!@STARTMSG 2221:0 @!@!@
  |||||line 226, col 9 to line 227, col 118 of module twoPhaseSingleShard: 4
@!@!@ENDMSG 2221 @!@!@
@!@!@STARTMSG 2221:0 @!@!@
  ||||||line 226, col 12 to line 226, col 28 of module twoPhaseSingleShard: 4
@!@!@ENDMSG 2221 @!@!@
@!@!@STARTMSG 2221:0 @!@!@
  ||||||line 226, col 35 to line 226, col 35 of module twoPhaseSingleShard: 2
@!@!@ENDMSG 2221 @!@!@
@!@!@STARTMSG 2221:0 @!@!@
  ||||||line 227, col 14 to line 227, col 118 of module twoPhaseSingleShard: 2
@!@!@ENDMSG 2221 @!@!@
@!@!@STARTMSG 2221:0 @!@!@
  |||||||line 227, col 23 to line 227, col 38 of module twoPhaseSingleShard: 2
@!@!@ENDMSG 2221 @!@!@
@!@!@STARTMSG 2221:0 @!@!@
  |||||||line 227, col 49 to line 227, col 106 of module twoPhaseSingleShard: 2
@!@!@ENDMSG 2221 @!@!@
@!@!@STARTMSG 2221:0 @!@!@
  ||||||||line 214, col 5 to line 215, col 75 of module twoPhaseSingleShard: 4
@!@!@ENDMSG 2221 @!@!@
@!@!@STARTMSG 2221:0 @!@!@
  |||||||||line 214, col 8 to line 214, col 17 of module twoPhaseSingleShard: 4
@!@!@ENDMSG 2221 @!@!@
@!@!@STARTMSG 2221:0 @!@!@
  |||||||||line 214, col 24 to line 214, col 24 of module twoPhaseSingleShard: 2
@!@!@ENDMSG 2221 @!@!@
@!@!@STARTMSG 2221:0 @!@!@
  |||||||||line 215, col 10 to line 215, col 75 of module twoPhaseSingleShard: 2
@!@!@ENDMSG 2221 @!@!@
@!@!@STARTMSG 2221:0 @!@!@
  ||||||||line 227, col 65 to line 227, col 94 of module twoPhaseSingleShard: 2
@!@!@ENDMSG 2221 @!@!@
@!@!@STARTMSG 2221:0 @!@!@
  ||||||||line 227, col 97 to line 227, col 102 of module twoPhaseSingleShard: 2
@!@!@ENDMSG 2221 @!@!@
@!@!@STARTMSG 2221:0 @!@!@
  ||||||||line 227, col 105 to line 227, col 105 of module twoPhaseSingleShard: 2
@!@!@ENDMSG 2221 @!@!@
@!@!@STARTMSG 2221:0 @!@!@
  |||||||line 227, col 109 to line 227, col 117 of module twoPhaseSingleShard: 2
@!@!@ENDMSG 2221 @!@!@
@!@!@STARTMSG 2221:0 @!@!@
  ||||line 234, col 14 to line 234, col 23 of module twoPhaseSingleShard: 2
@!@!@ENDMSG 2221 @!@!@
@!@!@STARTMSG 2221:0 @!@!@
  ||||line 234, col 26 to line 234, col 31 of module twoPhaseSingleShard: 2
@!@!@ENDMSG 2221 @!@!@
@!@!@STARTMSG 2221:0 @!@!@
  ||||line 234, col 34 to line 234, col 34 of module twoPhaseSingleShard: 2
@!@!@ENDMSG 2221 @!@!@
@!@!@STARTMSG 2221:0 @!@!@
  |||line 860, col 74 to line 860, col 92 of module twoPhaseSingleShard: 2
@!@!@ENDMSG 2221 @!@!@
@!@!@STARTMSG 2221:0 @!@!@
  |||line 860, col 95 to line 860, col 95 of module twoPhaseSingleShard: 2
@!@!@ENDMSG 2221 @!@!@
@!@!@STARTMSG 2221:0 @!@!@
  |||line 860, col 98 to line 860, col 115 of module twoPhaseSingleShard: 2
@!@!@ENDMSG 2221 @!@!@
@!@!@STARTMSG 2221:0 @!@!@
  line 862, col 9 to line 862, col 86 of module twoPhaseSingleShard: 2
@!@!@ENDMSG 2221 @!@!@
@!@!@STARTMSG 2221:0 @!@!@
  line 863, col 9 to line 863, col 36 of module twoPhaseSingleShard: 0
@!@!@ENDMSG 2221 @!@!@
@!@!@STARTMSG 2221:0 @!@!@
  |line 863, col 17 to line 863, col 36 of module twoPhaseSingleShard: 2
@!@!@ENDMSG 2221 @!@!@
@!@!@STARTMSG 2221:0 @!@!@
  ||line 863, col 17 to line 863, col 20 of module twoPhaseSingleShard: 2
@!@!@ENDMSG 2221 @!@!@
@!@!@STARTMSG 2221:0 @!@!@
  ||line 863, col 25 to line 863, col 36 of module twoPhaseSingleShard: 2
@!@!@ENDMSG 2221 @!@!@
@!@!@STARTMSG 2221:0 @!@!@
  |||line 849, col 22 to line 849, col 119 of module twoPhaseSingleShard: 2
@!@!@ENDMSG 2221 @!@!@
@!@!@STARTMSG 2775:0 @!@!@
  ||||line 849, col 22 to line 849, col 98 of module twoPhaseSingleShard: 2:2
@!@!@ENDMSG 2775 @!@!@
@!@!@STARTMSG 2221:0 @!@!@
  ||||line 849, col 103 to line 849, col 119 of module twoPhaseSingleShard: 2
@!@!@ENDMSG 2221 @!@!@
@!@!@STARTMSG 2775:0 @!@!@
  |||||line 840, col 13 to line 848, col 56 of module twoPhaseSingleShard: 2:2
@!@!@ENDMSG 2775 @!@!@
@!@!@STARTMSG 2775:0 @!@!@
  ||||||line 840, col 21 to line 848, col 48 of module twoPhaseSingleShard: 2:4
@!@!@ENDMSG 2775 @!@!@
@!@!@STARTMSG 2221:0 @!@!@
  |||||||line 840, col 22 to line 848, col 14 of module twoPhaseSingleShard: 2
@!@!@ENDMSG 2221 @!@!@
@!@!@STARTMSG 2221:0 @!@!@
  |||||||line 848, col 25 to line 848, col 46 of module twoPhaseSingleShard: 2
@!@!@ENDMSG 2221 @!@!@
@!@!@STARTMSG 2221:0 @!@!@
  ||||||||line 838, col 31 to line 838, col 71 of module twoPhaseSingleShard: 2
@!@!@ENDMSG 2221 @!@!@
@!@!@STARTMSG 2775:0 @!@!@
  |||||||||line 276, col 5 to line 276, col 91 of module twoPhaseSingleShard: 2:4
@!@!@ENDMSG 2775 @!@!@
@!@!@STARTMSG 2221:0 @!@!@
  ||||||||||line 276, col 55 to line 276, col 90 of module twoPhaseSingleShard: 2
@!@!@ENDMSG 2221 @!@!@
@!@!@STARTMSG 2221:0 @!@!@
  ||||||||||line 276, col 13 to line 276, col 51 of module twoPhaseSingleShard: 2
@!@!@ENDMSG 2221 @!@!@
@!@!@STARTMSG 2775:0 @!@!@
  |||||||||||line 272, col 5 to line 272, col 81 of module twoPhaseSingleShard: 2:4
@!@!@ENDMSG 2775 @!@!@
@!@!@STARTMSG 2221:0 @!@!@
  ||||||||||||line 272, col 54 to line 272, col 80 of module twoPhaseSingleShard: 2
@!@!@ENDMSG 2221 @!@!@
@!@!@STARTMSG 2221:0 @!@!@
  |||||||||||||line 263, col 29 to line 263, col 74 of module twoPhaseSingleShard: 2
@!@!@ENDMSG 2221 @!@!@
@!@!@STARTMSG 2221:0 @!@!@
  |||||||||||||line 262, col 22 to line 262, col 98 of module twoPhaseSingleShard: 2
@!@!@ENDMSG 2221 @!@!@
@!@!@STARTMSG 2221:0 @!@!@
  ||||||||||||||line 262, col 23 to line 262, col 59 of module twoPhaseSingleShard: 6
@!@!@ENDMSG 2221 @!@!@
@!@!@STARTMSG 2221:0 @!@!@
  ||||||||||||||line 262, col 70 to line 262, col 97 of module twoPhaseSingleShard: 2
@!@!@ENDMSG 2221 @!@!@
@!@!@STARTMSG 2775:0 @!@!@
  |||||||||||||line 261, col 26 to line 261, col 65 of module twoPhaseSingleShard: 2:4
@!@!@ENDMSG 2775 @!@!@
@!@!@STARTMSG 2221:0 @!@!@
  |||||||||||||line 265, col 9 to line 265, col 23 of module twoPhaseSingleShard: 2
@!@!@ENDMSG 2221 @!@!@
@!@!@STARTMSG 2221:0 @!@!@
  |||||||||||||line 272, col 65 to line 272, col 66 of module twoPhaseSingleShard: 2
@!@!@ENDMSG 2221 @!@!@
@!@!@STARTMSG 2221:0 @!@!@
  |||||||||||||line 272, col 69 to line 272, col 79 of module twoPhaseSingleShard: 2
@!@!@ENDMSG 2221 @!@!@
@!@!@STARTMSG 2221:0 @!@!@
  ||||||||||||line 272, col 13 to line 272, col 50 of module twoPhaseSingleShard: 2
@!@!@ENDMSG 2221 @!@!@
@!@!@STARTMSG 2221:0 @!@!@
  |||||||||||line 276, col 37 to line 276, col 37 of module twoPhaseSingleShard: 2
@!@!@ENDMSG 2221 @!@!@
@!@!@STARTMSG 2221:0 @!@!@
  |||||||||||line 276, col 40 to line 276, col 50 of module twoPhaseSingleShard: 2
@!@!@ENDMSG 2221 @!@!@
@!@!@STARTMSG 2221:0 @!@!@
  |||||||||line 838, col 46 to line 838, col 46 of module twoPhaseSingleShard: 2
@!@!@ENDMSG 2221 @!@!@
@!@!@STARTMSG 2221:0 @!@!@
  |||||||||line 838, col 49 to line 838, col 67 of module twoPhaseSingleShard: 2
@!@!@ENDMSG 2221 @!@!@
@!@!@STARTMSG 2221:0 @!@!@
  line 865, col 9 to line 865, col 92 of module twoPhaseSingleShard: 217
@!@!@ENDMSG 2221 @!@!@
@!@!@STARTMSG 2221:0 @!@!@
  |line 865, col 11 to line 865, col 91 of module twoPhaseSingleShard: 145
@!@!@ENDMSG 2221 @!@!@
@!@!@STARTMSG 2221:0 @!@!@
  ||line 865, col 11 to line 865, col 41 of module twoPhaseSingleShard: 145
@!@!@ENDMSG 2221 @!@!@
@!@!@STARTMSG 2775:0 @!@!@
  |||line 92, col 18 to line 92, col 42 of module twoPhaseSingleShard: 145:153
@!@!@ENDMSG 2775 @!@!@
@!@!@STARTMSG 2221:0 @!@!@
  ||||line 92, col 20 to line 92, col 23 of module twoPhaseSingleShard: 80
@!@!@ENDMSG 2221 @!@!@
@!@!@STARTMSG 2221:0 @!@!@
  ||||line 92, col 33 to line 92, col 40 of module twoPhaseSingleShard: 145
@!@!@ENDMSG 2221 @!@!@
@!@!@STARTMSG 2221:0 @!@!@
  |||line 865, col 22 to line 865, col 40 of module twoPhaseSingleShard: 145
@!@!@ENDMSG 2221 @!@!@
@!@!@STARTMSG 2221:0 @!@!@
  ||line 865, col 53 to line 865, col 91 of module twoPhaseSingleShard: 145
@!@!@ENDMSG 2221 @!@!@
@!@!@STARTMSG 2221:0 @!@!@
  line 866, col 9 to line 866, col 124 of module twoPhaseSingleShard: 72
@!@!@ENDMSG 2221 @!@!@
@!@!@STARTMSG 2221:0 @!@!@
  line 867, col 9 to line 870, col 122 of module twoPhaseSingleShard: 72
@!@!@ENDMSG 2221 @!@!@
@!@!@STARTMSG 2221:0 @!@!@
  line 871, col 9 to line 871, col 117 of module twoPhaseSingleShard: 72
@!@!@ENDMSG 2221 @!@!@
@!@!@STARTMSG 2221:0 @!@!@
  |line 871, col 28 to line 871, col 117 of module twoPhaseSingleShard: 72
@!@!@ENDMSG 2221 @!@!@
@!@!@STARTMSG 2221:0 @!@!@
  ||line 871, col 29 to line 871, col 43 of module twoPhaseSingleShard: 72
@!@!@ENDMSG 2221 @!@!@
@!@!@STARTMSG 2221:0 @!@!@
  ||line 871, col 52 to line 871, col 116 of module twoPhaseSingleShard: 72
@!@!@ENDMSG 2221 @!@!@
@!@!@STARTMSG 2221:0 @!@!@
  ||line 871, col 59 to line 871, col 116 of module twoPhaseSingleShard: 72
@!@!@ENDMSG 2221 @!@!@
@!@!@STARTMSG 2221:0 @!@!@
  |||line 234, col 5 to line 234, col 38 of module twoPhaseSingleShard: 72
@!@!@ENDMSG 2221 @!@!@
@!@!@STARTMSG 2221:0 @!@!@
  ||||line 224, col 5 to line 229, col 13 of module twoPhaseSingleShard: 144
@!@!@ENDMSG 2221 @!@!@
@!@!@STARTMSG 2221:0 @!@!@
  |||||line 224, col 8 to line 224, col 41 of module twoPhaseSingleShard: 144
@!@!@ENDMSG 2221 @!@!@
@!@!@STARTMSG 2221:0 @!@!@
  |||||line 226, col 9 to line 227, col 118 of module twoPhaseSingleShard: 144
@!@!@ENDMSG 2221 @!@!@
@!@!@STARTMSG 2221:0 @!@!@
  ||||||line 226, col 12 to line 226, col 28 of module twoPhaseSingleShard: 144
@!@!@ENDMSG 2221 @!@!@
@!@!@STARTMSG 2221:0 @!@!@
  ||||||line 226, col 35 to line 226, col 35 of module twoPhaseSingleShard: 72
@!@!@ENDMSG 2221 @!@!@
@!@!@STARTMSG 2221:0 @!@!@
  ||||||line 227, col 14 to line 227, col 118 of module twoPhaseSingleShard: 72
@!@!@ENDMSG 2221 @!@!@
@!@!@STARTMSG 2221:0 @!@!@
  |||||||line 227, col 23 to line 227, col 38 of module twoPhaseSingleShard: 72
@!@!@ENDMSG 2221 @!@!@
@!@!@STARTMSG 2221:0 @!@!@
  |||||||line 227, col 49 to line 227, col 106 of module twoPhaseSingleShard: 72
@!@!@ENDMSG 2221 @!@!@
@!@!@STARTMSG 2221:0 @!@!@
  ||||||||line 214, col 5 to line 215, col 75 of module twoPhaseSingleShard: 250
@!@!@ENDMSG 2221 @!@!@
@!@!@STARTMSG 2221:0 @!@!@
  |||||||||line 214, col 8 to line 214, col 17 of module twoPhaseSingleShard: 250
@!@!@ENDMSG 2221 @!@!@
@!@!@STARTMSG 2221:0 @!@!@
  |||||||||line 214, col 24 to line 214, col 24 of module twoPhaseSingleShard: 72
@!@!@ENDMSG 2221 @!@!@
@!@!@STARTMSG 2221:0 @!@!@
  |||||||||line 215, col 10 to line 215, col 75 of module twoPhaseSingleShard: 178
@!@!@ENDMSG 2221 @!@!@
@!@!@STARTMSG 2221:0 @!@!@
  ||||||||||line 215, col 26 to line 215, col 34 of module twoPhaseSingleShard: 178
@!@!@ENDMSG 2221 @!@!@
@!@!@STARTMSG 2221:0 @!@!@
  ||||||||||line 215, col 37 to line 215, col 42 of module twoPhaseSingleShard: 106
@!@!@ENDMSG 2221 @!@!@
@!@!@STARTMSG 2221:0 @!@!@
  ||||||||||line 215, col 46 to line 215, col 74 of module twoPhaseSingleShard: 178
@!@!@ENDMSG 2221 @!@!@
@!@!@STARTMSG 2221:0 @!@!@
  |||||||||||line 170, col 5 to line 210, col 9 of module twoPhaseSingleShard: 178
@!@!@ENDMSG 2221 @!@!@
@!@!@STARTMSG 2221:0 @!@!@
  ||||||||||||line 170, col 8 to line 170, col 44 of module twoPhaseSingleShard: 178
@!@!@ENDMSG 2221 @!@!@
@!@!@STARTMSG 2221:0 @!@!@
  ||||||||||||line 172, col 9 to line 208, col 39 of module twoPhaseSingleShard: 178
@!@!@ENDMSG 2221 @!@!@
@!@!@STARTMSG 2221:0 @!@!@
  |||||||||||||line 172, col 14 to line 172, col 54 of module twoPhaseSingleShard: 178
@!@!@ENDMSG 2221 @!@!@
@!@!@STARTMSG 2221:0 @!@!@
  ||||||||||||||line 172, col 14 to line 172, col 30 of module twoPhaseSingleShard: 178
@!@!@ENDMSG 2221 @!@!@
@!@!@STARTMSG 2221:0 @!@!@
  ||||||||||||||line 172, col 35 to line 172, col 54 of module twoPhaseSingleShard: 125
@!@!@ENDMSG 2221 @!@!@
@!@!@STARTMSG 2221:0 @!@!@
  |||||||||||||line 172, col 61 to line 172, col 119 of module twoPhaseSingleShard: 106
@!@!@ENDMSG 2221 @!@!@
@!@!@STARTMSG 2221:0 @!@!@
  |||||||||||||line 173, col 12 to line 173, col 55 of module twoPhaseSingleShard: 72
@!@!@ENDMSG 2221 @!@!@
@!@!@STARTMSG 2221:0 @!@!@
  ||||||||||||||line 173, col 12 to line 173, col 28 of module twoPhaseSingleShard: 72
@!@!@ENDMSG 2221 @!@!@
@!@!@STARTMSG 2221:0 @!@!@
  ||||||||||||||line 173, col 33 to line 173, col 55 of module twoPhaseSingleShard: 19
@!@!@ENDMSG 2221 @!@!@
@!@!@STARTMSG 2221:0 @!@!@
  |||||||||||||line 182, col 15 to line 184, col 20 of module twoPhaseSingleShard: 19
@!@!@ENDMSG 2221 @!@!@
@!@!@STARTMSG 2221:0 @!@!@
  |||||||||||||line 185, col 12 to line 185, col 52 of module twoPhaseSingleShard: 53
@!@!@ENDMSG 2221 @!@!@
@!@!@STARTMSG 2221:0 @!@!@
  |||||||||||||line 194, col 9 to line 194, col 30 of module twoPhaseSingleShard: 53
@!@!@ENDMSG 2221 @!@!@
@!@!@STARTMSG 2221:0 @!@!@
  ||||||||||||||line 194, col 10 to line 194, col 19 of module twoPhaseSingleShard: 106
@!@!@ENDMSG 2221 @!@!@
@!@!@STARTMSG 2221:0 @!@!@
  |||||||||||||||line 188, col 17 to line 192, col 26 of module twoPhaseSingleShard: 106
@!@!@ENDMSG 2221 @!@!@
@!@!@STARTMSG 2221:0 @!@!@
  ||||||||||||||||line 188, col 20 to line 188, col 45 of module twoPhaseSingleShard: 106
@!@!@ENDMSG 2221 @!@!@
@!@!@STARTMSG 2221:0 @!@!@
  ||||||||||||||||line 189, col 25 to line 189, col 96 of module twoPhaseSingleShard: 53
@!@!@ENDMSG 2221 @!@!@
@!@!@STARTMSG 2221:0 @!@!@
  ||||||||||||||||line 192, col 26 to line 192, col 26 of module twoPhaseSingleShard: 53
@!@!@ENDMSG 2221 @!@!@
@!@!@STARTMSG 2221:0 @!@!@
  |||||||||||||||line 194, col 18 to line 194, col 18 of module twoPhaseSingleShard: 106
@!@!@ENDMSG 2221 @!@!@
@!@!@STARTMSG 2221:0 @!@!@
  ||||||||||||||line 194, col 29 to line 194, col 29 of module twoPhaseSingleShard: 53
@!@!@ENDMSG 2221 @!@!@
@!@!@STARTMSG 2221:0 @!@!@
  |||||||||||line 215, col 54 to line 215, col 62 of module twoPhaseSingleShard: 178
@!@!@ENDMSG 2221 @!@!@
@!@!@STARTMSG 2221:0 @!@!@
  |||||||||||line 215, col 65 to line 215, col 70 of module twoPhaseSingleShard: 178
@!@!@ENDMSG 2221 @!@!@
@!@!@STARTMSG 2221:0 @!@!@
  |||||||||||line 215, col 73 to line 215, col 73 of module twoPhaseSingleShard: 178
@!@!@ENDMSG 2221 @!@!@
@!@!@STARTMSG 2221:0 @!@!@
  ||||||||line 227, col 65 to line 227, col 94 of module twoPhaseSingleShard: 72
@!@!@ENDMSG 2221 @!@!@
@!@!@STARTMSG 2221:0 @!@!@
  ||||||||line 227, col 97 to line 227, col 102 of module twoPhaseSingleShard: 72
@!@!@ENDMSG 2221 @!@!@
@!@!@STARTMSG 2221:0 @!@!@
  ||||||||line 227, col 105 to line 227, col 105 of module twoPhaseSingleShard: 72
@!@!@ENDMSG 2221 @!@!@
@!@!@STARTMSG 2221:0 @!@!@
  |||||||line 227, col 109 to line 227, col 117 of module twoPhaseSingleShard: 72
@!@!@ENDMSG 2221 @!@!@
@!@!@STARTMSG 2221:0 @!@!@
  ||||line 234, col 14 to line 234, col 23 of module twoPhaseSingleShard: 72
@!@!@ENDMSG 2221 @!@!@
@!@!@STARTMSG 2221:0 @!@!@
  ||||line 234, col 26 to line 234, col 31 of module twoPhaseSingleShard: 72
@!@!@ENDMSG 2221 @!@!@
@!@!@STARTMSG 2221:0 @!@!@
  ||||line 234, col 34 to line 234, col 34 of module twoPhaseSingleShard: 72
@!@!@ENDMSG 2221 @!@!@
@!@!@STARTMSG 2221:0 @!@!@
  |||line 871, col 74 to line 871, col 92 of module twoPhaseSingleShard: 72
@!@!@ENDMSG 2221 @!@!@
@!@!@STARTMSG 2221:0 @!@!@
  |||line 871, col 95 to line 871, col 95 of module twoPhaseSingleShard: 72
@!@!@ENDMSG 2221 @!@!@
@!@!@STARTMSG 2221:0 @!@!@
  |||line 871, col 98 to line 871, col 115 of module twoPhaseSingleShard: 72
@!@!@ENDMSG 2221 @!@!@
@!@!@STARTMSG 2221:0 @!@!@
  line 873, col 9 to line 873, col 86 of module twoPhaseSingleShard: 144
@!@!@ENDMSG 2221 @!@!@
@!@!@STARTMSG 2221:0 @!@!@
  |line 873, col 10 to line 873, col 86 of module twoPhaseSingleShard: 72
@!@!@ENDMSG 2221 @!@!@
@!@!@STARTMSG 2221:0 @!@!@
  line 874, col 9 to line 874, col 75 of module twoPhaseSingleShard: 72
@!@!@ENDMSG 2221 @!@!@
@!@!@STARTMSG 2221:0 @!@!@
  line 1278, col 29 to line 1278, col 29 of module twoPhaseSingleShard: 147
@!@!@ENDMSG 2221 @!@!@
@!@!@STARTMSG 2221:0 @!@!@
  line 1278, col 32 to line 1278, col 42 of module twoPhaseSingleShard: 74
@!@!@ENDMSG 2221 @!@!@
@!@!@STARTMSG 2221:0 @!@!@
  line 1278, col 45 to line 1278, col 60 of module twoPhaseSingleShard: 74
@!@!@ENDMSG 2221 @!@!@
@!@!@STARTMSG 2221:0 @!@!@
  line 1278, col 64 to line 1278, col 83 of module twoPhaseSingleShard: 147
@!@!@ENDMSG 2221 @!@!@
@!@!@STARTMSG 2221:0 @!@!@
  line 1278, col 86 to line 1278, col 95 of module twoPhaseSingleShard: 74
@!@!@ENDMSG 2221 @!@!@
@!@!@STARTMSG 2221:0 @!@!@
  line 1279, col 8 to line 1279, col 23 of module twoPhaseSingleShard: 72
@!@!@ENDMSG 2221 @!@!@
@!@!@STARTMSG 2221:0 @!@!@
  line 1280, col 8 to line 1280, col 121 of module twoPhaseSingleShard: 72
@!@!@ENDMSG 2221 @!@!@
@!@!@STARTMSG 2221:0 @!@!@
  line 1387, col 36 to line 1387, col 36 of module twoPhaseSingleShard: 634
@!@!@ENDMSG 2221 @!@!@
@!@!@STARTMSG 2221:0 @!@!@
  line 1387, col 39 to line 1387, col 39 of module twoPhaseSingleShard: 22294
@!@!@ENDMSG 2221 @!@!@
@!@!@STARTMSG 2221:0 @!@!@
  line 1388, col 16 to line 1388, col 35 of module twoPhaseSingleShard: 72
@!@!@ENDMSG 2221 @!@!@
@!@!@STARTMSG 2221:0 @!@!@
  line 1386, col 16 to line 1386, col 20 of module twoPhaseSingleShard: 1058
@!@!@ENDMSG 2221 @!@!@
@!@!@STARTMSG 2221:0 @!@!@
  line 1386, col 29 to line 1386, col 46 of module twoPhaseSingleShard: 1058
@!@!@ENDMSG 2221 @!@!@
@!@!@STARTMSG 2775:0 @!@!@
  |line 58, col 5 to line 58, col 47 of module twoPhaseSingleShard: 1058:8488
@!@!@ENDMSG 2775 @!@!@
@!@!@STARTMSG 2221:0 @!@!@
  ||line 58, col 31 to line 58, col 45 of module twoPhaseSingleShard: 7444
@!@!@ENDMSG 2221 @!@!@
@!@!@STARTMSG 2221:0 @!@!@
  ||line 58, col 13 to line 58, col 27 of module twoPhaseSingleShard: 1058
@!@!@ENDMSG 2221 @!@!@
@!@!@STARTMSG 2221:0 @!@!@
  |line 1386, col 42 to line 1386, col 45 of module twoPhaseSingleShard: 1058
@!@!@ENDMSG 2221 @!@!@
@!@!@STARTMSG 2772:0 @!@!@
<Next line 1340, col 3 to line 1340, col 6 of module twoPhaseSingleShard (1391 7 1391 45)>: 0:0
@!@!@ENDMSG 2772 @!@!@
@!@!@STARTMSG 2221:0 @!@!@
  line 1302, col 7 to line 1302, col 27 of module twoPhaseSingleShard: 7426
@!@!@ENDMSG 2221 @!@!@
@!@!@STARTMSG 2221:0 @!@!@
  line 1303, col 7 to line 1303, col 36 of module twoPhaseSingleShard: 0
@!@!@ENDMSG 2221 @!@!@
@!@!@STARTMSG 2221:0 @!@!@
  line 1305, col 7 to line 1305, col 38 of module twoPhaseSingleShard: 0
@!@!@ENDMSG 2221 @!@!@
@!@!@STARTMSG 2221:0 @!@!@
  line 1306, col 7 to line 1306, col 22 of module twoPhaseSingleShard: 0
@!@!@ENDMSG 2221 @!@!@
@!@!@STARTMSG 2221:0 @!@!@
  line 1307, col 7 to line 1308, col 92 of module twoPhaseSingleShard: 0
@!@!@ENDMSG 2221 @!@!@
@!@!@STARTMSG 2221:0 @!@!@
  line 1391, col 44 to line 1391, col 44 of module twoPhaseSingleShard: 7426
@!@!@ENDMSG 2221 @!@!@
@!@!@STARTMSG 2221:0 @!@!@
  line 1391, col 16 to line 1391, col 33 of module twoPhaseSingleShard: 1056
@!@!@ENDMSG 2221 @!@!@
@!@!@STARTMSG 2775:0 @!@!@
  |line 58, col 5 to line 58, col 47 of module twoPhaseSingleShard: 1056:8482
@!@!@ENDMSG 2775 @!@!@
@!@!@STARTMSG 2221:0 @!@!@
  ||line 58, col 31 to line 58, col 45 of module twoPhaseSingleShard: 7426
@!@!@ENDMSG 2221 @!@!@
@!@!@STARTMSG 2221:0 @!@!@
  ||line 58, col 13 to line 58, col 27 of module twoPhaseSingleShard: 1056
@!@!@ENDMSG 2221 @!@!@
@!@!@STARTMSG 2221:0 @!@!@
  |line 1391, col 29 to line 1391, col 32 of module twoPhaseSingleShard: 1056
@!@!@ENDMSG 2221 @!@!@
@!@!@STARTMSG 2774:0 @!@!@
<LeadingEdgeInvariant line 1416, col 3 to line 1416, col 22 of module twoPhaseSingleShard>
@!@!@ENDMSG 2774 @!@!@
@!@!@STARTMSG 2221:0 @!@!@
  line 1421, col 3 to line 1423, col 45 of module twoPhaseSingleShard: 2460
@!@!@ENDMSG 2221 @!@!@
@!@!@STARTMSG 2221:0 @!@!@
  |line 1422, col 5 to line 1423, col 45 of module twoPhaseSingleShard: 22140
@!@!@ENDMSG 2221 @!@!@
@!@!@STARTMSG 2221:0 @!@!@
  ||line 1422, col 5 to line 1422, col 91 of module twoPhaseSingleShard: 22140
@!@!@ENDMSG 2221 @!@!@
@!@!@STARTMSG 2221:0 @!@!@
  ||line 1423, col 7 to line 1423, col 45 of module twoPhaseSingleShard: 14436
@!@!@ENDMSG 2221 @!@!@
@!@!@STARTMSG 2221:0 @!@!@
  |line 1421, col 17 to line 1421, col 21 of module twoPhaseSingleShard: 2460
@!@!@ENDMSG 2221 @!@!@
@!@!@STARTMSG 2774:0 @!@!@
<DependencyInvariant line 1425, col 3 to line 1425, col 21 of module twoPhaseSingleShard>
@!@!@ENDMSG 2774 @!@!@
@!@!@STARTMSG 2775:0 @!@!@
  line 1427, col 14 to line 1427, col 72 of module twoPhaseSingleShard: 2460:221400
@!@!@ENDMSG 2775 @!@!@
@!@!@STARTMSG 2221:0 @!@!@
  |line 1427, col 16 to line 1427, col 36 of module twoPhaseSingleShard: 4920
@!@!@ENDMSG 2221 @!@!@
@!@!@STARTMSG 2221:0 @!@!@
  |line 1427, col 46 to line 1427, col 70 of module twoPhaseSingleShard: 2460
@!@!@ENDMSG 2221 @!@!@
@!@!@STARTMSG 2221:0 @!@!@
  line 1429, col 3 to line 1437, col 44 of module twoPhaseSingleShard: 2460
@!@!@ENDMSG 2221 @!@!@
@!@!@STARTMSG 2221:0 @!@!@
  |line 1430, col 5 to line 1437, col 44 of module twoPhaseSingleShard: 22140
@!@!@ENDMSG 2221 @!@!@
@!@!@STARTMSG 2221:0 @!@!@
  ||line 1431, col 9 to line 1437, col 44 of module twoPhaseSingleShard: 88560
@!@!@ENDMSG 2221 @!@!@
@!@!@STARTMSG 2221:0 @!@!@
  |||line 1431, col 9 to line 1435, col 47 of module twoPhaseSingleShard: 88560
@!@!@ENDMSG 2221 @!@!@
@!@!@STARTMSG 2221:0 @!@!@
  ||||line 1431, col 12 to line 1431, col 51 of module twoPhaseSingleShard: 88560
@!@!@ENDMSG 2221 @!@!@
@!@!@STARTMSG 2221:0 @!@!@
  ||||line 1432, col 12 to line 1432, col 51 of module twoPhaseSingleShard: 45540
@!@!@ENDMSG 2221 @!@!@
@!@!@STARTMSG 2221:0 @!@!@
  ||||line 1433, col 12 to line 1433, col 51 of module twoPhaseSingleShard: 30612
@!@!@ENDMSG 2221 @!@!@
@!@!@STARTMSG 2221:0 @!@!@
  ||||line 1434, col 12 to line 1434, col 51 of module twoPhaseSingleShard: 21478
@!@!@ENDMSG 2221 @!@!@
@!@!@STARTMSG 2221:0 @!@!@
  ||||line 1435, col 12 to line 1435, col 47 of module twoPhaseSingleShard: 19756
@!@!@ENDMSG 2221 @!@!@
@!@!@STARTMSG 2221:0 @!@!@
  |||line 1437, col 9 to line 1437, col 44 of module twoPhaseSingleShard: 319
@!@!@ENDMSG 2221 @!@!@
@!@!@STARTMSG 2221:0 @!@!@
  ||line 1430, col 17 to line 1430, col 23 of module twoPhaseSingleShard: 22140
@!@!@ENDMSG 2221 @!@!@
@!@!@STARTMSG 2221:0 @!@!@
  |line 1429, col 17 to line 1429, col 21 of module twoPhaseSingleShard: 2460
@!@!@ENDMSG 2221 @!@!@
@!@!@STARTMSG 2774:0 @!@!@
<DummyInvariant2 line 1410, col 2 to line 1410, col 16 of module twoPhaseSingleShard>
@!@!@ENDMSG 2774 @!@!@
@!@!@STARTMSG 2221:0 @!@!@
  line 1411, col 5 to line 1411, col 47 of module twoPhaseSingleShard: 2460
@!@!@ENDMSG 2221 @!@!@
@!@!@STARTMSG 2774:0 @!@!@
<CommitAbortInvariant line 1439, col 3 to line 1439, col 22 of module twoPhaseSingleShard>
@!@!@ENDMSG 2774 @!@!@
@!@!@STARTMSG 2221:0 @!@!@
  line 1440, col 4 to line 1445, col 22 of module twoPhaseSingleShard: 2460
@!@!@ENDMSG 2221 @!@!@
@!@!@STARTMSG 2221:0 @!@!@
  |line 1441, col 7 to line 1445, col 22 of module twoPhaseSingleShard: 173931
@!@!@ENDMSG 2221 @!@!@
@!@!@STARTMSG 2221:0 @!@!@
  ||line 1441, col 7 to line 1444, col 30 of module twoPhaseSingleShard: 173931
@!@!@ENDMSG 2221 @!@!@
@!@!@STARTMSG 2221:0 @!@!@
  |||line 1441, col 11 to line 1441, col 28 of module twoPhaseSingleShard: 173931
@!@!@ENDMSG 2221 @!@!@
@!@!@STARTMSG 2221:0 @!@!@
  |||line 1442, col 11 to line 1442, col 27 of module twoPhaseSingleShard: 17131
@!@!@ENDMSG 2221 @!@!@
@!@!@STARTMSG 2221:0 @!@!@
  |||line 1443, col 11 to line 1443, col 29 of module twoPhaseSingleShard: 568
@!@!@ENDMSG 2221 @!@!@
@!@!@STARTMSG 2221:0 @!@!@
  |||line 1444, col 11 to line 1444, col 29 of module twoPhaseSingleShard: 568
@!@!@ENDMSG 2221 @!@!@
@!@!@STARTMSG 2221:0 @!@!@
  ||line 1445, col 10 to line 1445, col 22 of module twoPhaseSingleShard: 568
@!@!@ENDMSG 2221 @!@!@
@!@!@STARTMSG 2221:0 @!@!@
  |line 1440, col 18 to line 1440, col 29 of module twoPhaseSingleShard: 2460
@!@!@ENDMSG 2221 @!@!@
@!@!@STARTMSG 2774:0 @!@!@
<ConflictingTxNodeCommit line 1447, col 3 to line 1447, col 25 of module twoPhaseSingleShard>
@!@!@ENDMSG 2774 @!@!@
@!@!@STARTMSG 2775:0 @!@!@
  line 1449, col 14 to line 1449, col 72 of module twoPhaseSingleShard: 2460:24600
@!@!@ENDMSG 2775 @!@!@
@!@!@STARTMSG 2221:0 @!@!@
  |line 1449, col 16 to line 1449, col 36 of module twoPhaseSingleShard: 4920
@!@!@ENDMSG 2221 @!@!@
@!@!@STARTMSG 2221:0 @!@!@
  |line 1449, col 46 to line 1449, col 70 of module twoPhaseSingleShard: 2460
@!@!@ENDMSG 2221 @!@!@
@!@!@STARTMSG 2221:0 @!@!@
  line 1451, col 3 to line 1462, col 52 of module twoPhaseSingleShard: 2460
@!@!@ENDMSG 2221 @!@!@
@!@!@STARTMSG 2221:0 @!@!@
  |line 1452, col 5 to line 1462, col 52 of module twoPhaseSingleShard: 9840
@!@!@ENDMSG 2221 @!@!@
@!@!@STARTMSG 2221:0 @!@!@
  ||line 1453, col 7 to line 1462, col 52 of module twoPhaseSingleShard: 88560
@!@!@ENDMSG 2221 @!@!@
@!@!@STARTMSG 2221:0 @!@!@
  |||line 1453, col 9 to line 1462, col 51 of module twoPhaseSingleShard: 88560
@!@!@ENDMSG 2221 @!@!@
@!@!@STARTMSG 2221:0 @!@!@
  ||||line 1453, col 9 to line 1461, col 51 of module twoPhaseSingleShard: 88560
@!@!@ENDMSG 2221 @!@!@
@!@!@STARTMSG 2221:0 @!@!@
  |||||line 1453, col 9 to line 1460, col 55 of module twoPhaseSingleShard: 88560
@!@!@ENDMSG 2221 @!@!@
@!@!@STARTMSG 2221:0 @!@!@
  ||||||line 1453, col 9 to line 1459, col 59 of module twoPhaseSingleShard: 88560
@!@!@ENDMSG 2221 @!@!@
@!@!@STARTMSG 2221:0 @!@!@
  |||||||line 1453, col 9 to line 1458, col 56 of module twoPhaseSingleShard: 88560
@!@!@ENDMSG 2221 @!@!@
@!@!@STARTMSG 2221:0 @!@!@
  ||||||||line 1453, col 9 to line 1456, col 55 of module twoPhaseSingleShard: 88560
@!@!@ENDMSG 2221 @!@!@
@!@!@STARTMSG 2221:0 @!@!@
  |||||||||line 1453, col 9 to line 1455, col 59 of module twoPhaseSingleShard: 88560
@!@!@ENDMSG 2221 @!@!@
@!@!@STARTMSG 2221:0 @!@!@
  ||||||||||line 1453, col 9 to line 1454, col 56 of module twoPhaseSingleShard: 88560
@!@!@ENDMSG 2221 @!@!@
@!@!@STARTMSG 2221:0 @!@!@
  |||||||||||line 1453, col 9 to line 1453, col 20 of module twoPhaseSingleShard: 88560
@!@!@ENDMSG 2221 @!@!@
@!@!@STARTMSG 2221:0 @!@!@
  |||||||||||line 1454, col 10 to line 1454, col 56 of module twoPhaseSingleShard: 44280
@!@!@ENDMSG 2221 @!@!@
@!@!@STARTMSG 2221:0 @!@!@
  ||||||||||line 1455, col 10 to line 1455, col 59 of module twoPhaseSingleShard: 8631
@!@!@ENDMSG 2221 @!@!@
@!@!@STARTMSG 2221:0 @!@!@
  |||||||||line 1456, col 10 to line 1456, col 55 of module twoPhaseSingleShard: 8607
@!@!@ENDMSG 2221 @!@!@
@!@!@STARTMSG 2221:0 @!@!@
  ||||||||line 1458, col 10 to line 1458, col 56 of module twoPhaseSingleShard: 1269
@!@!@ENDMSG 2221 @!@!@
@!@!@STARTMSG 2221:0 @!@!@
  |||||||line 1459, col 10 to line 1459, col 59 of module twoPhaseSingleShard: 4
@!@!@ENDMSG 2221 @!@!@
@!@!@STARTMSG 2221:0 @!@!@
  ||line 1452, col 17 to line 1452, col 21 of module twoPhaseSingleShard: 9840
@!@!@ENDMSG 2221 @!@!@
@!@!@STARTMSG 2221:0 @!@!@
  |line 1451, col 19 to line 1451, col 25 of module twoPhaseSingleShard: 2460
@!@!@ENDMSG 2221 @!@!@
@!@!@STARTMSG 2202:0 @!@!@
End of statistics.
@!@!@ENDMSG 2202 @!@!@
@!@!@STARTMSG 2200:0 @!@!@
Progress(10) at 2025-07-22 00:25:02: 5,441 states generated (57,841 s/min), 2,460 distinct states found (26,151 ds/min), 1,403 states left on queue.
@!@!@ENDMSG 2200 @!@!@
@!@!@STARTMSG 2199:0 @!@!@
5441 states generated, 2460 distinct states found, 1403 states left on queue.
@!@!@ENDMSG 2199 @!@!@
@!@!@STARTMSG 2186:0 @!@!@
Finished in 5663ms at (2025-07-22 00:25:02)
@!@!@ENDMSG 2186 @!@!@
