@!@!@STARTMSG 2262:0 @!@!@
TLC2 Version 2.16 of 31 December 2020 (rev: cdddf55)
@!@!@ENDMSG 2262 @!@!@
@!@!@STARTMSG 2187:0 @!@!@
Running breadth-first search Model-Checking with fp 105 and seed -8004454945344175157 with 5 workers on 10 cores with 1214MB heap and 2730MB offheap memory [pid: 34368] (Mac OS X 10.16 x86_64, AdoptOpenJDK 14.0.1 x86_64, OffHeapDiskFPSet, DiskStateQueue).
@!@!@ENDMSG 2187 @!@!@
@!@!@STARTMSG 2220:0 @!@!@
Starting SANY...
@!@!@ENDMSG 2220 @!@!@
Parsing file /Users/junhaohu/Desktop/Files/twoPhaseSingleShard.toolbox/twoPhaseSingleShard/MC.tla
Parsing file /Users/junhaohu/Desktop/Files/twoPhaseSingleShard.toolbox/twoPhaseSingleShard/twoPhaseSingleShard.tla
Parsing file /private/var/folders/6x/qls53vqx0s58w_mhxknhtyp80000gn/T/AppTranslocation/434B3DA0-BDC6-4BD9-A577-35069A415426/d/TLA+ Toolbox.app/Contents/Eclipse/plugins/org.lamport.tlatools_1.0.0.202012311918/tla2sany/StandardModules/TLC.tla
Parsing file /private/var/folders/6x/qls53vqx0s58w_mhxknhtyp80000gn/T/AppTranslocation/434B3DA0-BDC6-4BD9-A577-35069A415426/d/TLA+ Toolbox.app/Contents/Eclipse/plugins/org.lamport.tlatools_1.0.0.202012311918/tla2sany/StandardModules/Integers.tla
Parsing file /private/var/folders/6x/qls53vqx0s58w_mhxknhtyp80000gn/T/AppTranslocation/434B3DA0-BDC6-4BD9-A577-35069A415426/d/TLA+ Toolbox.app/Contents/Eclipse/plugins/org.lamport.tlatools_1.0.0.202012311918/tla2sany/StandardModules/Sequences.tla
Parsing file /private/var/folders/6x/qls53vqx0s58w_mhxknhtyp80000gn/T/AppTranslocation/434B3DA0-BDC6-4BD9-A577-35069A415426/d/TLA+ Toolbox.app/Contents/Eclipse/plugins/org.lamport.tlatools_1.0.0.202012311918/tla2sany/StandardModules/FiniteSets.tla
Parsing file /Users/junhaohu/Desktop/Files/twoPhaseSingleShard.toolbox/twoPhaseSingleShard/FiniteSetsExt.tla
Parsing file /Users/junhaohu/Desktop/Files/twoPhaseSingleShard.toolbox/twoPhaseSingleShard/SequencesExt.tla
Parsing file /Users/junhaohu/Desktop/Files/twoPhaseSingleShard.toolbox/twoPhaseSingleShard/TLCExt.tla
Parsing file /private/var/folders/6x/qls53vqx0s58w_mhxknhtyp80000gn/T/AppTranslocation/434B3DA0-BDC6-4BD9-A577-35069A415426/d/TLA+ Toolbox.app/Contents/Eclipse/plugins/org.lamport.tlatools_1.0.0.202012311918/tla2sany/StandardModules/Naturals.tla
Parsing file /Users/junhaohu/Desktop/Files/twoPhaseSingleShard.toolbox/twoPhaseSingleShard/Folds.tla
Parsing file /Users/junhaohu/Desktop/Files/twoPhaseSingleShard.toolbox/twoPhaseSingleShard/Functions.tla
Semantic processing of module Naturals
Semantic processing of module Integers
Semantic processing of module Sequences
Semantic processing of module FiniteSets
Semantic processing of module TLC
Semantic processing of module Folds
Semantic processing of module Functions
Semantic processing of module FiniteSetsExt
Semantic processing of module SequencesExt
Semantic processing of module TLCExt
Semantic processing of module twoPhaseSingleShard
Semantic processing of module MC
@!@!@STARTMSG 2219:0 @!@!@
SANY finished.
@!@!@ENDMSG 2219 @!@!@
@!@!@STARTMSG 2185:0 @!@!@
Starting... (2025-08-10 23:31:30)
@!@!@ENDMSG 2185 @!@!@
@!@!@STARTMSG 2212:0 @!@!@
Implied-temporal checking--satisfiability problem has 1 branches.
@!@!@ENDMSG 2212 @!@!@
@!@!@STARTMSG 2189:0 @!@!@
Computing initial states...
@!@!@ENDMSG 2189 @!@!@
@!@!@STARTMSG 2190:0 @!@!@
Finished computing initial states: 1 distinct state generated at 2025-08-10 23:31:31.
@!@!@ENDMSG 2190 @!@!@
@!@!@STARTMSG 2184:1 @!@!@
Attempted to apply Head to the empty sequence.
@!@!@ENDMSG 2184 @!@!@
@!@!@STARTMSG 2121:1 @!@!@
The behavior up to this point is:
@!@!@ENDMSG 2121 @!@!@
@!@!@STARTMSG 2217:4 @!@!@
1: <Initial predicate>
/\ msgs = << >>
/\ failedNodes = {}
/\ pendingTransactions = <<1, 2, 3>>
/\ localTransactionHistory = << [ leadingEdge |-> {},
     committed |-> {},
     aborted |-> {},
     prepared |-> {},
     heuristic |-> {} ],
   [ leadingEdge |-> {},
     committed |-> {},
     aborted |-> {},
     prepared |-> {},
     heuristic |-> {} ],
   [ leadingEdge |-> {},
     committed |-> {},
     aborted |-> {},
     prepared |-> {},
     heuristic |-> {} ] >>
/\ localTransactionalGraph = <<<< >>, << >>, << >>>>
/\ failedNodesCount = 0
/\ catchUpID = <<1, 1, 1>>
/\ lostMsgCount = 0
/\ rmState = ( <<1, 1, -1>> :> "follower" @@
  <<1, 1, 1>> :> "follower" @@
  <<1, 2, -1>> :> "follower" @@
  <<1, 2, 1>> :> "follower" @@
  <<1, 3, -1>> :> "follower" @@
  <<1, 3, 1>> :> "follower" @@
  <<2, 1, -1>> :> "follower" @@
  <<2, 1, 1>> :> "follower" @@
  <<2, 2, -1>> :> "follower" @@
  <<2, 2, 1>> :> "follower" @@
  <<2, 3, -1>> :> "follower" @@
  <<2, 3, 1>> :> "follower" @@
  <<3, 1, -1>> :> "follower" @@
  <<3, 1, 1>> :> "follower" @@
  <<3, 2, -1>> :> "follower" @@
  <<3, 2, 1>> :> "follower" @@
  <<3, 3, -1>> :> "follower" @@
  <<3, 3, 1>> :> "follower" )
/\ test = 0
/\ localNodesGraph = <<{}, {}, {}>>
/\ clientRequests = <<<<>>, <<>>, <<>>>>

@!@!@ENDMSG 2217 @!@!@
@!@!@STARTMSG 2217:4 @!@!@
2: <Next line 1387, col 13 to line 1387, col 25 of module twoPhaseSingleShard>
/\ msgs = ( [ type |-> "prepared",
    shard |-> 1,
    dst |-> 1,
    tn |-> 1,
    src |-> 1,
    shards |-> {1},
    leadingEdge |-> {} ] :>
      1 @@
  [ type |-> "prepare",
    shard |-> 1,
    dst |-> -1,
    tn |-> 1,
    dependency |-> {},
    src |-> 1,
    operations |->
        << [ type |-> "nodes",
             Operation |-> "add",
             sourceVertex |-> 0,
             shard |-> 1 ],
           [ type |-> "nodes",
             Operation |-> "add",
             sourceVertex |-> 1,
             shard |-> 1 ],
           [ type |-> "edges",
             Operation |-> "add",
             sourceVertex |-> 0,
             shard |-> 1,
             desVertex |-> 1 ] >>,
    shards |-> {1} ] :>
      1 )
/\ failedNodes = {}
/\ pendingTransactions = <<2, 3>>
/\ localTransactionHistory = << [ leadingEdge |-> {},
     committed |-> {},
     aborted |-> {},
     prepared |-> {1},
     heuristic |-> {} ],
   [ leadingEdge |-> {},
     committed |-> {},
     aborted |-> {},
     prepared |-> {},
     heuristic |-> {} ],
   [ leadingEdge |-> {},
     committed |-> {},
     aborted |-> {},
     prepared |-> {},
     heuristic |-> {} ] >>
/\ localTransactionalGraph = <<<<{}>>, << >>, << >>>>
/\ failedNodesCount = 0
/\ catchUpID = <<1, 1, 1>>
/\ lostMsgCount = 0
/\ rmState = ( <<1, 1, -1>> :> "follower" @@
  <<1, 1, 1>> :> "leader" @@
  <<1, 2, -1>> :> "follower" @@
  <<1, 2, 1>> :> "follower" @@
  <<1, 3, -1>> :> "follower" @@
  <<1, 3, 1>> :> "follower" @@
  <<2, 1, -1>> :> "follower" @@
  <<2, 1, 1>> :> "follower" @@
  <<2, 2, -1>> :> "follower" @@
  <<2, 2, 1>> :> "follower" @@
  <<2, 3, -1>> :> "follower" @@
  <<2, 3, 1>> :> "follower" @@
  <<3, 1, -1>> :> "follower" @@
  <<3, 1, 1>> :> "follower" @@
  <<3, 2, -1>> :> "follower" @@
  <<3, 2, 1>> :> "follower" @@
  <<3, 3, -1>> :> "follower" @@
  <<3, 3, 1>> :> "follower" )
/\ test = 0
/\ localNodesGraph = <<{}, {}, {}>>
/\ clientRequests = <<<<>>, <<>>, <<>>>>

@!@!@ENDMSG 2217 @!@!@
@!@!@STARTMSG 2217:4 @!@!@
3: <Next line 1387, col 13 to line 1387, col 25 of module twoPhaseSingleShard>
/\ msgs = ( [ type |-> "aborted",
    shard |-> 1,
    dst |-> 1,
    tn |-> 2,
    src |-> 1,
    shards |-> {1},
    leadingEdge |-> {} ] :>
      1 @@
  [ type |-> "prepared",
    shard |-> 1,
    dst |-> 1,
    tn |-> 1,
    src |-> 1,
    shards |-> {1},
    leadingEdge |-> {} ] :>
      1 @@
  [ type |-> "abort",
    shard |-> 1,
    dst |-> -1,
    tn |-> 2,
    src |-> 1,
    operations |->
        << [ type |-> "nodes",
             Operation |-> "remove",
             sourceVertex |-> 0,
             shard |-> 1 ] >>,
    shards |-> {1} ] :>
      1 @@
  [ type |-> "prepare",
    shard |-> 1,
    dst |-> -1,
    tn |-> 1,
    dependency |-> {},
    src |-> 1,
    operations |->
        << [ type |-> "nodes",
             Operation |-> "add",
             sourceVertex |-> 0,
             shard |-> 1 ],
           [ type |-> "nodes",
             Operation |-> "add",
             sourceVertex |-> 1,
             shard |-> 1 ],
           [ type |-> "edges",
             Operation |-> "add",
             sourceVertex |-> 0,
             shard |-> 1,
             desVertex |-> 1 ] >>,
    shards |-> {1} ] :>
      1 @@
  [ type |-> "prepare",
    shard |-> 1,
    dst |-> -1,
    tn |-> 2,
    dependency |-> {},
    src |-> 1,
    operations |->
        << [ type |-> "nodes",
             Operation |-> "remove",
             sourceVertex |-> 0,
             shard |-> 1 ] >>,
    shards |-> {1} ] :>
      1 )
/\ failedNodes = {}
/\ pendingTransactions = <<3>>
/\ localTransactionHistory = << [ leadingEdge |-> {},
     committed |-> {},
     aborted |-> {2},
     prepared |-> {1},
     heuristic |-> {} ],
   [ leadingEdge |-> {},
     committed |-> {},
     aborted |-> {},
     prepared |-> {},
     heuristic |-> {} ],
   [ leadingEdge |-> {},
     committed |-> {},
     aborted |-> {},
     prepared |-> {},
     heuristic |-> {} ] >>
/\ localTransactionalGraph = <<<<{}, {}>>, << >>, << >>>>
/\ failedNodesCount = 0
/\ catchUpID = <<1, 1, 1>>
/\ lostMsgCount = 0
/\ rmState = ( <<1, 1, -1>> :> "follower" @@
  <<1, 1, 1>> :> "leader" @@
  <<1, 2, -1>> :> "follower" @@
  <<1, 2, 1>> :> "follower" @@
  <<1, 3, -1>> :> "follower" @@
  <<1, 3, 1>> :> "follower" @@
  <<2, 1, -1>> :> "follower" @@
  <<2, 1, 1>> :> "leader" @@
  <<2, 2, -1>> :> "follower" @@
  <<2, 2, 1>> :> "follower" @@
  <<2, 3, -1>> :> "follower" @@
  <<2, 3, 1>> :> "follower" @@
  <<3, 1, -1>> :> "follower" @@
  <<3, 1, 1>> :> "follower" @@
  <<3, 2, -1>> :> "follower" @@
  <<3, 2, 1>> :> "follower" @@
  <<3, 3, -1>> :> "follower" @@
  <<3, 3, 1>> :> "follower" )
/\ test = 0
/\ localNodesGraph = <<{}, {}, {}>>
/\ clientRequests = <<<<>>, <<>>, <<>>>>

@!@!@ENDMSG 2217 @!@!@
@!@!@STARTMSG 2217:4 @!@!@
4: <Next line 1387, col 13 to line 1387, col 25 of module twoPhaseSingleShard>
/\ msgs = ( [ type |-> "aborted",
    shard |-> 1,
    dst |-> 1,
    tn |-> 2,
    src |-> 1,
    shards |-> {1},
    leadingEdge |-> {} ] :>
      1 @@
  [ type |-> "prepared",
    shard |-> 1,
    dst |-> 1,
    tn |-> 1,
    src |-> 1,
    shards |-> {1},
    leadingEdge |-> {} ] :>
      1 @@
  [ type |-> "prepared",
    shard |-> 1,
    dst |-> 2,
    tn |-> 3,
    src |-> 2,
    shards |-> {1},
    leadingEdge |-> {} ] :>
      1 @@
  [ type |-> "abort",
    shard |-> 1,
    dst |-> -1,
    tn |-> 2,
    src |-> 1,
    operations |->
        << [ type |-> "nodes",
             Operation |-> "remove",
             sourceVertex |-> 0,
             shard |-> 1 ] >>,
    shards |-> {1} ] :>
      1 @@
  [ type |-> "prepare",
    shard |-> 1,
    dst |-> -1,
    tn |-> 1,
    dependency |-> {},
    src |-> 1,
    operations |->
        << [ type |-> "nodes",
             Operation |-> "add",
             sourceVertex |-> 0,
             shard |-> 1 ],
           [ type |-> "nodes",
             Operation |-> "add",
             sourceVertex |-> 1,
             shard |-> 1 ],
           [ type |-> "edges",
             Operation |-> "add",
             sourceVertex |-> 0,
             shard |-> 1,
             desVertex |-> 1 ] >>,
    shards |-> {1} ] :>
      1 @@
  [ type |-> "prepare",
    shard |-> 1,
    dst |-> -1,
    tn |-> 2,
    dependency |-> {},
    src |-> 1,
    operations |->
        << [ type |-> "nodes",
             Operation |-> "remove",
             sourceVertex |-> 0,
             shard |-> 1 ] >>,
    shards |-> {1} ] :>
      1 @@
  [ type |-> "prepare",
    shard |-> 1,
    dst |-> -1,
    tn |-> 3,
    dependency |-> {},
    src |-> 2,
    operations |->
        << [ type |-> "nodes",
             Operation |-> "add",
             sourceVertex |-> 5,
             shard |-> 1 ] >>,
    shards |-> {1} ] :>
      1 )
/\ failedNodes = {}
/\ pendingTransactions = <<>>
/\ localTransactionHistory = << [ leadingEdge |-> {},
     committed |-> {},
     aborted |-> {2},
     prepared |-> {1},
     heuristic |-> {} ],
   [ leadingEdge |-> {},
     committed |-> {},
     aborted |-> {},
     prepared |-> {3},
     heuristic |-> {} ],
   [ leadingEdge |-> {},
     committed |-> {},
     aborted |-> {},
     prepared |-> {},
     heuristic |-> {} ] >>
/\ localTransactionalGraph = <<<<{}, {}>>, (3 :> {}), << >>>>
/\ failedNodesCount = 0
/\ catchUpID = <<1, 1, 1>>
/\ lostMsgCount = 0
/\ rmState = ( <<1, 1, -1>> :> "follower" @@
  <<1, 1, 1>> :> "leader" @@
  <<1, 2, -1>> :> "follower" @@
  <<1, 2, 1>> :> "follower" @@
  <<1, 3, -1>> :> "follower" @@
  <<1, 3, 1>> :> "follower" @@
  <<2, 1, -1>> :> "follower" @@
  <<2, 1, 1>> :> "leader" @@
  <<2, 2, -1>> :> "follower" @@
  <<2, 2, 1>> :> "follower" @@
  <<2, 3, -1>> :> "follower" @@
  <<2, 3, 1>> :> "follower" @@
  <<3, 1, -1>> :> "follower" @@
  <<3, 1, 1>> :> "follower" @@
  <<3, 2, -1>> :> "follower" @@
  <<3, 2, 1>> :> "leader" @@
  <<3, 3, -1>> :> "follower" @@
  <<3, 3, 1>> :> "follower" )
/\ test = 0
/\ localNodesGraph = <<{}, {}, {}>>
/\ clientRequests = <<<<>>, <<>>, <<>>>>

@!@!@ENDMSG 2217 @!@!@
@!@!@STARTMSG 2103:1 @!@!@
The error occurred when TLC was evaluating the nested
expressions at the following positions:
0. Line 1387, column 13 to line 1387, column 25 in twoPhaseSingleShard
1. Line 1387, column 16 to line 1387, column 25 in twoPhaseSingleShard
2. Line 1277, column 3 to line 1286, column 58 in twoPhaseSingleShard
3. Line 1280, column 5 to line 1286, column 58 in twoPhaseSingleShard
4. Line 1280, column 8 to line 1280, column 82 in twoPhaseSingleShard
5. Line 1280, column 14 to line 1280, column 82 in twoPhaseSingleShard
6. Line 1280, column 19 to line 1280, column 82 in twoPhaseSingleShard
7. Line 1280, column 50 to line 1280, column 81 in twoPhaseSingleShard
8. Line 1280, column 68 to line 1280, column 80 in twoPhaseSingleShard
9. Line 1278, column 22 to line 1278, column 46 in twoPhaseSingleShard


@!@!@ENDMSG 2103 @!@!@
@!@!@STARTMSG 2201:0 @!@!@
The coverage statistics at 2025-08-10 23:31:32
@!@!@ENDMSG 2201 @!@!@
@!@!@STARTMSG 2773:0 @!@!@
<Init line 1343, col 2 to line 1343, col 5 of module twoPhaseSingleShard>: 2:2
@!@!@ENDMSG 2773 @!@!@
@!@!@STARTMSG 2775:0 @!@!@
  line 1350, col 16 to line 1350, col 80 of module twoPhaseSingleShard: 2:36
@!@!@ENDMSG 2775 @!@!@
@!@!@STARTMSG 2221:0 @!@!@
  |line 1350, col 23 to line 1350, col 26 of module twoPhaseSingleShard: 2
@!@!@ENDMSG 2221 @!@!@
@!@!@STARTMSG 2775:0 @!@!@
  ||line 1345, col 17 to line 1345, col 75 of module twoPhaseSingleShard: 2:50
@!@!@ENDMSG 2775 @!@!@
@!@!@STARTMSG 2221:0 @!@!@
  |||line 1345, col 19 to line 1345, col 39 of module twoPhaseSingleShard: 6
@!@!@ENDMSG 2221 @!@!@
@!@!@STARTMSG 2221:0 @!@!@
  |||line 1345, col 49 to line 1345, col 73 of module twoPhaseSingleShard: 2
@!@!@ENDMSG 2221 @!@!@
@!@!@STARTMSG 2221:0 @!@!@
  |line 1350, col 35 to line 1350, col 39 of module twoPhaseSingleShard: 2
@!@!@ENDMSG 2221 @!@!@
@!@!@STARTMSG 2221:0 @!@!@
  |line 1350, col 48 to line 1350, col 64 of module twoPhaseSingleShard: 2
@!@!@ENDMSG 2221 @!@!@
@!@!@STARTMSG 2221:0 @!@!@
  line 1351, col 6 to line 1351, col 28 of module twoPhaseSingleShard: 2
@!@!@ENDMSG 2221 @!@!@
@!@!@STARTMSG 2221:0 @!@!@
  line 1352, col 6 to line 1352, col 45 of module twoPhaseSingleShard: 2
@!@!@ENDMSG 2221 @!@!@
@!@!@STARTMSG 2221:0 @!@!@
  line 1353, col 6 to line 1353, col 44 of module twoPhaseSingleShard: 2
@!@!@ENDMSG 2221 @!@!@
@!@!@STARTMSG 2221:0 @!@!@
  line 1354, col 6 to line 1354, col 43 of module twoPhaseSingleShard: 2
@!@!@ENDMSG 2221 @!@!@
@!@!@STARTMSG 2221:0 @!@!@
  line 1355, col 6 to line 1359, col 6 of module twoPhaseSingleShard: 2
@!@!@ENDMSG 2221 @!@!@
@!@!@STARTMSG 2221:0 @!@!@
  line 1361, col 6 to line 1361, col 66 of module twoPhaseSingleShard: 2
@!@!@ENDMSG 2221 @!@!@
@!@!@STARTMSG 2221:0 @!@!@
  line 1362, col 6 to line 1362, col 36 of module twoPhaseSingleShard: 2
@!@!@ENDMSG 2221 @!@!@
@!@!@STARTMSG 2221:0 @!@!@
  line 1364, col 6 to line 1364, col 21 of module twoPhaseSingleShard: 2
@!@!@ENDMSG 2221 @!@!@
@!@!@STARTMSG 2221:0 @!@!@
  line 1366, col 6 to line 1366, col 13 of module twoPhaseSingleShard: 2
@!@!@ENDMSG 2221 @!@!@
@!@!@STARTMSG 2772:0 @!@!@
<Next line 1369, col 3 to line 1369, col 6 of module twoPhaseSingleShard (1370 8 1372 35)>: 36:78
@!@!@ENDMSG 2772 @!@!@
@!@!@STARTMSG 2221:0 @!@!@
  line 1210, col 7 to line 1210, col 26 of module twoPhaseSingleShard: 768
@!@!@ENDMSG 2221 @!@!@
@!@!@STARTMSG 2221:0 @!@!@
  |line 1210, col 7 to line 1210, col 14 of module twoPhaseSingleShard: 690
@!@!@ENDMSG 2221 @!@!@
@!@!@STARTMSG 2221:0 @!@!@
  line 1211, col 7 to line 1211, col 39 of module twoPhaseSingleShard: 261
@!@!@ENDMSG 2221 @!@!@
@!@!@STARTMSG 2221:0 @!@!@
  |line 1211, col 7 to line 1211, col 7 of module twoPhaseSingleShard: 183
@!@!@ENDMSG 2221 @!@!@
@!@!@STARTMSG 2221:0 @!@!@
  |line 1211, col 13 to line 1211, col 39 of module twoPhaseSingleShard: 183
@!@!@ENDMSG 2221 @!@!@
@!@!@STARTMSG 2221:0 @!@!@
  line 72, col 12 to line 72, col 39 of module twoPhaseSingleShard: 0
@!@!@ENDMSG 2221 @!@!@
@!@!@STARTMSG 2221:0 @!@!@
  line 72, col 12 to line 72, col 39 of module twoPhaseSingleShard: 0
@!@!@ENDMSG 2221 @!@!@
@!@!@STARTMSG 2221:0 @!@!@
  line 635, col 10 to line 635, col 53 of module twoPhaseSingleShard: 183
@!@!@ENDMSG 2221 @!@!@
@!@!@STARTMSG 2221:0 @!@!@
  line 637, col 12 to line 637, col 61 of module twoPhaseSingleShard: 103
@!@!@ENDMSG 2221 @!@!@
@!@!@STARTMSG 2221:0 @!@!@
  line 603, col 16 to line 609, col 77 of module twoPhaseSingleShard: 27
@!@!@ENDMSG 2221 @!@!@
@!@!@STARTMSG 2221:0 @!@!@
  line 610, col 16 to line 610, col 28 of module twoPhaseSingleShard: 27
@!@!@ENDMSG 2221 @!@!@
@!@!@STARTMSG 2221:0 @!@!@
  |line 610, col 17 to line 610, col 28 of module twoPhaseSingleShard: 27
@!@!@ENDMSG 2221 @!@!@
@!@!@STARTMSG 2221:0 @!@!@
  ||line 594, col 25 to line 594, col 52 of module twoPhaseSingleShard: 27
@!@!@ENDMSG 2221 @!@!@
@!@!@STARTMSG 2221:0 @!@!@
  |||line 594, col 25 to line 594, col 48 of module twoPhaseSingleShard: 27
@!@!@ENDMSG 2221 @!@!@
@!@!@STARTMSG 2221:0 @!@!@
  ||||line 594, col 37 to line 594, col 47 of module twoPhaseSingleShard: 27
@!@!@ENDMSG 2221 @!@!@
@!@!@STARTMSG 2221:0 @!@!@
  |||||line 589, col 24 to line 593, col 20 of module twoPhaseSingleShard: 27
@!@!@ENDMSG 2221 @!@!@
@!@!@STARTMSG 2221:0 @!@!@
  ||||||line 589, col 52 to line 592, col 50 of module twoPhaseSingleShard: 192
@!@!@ENDMSG 2221 @!@!@
@!@!@STARTMSG 2221:0 @!@!@
  |||||||line 589, col 52 to line 591, col 55 of module twoPhaseSingleShard: 192
@!@!@ENDMSG 2221 @!@!@
@!@!@STARTMSG 2221:0 @!@!@
  ||||||||line 589, col 52 to line 590, col 50 of module twoPhaseSingleShard: 192
@!@!@ENDMSG 2221 @!@!@
@!@!@STARTMSG 2221:0 @!@!@
  |||||||||line 589, col 52 to line 589, col 73 of module twoPhaseSingleShard: 192
@!@!@ENDMSG 2221 @!@!@
@!@!@STARTMSG 2221:0 @!@!@
  |||||||||line 590, col 42 to line 590, col 50 of module twoPhaseSingleShard: 74
@!@!@ENDMSG 2221 @!@!@
@!@!@STARTMSG 2221:0 @!@!@
  ||||||||line 591, col 42 to line 591, col 55 of module twoPhaseSingleShard: 74
@!@!@ENDMSG 2221 @!@!@
@!@!@STARTMSG 2221:0 @!@!@
  |||||||line 592, col 42 to line 592, col 50 of module twoPhaseSingleShard: 67
@!@!@ENDMSG 2221 @!@!@
@!@!@STARTMSG 2221:0 @!@!@
  ||||||line 589, col 31 to line 589, col 48 of module twoPhaseSingleShard: 27
@!@!@ENDMSG 2221 @!@!@
@!@!@STARTMSG 2775:0 @!@!@
  |||||||line 58, col 5 to line 58, col 47 of module twoPhaseSingleShard: 27:219
@!@!@ENDMSG 2775 @!@!@
@!@!@STARTMSG 2221:0 @!@!@
  ||||||||line 58, col 31 to line 58, col 45 of module twoPhaseSingleShard: 192
@!@!@ENDMSG 2221 @!@!@
@!@!@STARTMSG 2221:0 @!@!@
  ||||||||line 58, col 13 to line 58, col 27 of module twoPhaseSingleShard: 27
@!@!@ENDMSG 2221 @!@!@
@!@!@STARTMSG 2221:0 @!@!@
  |||||||line 589, col 44 to line 589, col 47 of module twoPhaseSingleShard: 27
@!@!@ENDMSG 2221 @!@!@
@!@!@STARTMSG 2221:0 @!@!@
  line 72, col 12 to line 72, col 39 of module twoPhaseSingleShard: 0
@!@!@ENDMSG 2221 @!@!@
@!@!@STARTMSG 2221:0 @!@!@
  line 646, col 16 to line 646, col 31 of module twoPhaseSingleShard: 0
@!@!@ENDMSG 2221 @!@!@
@!@!@STARTMSG 2221:0 @!@!@
  line 647, col 16 to line 647, col 195 of module twoPhaseSingleShard: 0
@!@!@ENDMSG 2221 @!@!@
@!@!@STARTMSG 2221:0 @!@!@
  line 648, col 18 to line 648, col 120 of module twoPhaseSingleShard: 76
@!@!@ENDMSG 2221 @!@!@
@!@!@STARTMSG 2221:0 @!@!@
  |line 648, col 18 to line 648, col 66 of module twoPhaseSingleShard: 76
@!@!@ENDMSG 2221 @!@!@
@!@!@STARTMSG 2221:0 @!@!@
  |line 648, col 71 to line 648, col 120 of module twoPhaseSingleShard: 16
@!@!@ENDMSG 2221 @!@!@
@!@!@STARTMSG 2221:0 @!@!@
  line 603, col 16 to line 609, col 77 of module twoPhaseSingleShard: 60
@!@!@ENDMSG 2221 @!@!@
@!@!@STARTMSG 2221:0 @!@!@
  line 72, col 12 to line 72, col 39 of module twoPhaseSingleShard: 0
@!@!@ENDMSG 2221 @!@!@
@!@!@STARTMSG 2221:0 @!@!@
  line 651, col 20 to line 651, col 35 of module twoPhaseSingleShard: 0
@!@!@ENDMSG 2221 @!@!@
@!@!@STARTMSG 2221:0 @!@!@
  line 652, col 20 to line 652, col 199 of module twoPhaseSingleShard: 0
@!@!@ENDMSG 2221 @!@!@
@!@!@STARTMSG 2221:0 @!@!@
  line 603, col 16 to line 609, col 77 of module twoPhaseSingleShard: 16
@!@!@ENDMSG 2221 @!@!@
@!@!@STARTMSG 2221:0 @!@!@
  line 72, col 12 to line 72, col 39 of module twoPhaseSingleShard: 0
@!@!@ENDMSG 2221 @!@!@
@!@!@STARTMSG 2221:0 @!@!@
  line 655, col 20 to line 655, col 35 of module twoPhaseSingleShard: 0
@!@!@ENDMSG 2221 @!@!@
@!@!@STARTMSG 2221:0 @!@!@
  line 656, col 20 to line 656, col 199 of module twoPhaseSingleShard: 0
@!@!@ENDMSG 2221 @!@!@
@!@!@STARTMSG 2221:0 @!@!@
  line 658, col 10 to line 658, col 115 of module twoPhaseSingleShard: 80
@!@!@ENDMSG 2221 @!@!@
@!@!@STARTMSG 2221:0 @!@!@
  line 661, col 14 to line 661, col 53 of module twoPhaseSingleShard: 78
@!@!@ENDMSG 2221 @!@!@
@!@!@STARTMSG 2221:0 @!@!@
  |line 661, col 15 to line 661, col 53 of module twoPhaseSingleShard: 78
@!@!@ENDMSG 2221 @!@!@
@!@!@STARTMSG 2221:0 @!@!@
  ||line 257, col 26 to line 257, col 73 of module twoPhaseSingleShard: 78
@!@!@ENDMSG 2221 @!@!@
@!@!@STARTMSG 2221:0 @!@!@
  |||line 257, col 51 to line 257, col 73 of module twoPhaseSingleShard: 29
@!@!@ENDMSG 2221 @!@!@
@!@!@STARTMSG 2221:0 @!@!@
  |||line 257, col 35 to line 257, col 47 of module twoPhaseSingleShard: 78
@!@!@ENDMSG 2221 @!@!@
@!@!@STARTMSG 2221:0 @!@!@
  ||line 253, col 22 to line 253, col 82 of module twoPhaseSingleShard: 28
@!@!@ENDMSG 2221 @!@!@
@!@!@STARTMSG 2221:0 @!@!@
  |||line 253, col 23 to line 253, col 51 of module twoPhaseSingleShard: 40
@!@!@ENDMSG 2221 @!@!@
@!@!@STARTMSG 2221:0 @!@!@
  |||line 253, col 62 to line 253, col 81 of module twoPhaseSingleShard: 28
@!@!@ENDMSG 2221 @!@!@
@!@!@STARTMSG 2221:0 @!@!@
  ||line 254, col 21 to line 254, col 58 of module twoPhaseSingleShard: 78
@!@!@ENDMSG 2221 @!@!@
@!@!@STARTMSG 2775:0 @!@!@
  ||line 256, col 24 to line 256, col 50 of module twoPhaseSingleShard: 78:107
@!@!@ENDMSG 2775 @!@!@
@!@!@STARTMSG 2221:0 @!@!@
  |||line 256, col 26 to line 256, col 29 of module twoPhaseSingleShard: 29
@!@!@ENDMSG 2221 @!@!@
@!@!@STARTMSG 2221:0 @!@!@
  ||||line 255, col 15 to line 255, col 79 of module twoPhaseSingleShard: 29
@!@!@ENDMSG 2221 @!@!@
@!@!@STARTMSG 2221:0 @!@!@
  |||||line 255, col 16 to line 255, col 46 of module twoPhaseSingleShard: 69
@!@!@ENDMSG 2221 @!@!@
@!@!@STARTMSG 2221:0 @!@!@
  |||||line 255, col 56 to line 255, col 78 of module twoPhaseSingleShard: 29
@!@!@ENDMSG 2221 @!@!@
@!@!@STARTMSG 2221:0 @!@!@
  ||||line 256, col 28 to line 256, col 28 of module twoPhaseSingleShard: 29
@!@!@ENDMSG 2221 @!@!@
@!@!@STARTMSG 2221:0 @!@!@
  |||line 256, col 39 to line 256, col 48 of module twoPhaseSingleShard: 78
@!@!@ENDMSG 2221 @!@!@
@!@!@STARTMSG 2221:0 @!@!@
  ||line 262, col 7 to line 262, col 21 of module twoPhaseSingleShard: 78
@!@!@ENDMSG 2221 @!@!@
@!@!@STARTMSG 2221:0 @!@!@
  ||line 661, col 38 to line 661, col 38 of module twoPhaseSingleShard: 78
@!@!@ENDMSG 2221 @!@!@
@!@!@STARTMSG 2221:0 @!@!@
  ||line 661, col 41 to line 661, col 52 of module twoPhaseSingleShard: 28
@!@!@ENDMSG 2221 @!@!@
@!@!@STARTMSG 2221:0 @!@!@
  line 664, col 16 to line 666, col 177 of module twoPhaseSingleShard: 57
@!@!@ENDMSG 2221 @!@!@
@!@!@STARTMSG 2221:0 @!@!@
  line 667, col 16 to line 667, col 129 of module twoPhaseSingleShard: 57
@!@!@ENDMSG 2221 @!@!@
@!@!@STARTMSG 2221:0 @!@!@
  line 668, col 16 to line 668, col 121 of module twoPhaseSingleShard: 57
@!@!@ENDMSG 2221 @!@!@
@!@!@STARTMSG 2221:0 @!@!@
  line 669, col 16 to line 669, col 28 of module twoPhaseSingleShard: 114
@!@!@ENDMSG 2221 @!@!@
@!@!@STARTMSG 2221:0 @!@!@
  |line 669, col 17 to line 669, col 28 of module twoPhaseSingleShard: 57
@!@!@ENDMSG 2221 @!@!@
@!@!@STARTMSG 2221:0 @!@!@
  ||line 594, col 25 to line 594, col 52 of module twoPhaseSingleShard: 57
@!@!@ENDMSG 2221 @!@!@
@!@!@STARTMSG 2221:0 @!@!@
  |||line 594, col 25 to line 594, col 48 of module twoPhaseSingleShard: 57
@!@!@ENDMSG 2221 @!@!@
@!@!@STARTMSG 2221:0 @!@!@
  ||||line 594, col 37 to line 594, col 47 of module twoPhaseSingleShard: 57
@!@!@ENDMSG 2221 @!@!@
@!@!@STARTMSG 2221:0 @!@!@
  |||||line 589, col 24 to line 593, col 20 of module twoPhaseSingleShard: 57
@!@!@ENDMSG 2221 @!@!@
@!@!@STARTMSG 2221:0 @!@!@
  ||||||line 589, col 52 to line 592, col 50 of module twoPhaseSingleShard: 351
@!@!@ENDMSG 2221 @!@!@
@!@!@STARTMSG 2221:0 @!@!@
  |||||||line 589, col 52 to line 591, col 55 of module twoPhaseSingleShard: 351
@!@!@ENDMSG 2221 @!@!@
@!@!@STARTMSG 2221:0 @!@!@
  ||||||||line 589, col 52 to line 590, col 50 of module twoPhaseSingleShard: 351
@!@!@ENDMSG 2221 @!@!@
@!@!@STARTMSG 2221:0 @!@!@
  |||||||||line 589, col 52 to line 589, col 73 of module twoPhaseSingleShard: 351
@!@!@ENDMSG 2221 @!@!@
@!@!@STARTMSG 2221:0 @!@!@
  |||||||||line 590, col 42 to line 590, col 50 of module twoPhaseSingleShard: 112
@!@!@ENDMSG 2221 @!@!@
@!@!@STARTMSG 2221:0 @!@!@
  ||||||||line 591, col 42 to line 591, col 55 of module twoPhaseSingleShard: 94
@!@!@ENDMSG 2221 @!@!@
@!@!@STARTMSG 2221:0 @!@!@
  |||||||line 592, col 42 to line 592, col 50 of module twoPhaseSingleShard: 60
@!@!@ENDMSG 2221 @!@!@
@!@!@STARTMSG 2221:0 @!@!@
  ||||||line 589, col 31 to line 589, col 48 of module twoPhaseSingleShard: 57
@!@!@ENDMSG 2221 @!@!@
@!@!@STARTMSG 2775:0 @!@!@
  |||||||line 58, col 5 to line 58, col 47 of module twoPhaseSingleShard: 57:408
@!@!@ENDMSG 2775 @!@!@
@!@!@STARTMSG 2221:0 @!@!@
  ||||||||line 58, col 31 to line 58, col 45 of module twoPhaseSingleShard: 351
@!@!@ENDMSG 2221 @!@!@
@!@!@STARTMSG 2221:0 @!@!@
  ||||||||line 58, col 13 to line 58, col 27 of module twoPhaseSingleShard: 57
@!@!@ENDMSG 2221 @!@!@
@!@!@STARTMSG 2221:0 @!@!@
  |||||||line 589, col 44 to line 589, col 47 of module twoPhaseSingleShard: 57
@!@!@ENDMSG 2221 @!@!@
@!@!@STARTMSG 2221:0 @!@!@
  line 670, col 16 to line 670, col 27 of module twoPhaseSingleShard: 114
@!@!@ENDMSG 2221 @!@!@
@!@!@STARTMSG 2221:0 @!@!@
  |line 670, col 17 to line 670, col 27 of module twoPhaseSingleShard: 57
@!@!@ENDMSG 2221 @!@!@
@!@!@STARTMSG 2221:0 @!@!@
  ||line 600, col 24 to line 600, col 44 of module twoPhaseSingleShard: 57
@!@!@ENDMSG 2221 @!@!@
@!@!@STARTMSG 2221:0 @!@!@
  |||line 600, col 24 to line 600, col 40 of module twoPhaseSingleShard: 57
@!@!@ENDMSG 2221 @!@!@
@!@!@STARTMSG 2221:0 @!@!@
  ||||line 600, col 36 to line 600, col 39 of module twoPhaseSingleShard: 57
@!@!@ENDMSG 2221 @!@!@
@!@!@STARTMSG 2221:0 @!@!@
  |||||line 595, col 17 to line 599, col 20 of module twoPhaseSingleShard: 57
@!@!@ENDMSG 2221 @!@!@
@!@!@STARTMSG 2221:0 @!@!@
  ||||||line 595, col 45 to line 598, col 50 of module twoPhaseSingleShard: 351
@!@!@ENDMSG 2221 @!@!@
@!@!@STARTMSG 2221:0 @!@!@
  |||||||line 595, col 45 to line 597, col 55 of module twoPhaseSingleShard: 351
@!@!@ENDMSG 2221 @!@!@
@!@!@STARTMSG 2221:0 @!@!@
  ||||||||line 595, col 45 to line 596, col 50 of module twoPhaseSingleShard: 351
@!@!@ENDMSG 2221 @!@!@
@!@!@STARTMSG 2221:0 @!@!@
  |||||||||line 595, col 45 to line 595, col 65 of module twoPhaseSingleShard: 351
@!@!@ENDMSG 2221 @!@!@
@!@!@STARTMSG 2221:0 @!@!@
  |||||||||line 596, col 42 to line 596, col 50 of module twoPhaseSingleShard: 44
@!@!@ENDMSG 2221 @!@!@
@!@!@STARTMSG 2221:0 @!@!@
  ||||||||line 597, col 42 to line 597, col 55 of module twoPhaseSingleShard: 38
@!@!@ENDMSG 2221 @!@!@
@!@!@STARTMSG 2221:0 @!@!@
  |||||||line 598, col 42 to line 598, col 50 of module twoPhaseSingleShard: 19
@!@!@ENDMSG 2221 @!@!@
@!@!@STARTMSG 2221:0 @!@!@
  ||||||line 595, col 24 to line 595, col 41 of module twoPhaseSingleShard: 57
@!@!@ENDMSG 2221 @!@!@
@!@!@STARTMSG 2775:0 @!@!@
  |||||||line 58, col 5 to line 58, col 47 of module twoPhaseSingleShard: 57:408
@!@!@ENDMSG 2775 @!@!@
@!@!@STARTMSG 2221:0 @!@!@
  ||||||||line 58, col 31 to line 58, col 45 of module twoPhaseSingleShard: 351
@!@!@ENDMSG 2221 @!@!@
@!@!@STARTMSG 2221:0 @!@!@
  ||||||||line 58, col 13 to line 58, col 27 of module twoPhaseSingleShard: 57
@!@!@ENDMSG 2221 @!@!@
@!@!@STARTMSG 2221:0 @!@!@
  |||||||line 595, col 37 to line 595, col 40 of module twoPhaseSingleShard: 57
@!@!@ENDMSG 2221 @!@!@
@!@!@STARTMSG 2221:0 @!@!@
  line 671, col 16 to line 671, col 39 of module twoPhaseSingleShard: 57
@!@!@ENDMSG 2221 @!@!@
@!@!@STARTMSG 2221:0 @!@!@
  line 672, col 16 to line 672, col 31 of module twoPhaseSingleShard: 57
@!@!@ENDMSG 2221 @!@!@
@!@!@STARTMSG 2221:0 @!@!@
  line 673, col 16 to line 674, col 74 of module twoPhaseSingleShard: 57
@!@!@ENDMSG 2221 @!@!@
@!@!@STARTMSG 2221:0 @!@!@
  line 72, col 12 to line 72, col 39 of module twoPhaseSingleShard: 19
@!@!@ENDMSG 2221 @!@!@
@!@!@STARTMSG 2221:0 @!@!@
  |line 72, col 20 to line 72, col 39 of module twoPhaseSingleShard: 21
@!@!@ENDMSG 2221 @!@!@
@!@!@STARTMSG 2221:0 @!@!@
  ||line 61, col 5 to line 64, col 28 of module twoPhaseSingleShard: 21
@!@!@ENDMSG 2221 @!@!@
@!@!@STARTMSG 2221:0 @!@!@
  |||line 61, col 8 to line 61, col 28 of module twoPhaseSingleShard: 21
@!@!@ENDMSG 2221 @!@!@
@!@!@STARTMSG 2221:0 @!@!@
  |||line 62, col 9 to line 62, col 48 of module twoPhaseSingleShard: 2
@!@!@ENDMSG 2221 @!@!@
@!@!@STARTMSG 2221:0 @!@!@
  |||line 64, col 9 to line 64, col 28 of module twoPhaseSingleShard: 19
@!@!@ENDMSG 2221 @!@!@
@!@!@STARTMSG 2221:0 @!@!@
  ||line 72, col 32 to line 72, col 32 of module twoPhaseSingleShard: 21
@!@!@ENDMSG 2221 @!@!@
@!@!@STARTMSG 2221:0 @!@!@
  ||line 72, col 35 to line 72, col 38 of module twoPhaseSingleShard: 21
@!@!@ENDMSG 2221 @!@!@
@!@!@STARTMSG 2221:0 @!@!@
  line 623, col 18 to line 630, col 17 of module twoPhaseSingleShard: 21
@!@!@ENDMSG 2221 @!@!@
@!@!@STARTMSG 2221:0 @!@!@
  |line 623, col 19 to line 623, col 34 of module twoPhaseSingleShard: 21
@!@!@ENDMSG 2221 @!@!@
@!@!@STARTMSG 2221:0 @!@!@
  |line 624, col 20 to line 624, col 33 of module twoPhaseSingleShard: 21
@!@!@ENDMSG 2221 @!@!@
@!@!@STARTMSG 2221:0 @!@!@
  |line 625, col 20 to line 625, col 28 of module twoPhaseSingleShard: 21
@!@!@ENDMSG 2221 @!@!@
@!@!@STARTMSG 2221:0 @!@!@
  |line 626, col 20 to line 626, col 28 of module twoPhaseSingleShard: 21
@!@!@ENDMSG 2221 @!@!@
@!@!@STARTMSG 2221:0 @!@!@
  |line 627, col 20 to line 627, col 40 of module twoPhaseSingleShard: 21
@!@!@ENDMSG 2221 @!@!@
@!@!@STARTMSG 2221:0 @!@!@
  |line 628, col 20 to line 628, col 38 of module twoPhaseSingleShard: 21
@!@!@ENDMSG 2221 @!@!@
@!@!@STARTMSG 2221:0 @!@!@
  |line 629, col 36 to line 629, col 53 of module twoPhaseSingleShard: 21
@!@!@ENDMSG 2221 @!@!@
@!@!@STARTMSG 2221:0 @!@!@
  ||line 620, col 31 to line 620, col 149 of module twoPhaseSingleShard: 21
@!@!@ENDMSG 2221 @!@!@
@!@!@STARTMSG 2221:0 @!@!@
  |||line 620, col 32 to line 620, col 126 of module twoPhaseSingleShard: 21
@!@!@ENDMSG 2221 @!@!@
@!@!@STARTMSG 2221:0 @!@!@
  ||||line 620, col 32 to line 620, col 72 of module twoPhaseSingleShard: 21
@!@!@ENDMSG 2221 @!@!@
@!@!@STARTMSG 2221:0 @!@!@
  ||||line 620, col 76 to line 620, col 126 of module twoPhaseSingleShard: 21
@!@!@ENDMSG 2221 @!@!@
@!@!@STARTMSG 2221:0 @!@!@
  |||||line 578, col 3 to line 578, col 30 of module twoPhaseSingleShard: 21
@!@!@ENDMSG 2221 @!@!@
@!@!@STARTMSG 2221:0 @!@!@
  ||||||line 578, col 9 to line 578, col 30 of module twoPhaseSingleShard: 21
@!@!@ENDMSG 2221 @!@!@
@!@!@STARTMSG 2221:0 @!@!@
  |||||||line 578, col 10 to line 578, col 15 of module twoPhaseSingleShard: 6
@!@!@ENDMSG 2221 @!@!@
@!@!@STARTMSG 2221:0 @!@!@
  |||||||line 578, col 25 to line 578, col 29 of module twoPhaseSingleShard: 21
@!@!@ENDMSG 2221 @!@!@
@!@!@STARTMSG 2221:0 @!@!@
  |||||line 620, col 84 to line 620, col 97 of module twoPhaseSingleShard: 21
@!@!@ENDMSG 2221 @!@!@
@!@!@STARTMSG 2221:0 @!@!@
  |||||line 620, col 100 to line 620, col 125 of module twoPhaseSingleShard: 6
@!@!@ENDMSG 2221 @!@!@
@!@!@STARTMSG 2221:0 @!@!@
  |||line 620, col 136 to line 620, col 149 of module twoPhaseSingleShard: 21
@!@!@ENDMSG 2221 @!@!@
@!@!@STARTMSG 2221:0 @!@!@
  line 678, col 16 to line 678, col 27 of module twoPhaseSingleShard: 40
@!@!@ENDMSG 2221 @!@!@
@!@!@STARTMSG 2221:0 @!@!@
  |line 678, col 17 to line 678, col 27 of module twoPhaseSingleShard: 21
@!@!@ENDMSG 2221 @!@!@
@!@!@STARTMSG 2221:0 @!@!@
  ||line 600, col 24 to line 600, col 44 of module twoPhaseSingleShard: 21
@!@!@ENDMSG 2221 @!@!@
@!@!@STARTMSG 2221:0 @!@!@
  |||line 600, col 24 to line 600, col 40 of module twoPhaseSingleShard: 21
@!@!@ENDMSG 2221 @!@!@
@!@!@STARTMSG 2221:0 @!@!@
  ||||line 600, col 36 to line 600, col 39 of module twoPhaseSingleShard: 21
@!@!@ENDMSG 2221 @!@!@
@!@!@STARTMSG 2221:0 @!@!@
  |||||line 595, col 17 to line 599, col 20 of module twoPhaseSingleShard: 21
@!@!@ENDMSG 2221 @!@!@
@!@!@STARTMSG 2221:0 @!@!@
  ||||||line 595, col 45 to line 598, col 50 of module twoPhaseSingleShard: 152
@!@!@ENDMSG 2221 @!@!@
@!@!@STARTMSG 2221:0 @!@!@
  |||||||line 595, col 45 to line 597, col 55 of module twoPhaseSingleShard: 152
@!@!@ENDMSG 2221 @!@!@
@!@!@STARTMSG 2221:0 @!@!@
  ||||||||line 595, col 45 to line 596, col 50 of module twoPhaseSingleShard: 152
@!@!@ENDMSG 2221 @!@!@
@!@!@STARTMSG 2221:0 @!@!@
  |||||||||line 595, col 45 to line 595, col 65 of module twoPhaseSingleShard: 152
@!@!@ENDMSG 2221 @!@!@
@!@!@STARTMSG 2221:0 @!@!@
  |||||||||line 596, col 42 to line 596, col 50 of module twoPhaseSingleShard: 17
@!@!@ENDMSG 2221 @!@!@
@!@!@STARTMSG 2221:0 @!@!@
  ||||||||line 597, col 42 to line 597, col 55 of module twoPhaseSingleShard: 17
@!@!@ENDMSG 2221 @!@!@
@!@!@STARTMSG 2221:0 @!@!@
  |||||||line 598, col 42 to line 598, col 50 of module twoPhaseSingleShard: 13
@!@!@ENDMSG 2221 @!@!@
@!@!@STARTMSG 2221:0 @!@!@
  ||||||line 595, col 24 to line 595, col 41 of module twoPhaseSingleShard: 21
@!@!@ENDMSG 2221 @!@!@
@!@!@STARTMSG 2775:0 @!@!@
  |||||||line 58, col 5 to line 58, col 47 of module twoPhaseSingleShard: 21:173
@!@!@ENDMSG 2775 @!@!@
@!@!@STARTMSG 2221:0 @!@!@
  ||||||||line 58, col 31 to line 58, col 45 of module twoPhaseSingleShard: 152
@!@!@ENDMSG 2221 @!@!@
@!@!@STARTMSG 2221:0 @!@!@
  ||||||||line 58, col 13 to line 58, col 27 of module twoPhaseSingleShard: 21
@!@!@ENDMSG 2221 @!@!@
@!@!@STARTMSG 2221:0 @!@!@
  |||||||line 595, col 37 to line 595, col 40 of module twoPhaseSingleShard: 21
@!@!@ENDMSG 2221 @!@!@
@!@!@STARTMSG 2221:0 @!@!@
  line 679, col 16 to line 679, col 31 of module twoPhaseSingleShard: 19
@!@!@ENDMSG 2221 @!@!@
@!@!@STARTMSG 2221:0 @!@!@
  line 680, col 16 to line 681, col 140 of module twoPhaseSingleShard: 19
@!@!@ENDMSG 2221 @!@!@
@!@!@STARTMSG 2221:0 @!@!@
  line 683, col 13 to line 683, col 28 of module twoPhaseSingleShard: 2
@!@!@ENDMSG 2221 @!@!@
@!@!@STARTMSG 2221:0 @!@!@
  line 685, col 14 to line 685, col 25 of module twoPhaseSingleShard: 4
@!@!@ENDMSG 2221 @!@!@
@!@!@STARTMSG 2221:0 @!@!@
  |line 685, col 15 to line 685, col 25 of module twoPhaseSingleShard: 2
@!@!@ENDMSG 2221 @!@!@
@!@!@STARTMSG 2221:0 @!@!@
  ||line 600, col 24 to line 600, col 44 of module twoPhaseSingleShard: 2
@!@!@ENDMSG 2221 @!@!@
@!@!@STARTMSG 2221:0 @!@!@
  |||line 600, col 24 to line 600, col 40 of module twoPhaseSingleShard: 2
@!@!@ENDMSG 2221 @!@!@
@!@!@STARTMSG 2221:0 @!@!@
  ||||line 600, col 36 to line 600, col 39 of module twoPhaseSingleShard: 2
@!@!@ENDMSG 2221 @!@!@
@!@!@STARTMSG 2221:0 @!@!@
  |||||line 595, col 17 to line 599, col 20 of module twoPhaseSingleShard: 2
@!@!@ENDMSG 2221 @!@!@
@!@!@STARTMSG 2221:0 @!@!@
  ||||||line 595, col 45 to line 598, col 50 of module twoPhaseSingleShard: 14
@!@!@ENDMSG 2221 @!@!@
@!@!@STARTMSG 2221:0 @!@!@
  ||||||line 595, col 24 to line 595, col 41 of module twoPhaseSingleShard: 2
@!@!@ENDMSG 2221 @!@!@
@!@!@STARTMSG 2775:0 @!@!@
  |||||||line 58, col 5 to line 58, col 47 of module twoPhaseSingleShard: 2:16
@!@!@ENDMSG 2775 @!@!@
@!@!@STARTMSG 2221:0 @!@!@
  ||||||||line 58, col 31 to line 58, col 45 of module twoPhaseSingleShard: 14
@!@!@ENDMSG 2221 @!@!@
@!@!@STARTMSG 2221:0 @!@!@
  ||||||||line 58, col 13 to line 58, col 27 of module twoPhaseSingleShard: 2
@!@!@ENDMSG 2221 @!@!@
@!@!@STARTMSG 2221:0 @!@!@
  |||||||line 595, col 37 to line 595, col 40 of module twoPhaseSingleShard: 2
@!@!@ENDMSG 2221 @!@!@
@!@!@STARTMSG 2221:0 @!@!@
  line 686, col 14 to line 686, col 180 of module twoPhaseSingleShard: 2
@!@!@ENDMSG 2221 @!@!@
@!@!@STARTMSG 2221:0 @!@!@
  line 687, col 14 to line 687, col 194 of module twoPhaseSingleShard: 2
@!@!@ENDMSG 2221 @!@!@
@!@!@STARTMSG 2221:0 @!@!@
  line 1216, col 18 to line 1216, col 23 of module twoPhaseSingleShard: 183
@!@!@ENDMSG 2221 @!@!@
@!@!@STARTMSG 2221:0 @!@!@
  line 1216, col 26 to line 1216, col 26 of module twoPhaseSingleShard: 183
@!@!@ENDMSG 2221 @!@!@
@!@!@STARTMSG 2221:0 @!@!@
  line 1216, col 29 to line 1216, col 35 of module twoPhaseSingleShard: 183
@!@!@ENDMSG 2221 @!@!@
@!@!@STARTMSG 2221:0 @!@!@
  line 1216, col 38 to line 1216, col 51 of module twoPhaseSingleShard: 80
@!@!@ENDMSG 2221 @!@!@
@!@!@STARTMSG 2221:0 @!@!@
  line 1216, col 54 to line 1216, col 67 of module twoPhaseSingleShard: 28
@!@!@ENDMSG 2221 @!@!@
@!@!@STARTMSG 2221:0 @!@!@
  line 1216, col 70 to line 1216, col 79 of module twoPhaseSingleShard: 183
@!@!@ENDMSG 2221 @!@!@
@!@!@STARTMSG 2221:0 @!@!@
  line 1216, col 82 to line 1216, col 90 of module twoPhaseSingleShard: 183
@!@!@ENDMSG 2221 @!@!@
@!@!@STARTMSG 2221:0 @!@!@
  line 1371, col 28 to line 1371, col 28 of module twoPhaseSingleShard: 183
@!@!@ENDMSG 2221 @!@!@
@!@!@STARTMSG 2221:0 @!@!@
  line 1371, col 30 to line 1371, col 30 of module twoPhaseSingleShard: 690
@!@!@ENDMSG 2221 @!@!@
@!@!@STARTMSG 2221:0 @!@!@
  line 1372, col 16 to line 1372, col 35 of module twoPhaseSingleShard: 78
@!@!@ENDMSG 2221 @!@!@
@!@!@STARTMSG 2221:0 @!@!@
  line 1370, col 17 to line 1370, col 21 of module twoPhaseSingleShard: 39
@!@!@ENDMSG 2221 @!@!@
@!@!@STARTMSG 2221:0 @!@!@
  line 1370, col 30 to line 1370, col 47 of module twoPhaseSingleShard: 39
@!@!@ENDMSG 2221 @!@!@
@!@!@STARTMSG 2775:0 @!@!@
  |line 58, col 5 to line 58, col 47 of module twoPhaseSingleShard: 39:269
@!@!@ENDMSG 2775 @!@!@
@!@!@STARTMSG 2221:0 @!@!@
  ||line 58, col 31 to line 58, col 45 of module twoPhaseSingleShard: 230
@!@!@ENDMSG 2221 @!@!@
@!@!@STARTMSG 2221:0 @!@!@
  ||line 58, col 13 to line 58, col 27 of module twoPhaseSingleShard: 39
@!@!@ENDMSG 2221 @!@!@
@!@!@STARTMSG 2221:0 @!@!@
  |line 1370, col 43 to line 1370, col 46 of module twoPhaseSingleShard: 39
@!@!@ENDMSG 2221 @!@!@
@!@!@STARTMSG 2772:0 @!@!@
<Next line 1369, col 3 to line 1369, col 6 of module twoPhaseSingleShard (1373 8 1375 35)>: 13:24
@!@!@ENDMSG 2772 @!@!@
@!@!@STARTMSG 2221:0 @!@!@
  line 1235, col 7 to line 1235, col 25 of module twoPhaseSingleShard: 714
@!@!@ENDMSG 2221 @!@!@
@!@!@STARTMSG 2221:0 @!@!@
  |line 1235, col 7 to line 1235, col 14 of module twoPhaseSingleShard: 690
@!@!@ENDMSG 2221 @!@!@
@!@!@STARTMSG 2221:0 @!@!@
  line 1236, col 7 to line 1236, col 39 of module twoPhaseSingleShard: 78
@!@!@ENDMSG 2221 @!@!@
@!@!@STARTMSG 2221:0 @!@!@
  |line 1236, col 7 to line 1236, col 7 of module twoPhaseSingleShard: 54
@!@!@ENDMSG 2221 @!@!@
@!@!@STARTMSG 2221:0 @!@!@
  |line 1236, col 13 to line 1236, col 39 of module twoPhaseSingleShard: 54
@!@!@ENDMSG 2221 @!@!@
@!@!@STARTMSG 2221:0 @!@!@
  line 730, col 6 to line 730, col 49 of module twoPhaseSingleShard: 54
@!@!@ENDMSG 2221 @!@!@
@!@!@STARTMSG 2221:0 @!@!@
  line 732, col 6 to line 732, col 45 of module twoPhaseSingleShard: 59
@!@!@ENDMSG 2221 @!@!@
@!@!@STARTMSG 2221:0 @!@!@
  |line 732, col 6 to line 732, col 34 of module twoPhaseSingleShard: 43
@!@!@ENDMSG 2221 @!@!@
@!@!@STARTMSG 2221:0 @!@!@
  line 733, col 6 to line 733, col 54 of module twoPhaseSingleShard: 59
@!@!@ENDMSG 2221 @!@!@
@!@!@STARTMSG 2221:0 @!@!@
  |line 733, col 6 to line 733, col 11 of module twoPhaseSingleShard: 43
@!@!@ENDMSG 2221 @!@!@
@!@!@STARTMSG 2221:0 @!@!@
  |line 733, col 17 to line 733, col 54 of module twoPhaseSingleShard: 43
@!@!@ENDMSG 2221 @!@!@
@!@!@STARTMSG 2221:0 @!@!@
  line 736, col 6 to line 738, col 195 of module twoPhaseSingleShard: 16
@!@!@ENDMSG 2221 @!@!@
@!@!@STARTMSG 2221:0 @!@!@
  line 739, col 6 to line 739, col 98 of module twoPhaseSingleShard: 16
@!@!@ENDMSG 2221 @!@!@
@!@!@STARTMSG 2221:0 @!@!@
  |line 739, col 25 to line 739, col 98 of module twoPhaseSingleShard: 16
@!@!@ENDMSG 2221 @!@!@
@!@!@STARTMSG 2221:0 @!@!@
  ||line 739, col 26 to line 739, col 40 of module twoPhaseSingleShard: 16
@!@!@ENDMSG 2221 @!@!@
@!@!@STARTMSG 2221:0 @!@!@
  ||line 739, col 48 to line 739, col 97 of module twoPhaseSingleShard: 16
@!@!@ENDMSG 2221 @!@!@
@!@!@STARTMSG 2221:0 @!@!@
  ||line 739, col 56 to line 739, col 97 of module twoPhaseSingleShard: 16
@!@!@ENDMSG 2221 @!@!@
@!@!@STARTMSG 2221:0 @!@!@
  |||line 222, col 3 to line 222, col 36 of module twoPhaseSingleShard: 16
@!@!@ENDMSG 2221 @!@!@
@!@!@STARTMSG 2221:0 @!@!@
  ||||line 214, col 5 to line 219, col 13 of module twoPhaseSingleShard: 64
@!@!@ENDMSG 2221 @!@!@
@!@!@STARTMSG 2221:0 @!@!@
  |||||line 214, col 8 to line 214, col 48 of module twoPhaseSingleShard: 64
@!@!@ENDMSG 2221 @!@!@
@!@!@STARTMSG 2221:0 @!@!@
  |||||line 216, col 9 to line 217, col 90 of module twoPhaseSingleShard: 64
@!@!@ENDMSG 2221 @!@!@
@!@!@STARTMSG 2221:0 @!@!@
  ||||||line 216, col 12 to line 216, col 21 of module twoPhaseSingleShard: 64
@!@!@ENDMSG 2221 @!@!@
@!@!@STARTMSG 2221:0 @!@!@
  ||||||line 216, col 28 to line 216, col 28 of module twoPhaseSingleShard: 16
@!@!@ENDMSG 2221 @!@!@
@!@!@STARTMSG 2221:0 @!@!@
  ||||||line 217, col 14 to line 217, col 90 of module twoPhaseSingleShard: 48
@!@!@ENDMSG 2221 @!@!@
@!@!@STARTMSG 2221:0 @!@!@
  |||||||line 217, col 30 to line 217, col 38 of module twoPhaseSingleShard: 48
@!@!@ENDMSG 2221 @!@!@
@!@!@STARTMSG 2221:0 @!@!@
  |||||||line 217, col 41 to line 217, col 46 of module twoPhaseSingleShard: 32
@!@!@ENDMSG 2221 @!@!@
@!@!@STARTMSG 2221:0 @!@!@
  |||||||line 217, col 50 to line 217, col 78 of module twoPhaseSingleShard: 48
@!@!@ENDMSG 2221 @!@!@
@!@!@STARTMSG 2221:0 @!@!@
  ||||||||line 170, col 5 to line 210, col 9 of module twoPhaseSingleShard: 48
@!@!@ENDMSG 2221 @!@!@
@!@!@STARTMSG 2221:0 @!@!@
  |||||||||line 170, col 8 to line 170, col 44 of module twoPhaseSingleShard: 48
@!@!@ENDMSG 2221 @!@!@
@!@!@STARTMSG 2221:0 @!@!@
  |||||||||line 172, col 9 to line 208, col 39 of module twoPhaseSingleShard: 48
@!@!@ENDMSG 2221 @!@!@
@!@!@STARTMSG 2221:0 @!@!@
  ||||||||||line 172, col 14 to line 172, col 54 of module twoPhaseSingleShard: 48
@!@!@ENDMSG 2221 @!@!@
@!@!@STARTMSG 2221:0 @!@!@
  |||||||||||line 172, col 14 to line 172, col 30 of module twoPhaseSingleShard: 48
@!@!@ENDMSG 2221 @!@!@
@!@!@STARTMSG 2221:0 @!@!@
  |||||||||||line 172, col 35 to line 172, col 54 of module twoPhaseSingleShard: 32
@!@!@ENDMSG 2221 @!@!@
@!@!@STARTMSG 2221:0 @!@!@
  ||||||||||line 172, col 61 to line 172, col 119 of module twoPhaseSingleShard: 32
@!@!@ENDMSG 2221 @!@!@
@!@!@STARTMSG 2221:0 @!@!@
  ||||||||||line 173, col 12 to line 184, col 20 of module twoPhaseSingleShard: 16
@!@!@ENDMSG 2221 @!@!@
@!@!@STARTMSG 2221:0 @!@!@
  ||||||||||line 185, col 12 to line 185, col 52 of module twoPhaseSingleShard: 16
@!@!@ENDMSG 2221 @!@!@
@!@!@STARTMSG 2221:0 @!@!@
  ||||||||||line 194, col 9 to line 194, col 30 of module twoPhaseSingleShard: 16
@!@!@ENDMSG 2221 @!@!@
@!@!@STARTMSG 2221:0 @!@!@
  |||||||||||line 194, col 10 to line 194, col 19 of module twoPhaseSingleShard: 32
@!@!@ENDMSG 2221 @!@!@
@!@!@STARTMSG 2221:0 @!@!@
  ||||||||||||line 188, col 17 to line 192, col 26 of module twoPhaseSingleShard: 32
@!@!@ENDMSG 2221 @!@!@
@!@!@STARTMSG 2221:0 @!@!@
  |||||||||||||line 188, col 20 to line 188, col 45 of module twoPhaseSingleShard: 32
@!@!@ENDMSG 2221 @!@!@
@!@!@STARTMSG 2221:0 @!@!@
  |||||||||||||line 189, col 25 to line 189, col 96 of module twoPhaseSingleShard: 16
@!@!@ENDMSG 2221 @!@!@
@!@!@STARTMSG 2221:0 @!@!@
  |||||||||||||line 192, col 26 to line 192, col 26 of module twoPhaseSingleShard: 16
@!@!@ENDMSG 2221 @!@!@
@!@!@STARTMSG 2221:0 @!@!@
  ||||||||||||line 194, col 18 to line 194, col 18 of module twoPhaseSingleShard: 32
@!@!@ENDMSG 2221 @!@!@
@!@!@STARTMSG 2221:0 @!@!@
  |||||||||||line 194, col 29 to line 194, col 29 of module twoPhaseSingleShard: 16
@!@!@ENDMSG 2221 @!@!@
@!@!@STARTMSG 2221:0 @!@!@
  ||||||||line 217, col 58 to line 217, col 66 of module twoPhaseSingleShard: 48
@!@!@ENDMSG 2221 @!@!@
@!@!@STARTMSG 2221:0 @!@!@
  ||||||||line 217, col 69 to line 217, col 74 of module twoPhaseSingleShard: 48
@!@!@ENDMSG 2221 @!@!@
@!@!@STARTMSG 2221:0 @!@!@
  ||||||||line 217, col 77 to line 217, col 77 of module twoPhaseSingleShard: 48
@!@!@ENDMSG 2221 @!@!@
@!@!@STARTMSG 2221:0 @!@!@
  |||||||line 217, col 81 to line 217, col 89 of module twoPhaseSingleShard: 48
@!@!@ENDMSG 2221 @!@!@
@!@!@STARTMSG 2221:0 @!@!@
  ||||line 222, col 19 to line 222, col 21 of module twoPhaseSingleShard: 16
@!@!@ENDMSG 2221 @!@!@
@!@!@STARTMSG 2221:0 @!@!@
  ||||line 222, col 24 to line 222, col 29 of module twoPhaseSingleShard: 16
@!@!@ENDMSG 2221 @!@!@
@!@!@STARTMSG 2221:0 @!@!@
  ||||line 222, col 32 to line 222, col 32 of module twoPhaseSingleShard: 16
@!@!@ENDMSG 2221 @!@!@
@!@!@STARTMSG 2221:0 @!@!@
  |||line 739, col 62 to line 739, col 73 of module twoPhaseSingleShard: 16
@!@!@ENDMSG 2221 @!@!@
@!@!@STARTMSG 2221:0 @!@!@
  |||line 739, col 76 to line 739, col 76 of module twoPhaseSingleShard: 16
@!@!@ENDMSG 2221 @!@!@
@!@!@STARTMSG 2221:0 @!@!@
  |||line 739, col 79 to line 739, col 96 of module twoPhaseSingleShard: 16
@!@!@ENDMSG 2221 @!@!@
@!@!@STARTMSG 2221:0 @!@!@
  line 740, col 6 to line 745, col 37 of module twoPhaseSingleShard: 32
@!@!@ENDMSG 2221 @!@!@
@!@!@STARTMSG 2221:0 @!@!@
  |line 740, col 7 to line 745, col 37 of module twoPhaseSingleShard: 16
@!@!@ENDMSG 2221 @!@!@
@!@!@STARTMSG 2221:0 @!@!@
  line 746, col 6 to line 751, col 31 of module twoPhaseSingleShard: 16
@!@!@ENDMSG 2221 @!@!@
@!@!@STARTMSG 2221:0 @!@!@
  line 753, col 6 to line 753, col 21 of module twoPhaseSingleShard: 16
@!@!@ENDMSG 2221 @!@!@
@!@!@STARTMSG 2221:0 @!@!@
  line 754, col 6 to line 755, col 63 of module twoPhaseSingleShard: 16
@!@!@ENDMSG 2221 @!@!@
@!@!@STARTMSG 2221:0 @!@!@
  line 717, col 7 to line 717, col 27 of module twoPhaseSingleShard: 8
@!@!@ENDMSG 2221 @!@!@
@!@!@STARTMSG 2221:0 @!@!@
  |line 717, col 7 to line 717, col 23 of module twoPhaseSingleShard: 11
@!@!@ENDMSG 2221 @!@!@
@!@!@STARTMSG 2221:0 @!@!@
  ||line 717, col 19 to line 717, col 22 of module twoPhaseSingleShard: 11
@!@!@ENDMSG 2221 @!@!@
@!@!@STARTMSG 2221:0 @!@!@
  |||line 710, col 14 to line 714, col 20 of module twoPhaseSingleShard: 11
@!@!@ENDMSG 2221 @!@!@
@!@!@STARTMSG 2221:0 @!@!@
  ||||line 710, col 42 to line 713, col 50 of module twoPhaseSingleShard: 71
@!@!@ENDMSG 2221 @!@!@
@!@!@STARTMSG 2221:0 @!@!@
  |||||line 710, col 42 to line 712, col 61 of module twoPhaseSingleShard: 71
@!@!@ENDMSG 2221 @!@!@
@!@!@STARTMSG 2221:0 @!@!@
  ||||||line 710, col 42 to line 711, col 52 of module twoPhaseSingleShard: 71
@!@!@ENDMSG 2221 @!@!@
@!@!@STARTMSG 2221:0 @!@!@
  |||||||line 710, col 42 to line 710, col 62 of module twoPhaseSingleShard: 71
@!@!@ENDMSG 2221 @!@!@
@!@!@STARTMSG 2221:0 @!@!@
  |||||||line 711, col 42 to line 711, col 52 of module twoPhaseSingleShard: 3
@!@!@ENDMSG 2221 @!@!@
@!@!@STARTMSG 2221:0 @!@!@
  ||||||line 712, col 42 to line 712, col 61 of module twoPhaseSingleShard: 3
@!@!@ENDMSG 2221 @!@!@
@!@!@STARTMSG 2221:0 @!@!@
  |||||line 713, col 42 to line 713, col 50 of module twoPhaseSingleShard: 3
@!@!@ENDMSG 2221 @!@!@
@!@!@STARTMSG 2221:0 @!@!@
  ||||line 710, col 21 to line 710, col 38 of module twoPhaseSingleShard: 11
@!@!@ENDMSG 2221 @!@!@
@!@!@STARTMSG 2775:0 @!@!@
  |||||line 58, col 5 to line 58, col 47 of module twoPhaseSingleShard: 11:82
@!@!@ENDMSG 2775 @!@!@
@!@!@STARTMSG 2221:0 @!@!@
  ||||||line 58, col 31 to line 58, col 45 of module twoPhaseSingleShard: 71
@!@!@ENDMSG 2221 @!@!@
@!@!@STARTMSG 2221:0 @!@!@
  ||||||line 58, col 13 to line 58, col 27 of module twoPhaseSingleShard: 11
@!@!@ENDMSG 2221 @!@!@
@!@!@STARTMSG 2221:0 @!@!@
  |||||line 710, col 34 to line 710, col 37 of module twoPhaseSingleShard: 11
@!@!@ENDMSG 2221 @!@!@
@!@!@STARTMSG 2221:0 @!@!@
  line 718, col 7 to line 718, col 156 of module twoPhaseSingleShard: 8
@!@!@ENDMSG 2221 @!@!@
@!@!@STARTMSG 2221:0 @!@!@
  line 719, col 7 to line 719, col 50 of module twoPhaseSingleShard: 8
@!@!@ENDMSG 2221 @!@!@
@!@!@STARTMSG 2221:0 @!@!@
  line 757, col 20 to line 757, col 20 of module twoPhaseSingleShard: 11
@!@!@ENDMSG 2221 @!@!@
@!@!@STARTMSG 2221:0 @!@!@
  line 757, col 23 to line 757, col 31 of module twoPhaseSingleShard: 11
@!@!@ENDMSG 2221 @!@!@
@!@!@STARTMSG 2221:0 @!@!@
  line 757, col 34 to line 757, col 34 of module twoPhaseSingleShard: 8
@!@!@ENDMSG 2221 @!@!@
@!@!@STARTMSG 2221:0 @!@!@
  line 757, col 38 to line 757, col 43 of module twoPhaseSingleShard: 11
@!@!@ENDMSG 2221 @!@!@
@!@!@STARTMSG 2221:0 @!@!@
  line 758, col 8 to line 758, col 23 of module twoPhaseSingleShard: 8
@!@!@ENDMSG 2221 @!@!@
@!@!@STARTMSG 2221:0 @!@!@
  line 759, col 8 to line 760, col 94 of module twoPhaseSingleShard: 8
@!@!@ENDMSG 2221 @!@!@
@!@!@STARTMSG 2221:0 @!@!@
  line 1237, col 20 to line 1237, col 20 of module twoPhaseSingleShard: 54
@!@!@ENDMSG 2221 @!@!@
@!@!@STARTMSG 2221:0 @!@!@
  line 1237, col 23 to line 1237, col 29 of module twoPhaseSingleShard: 51
@!@!@ENDMSG 2221 @!@!@
@!@!@STARTMSG 2221:0 @!@!@
  line 1237, col 32 to line 1237, col 37 of module twoPhaseSingleShard: 54
@!@!@ENDMSG 2221 @!@!@
@!@!@STARTMSG 2221:0 @!@!@
  line 1237, col 40 to line 1237, col 53 of module twoPhaseSingleShard: 16
@!@!@ENDMSG 2221 @!@!@
@!@!@STARTMSG 2221:0 @!@!@
  line 1237, col 56 to line 1237, col 65 of module twoPhaseSingleShard: 16
@!@!@ENDMSG 2221 @!@!@
@!@!@STARTMSG 2221:0 @!@!@
  line 1237, col 68 to line 1237, col 76 of module twoPhaseSingleShard: 54
@!@!@ENDMSG 2221 @!@!@
@!@!@STARTMSG 2221:0 @!@!@
  line 1374, col 27 to line 1374, col 27 of module twoPhaseSingleShard: 54
@!@!@ENDMSG 2221 @!@!@
@!@!@STARTMSG 2221:0 @!@!@
  line 1374, col 29 to line 1374, col 29 of module twoPhaseSingleShard: 690
@!@!@ENDMSG 2221 @!@!@
@!@!@STARTMSG 2221:0 @!@!@
  line 1375, col 16 to line 1375, col 35 of module twoPhaseSingleShard: 24
@!@!@ENDMSG 2221 @!@!@
@!@!@STARTMSG 2221:0 @!@!@
  line 1373, col 17 to line 1373, col 21 of module twoPhaseSingleShard: 39
@!@!@ENDMSG 2221 @!@!@
@!@!@STARTMSG 2221:0 @!@!@
  line 1373, col 30 to line 1373, col 47 of module twoPhaseSingleShard: 39
@!@!@ENDMSG 2221 @!@!@
@!@!@STARTMSG 2775:0 @!@!@
  |line 58, col 5 to line 58, col 47 of module twoPhaseSingleShard: 39:269
@!@!@ENDMSG 2775 @!@!@
@!@!@STARTMSG 2221:0 @!@!@
  ||line 58, col 31 to line 58, col 45 of module twoPhaseSingleShard: 230
@!@!@ENDMSG 2221 @!@!@
@!@!@STARTMSG 2221:0 @!@!@
  ||line 58, col 13 to line 58, col 27 of module twoPhaseSingleShard: 39
@!@!@ENDMSG 2221 @!@!@
@!@!@STARTMSG 2221:0 @!@!@
  |line 1373, col 43 to line 1373, col 46 of module twoPhaseSingleShard: 39
@!@!@ENDMSG 2221 @!@!@
@!@!@STARTMSG 2772:0 @!@!@
<Next line 1369, col 3 to line 1369, col 6 of module twoPhaseSingleShard (1376 8 1378 39)>: 10:42
@!@!@ENDMSG 2772 @!@!@
@!@!@STARTMSG 2221:0 @!@!@
  line 1221, col 7 to line 1221, col 27 of module twoPhaseSingleShard: 254
@!@!@ENDMSG 2221 @!@!@
@!@!@STARTMSG 2221:0 @!@!@
  |line 1221, col 7 to line 1221, col 14 of module twoPhaseSingleShard: 230
@!@!@ENDMSG 2221 @!@!@
@!@!@STARTMSG 2221:0 @!@!@
  line 1222, col 7 to line 1222, col 45 of module twoPhaseSingleShard: 111
@!@!@ENDMSG 2221 @!@!@
@!@!@STARTMSG 2221:0 @!@!@
  |line 1222, col 7 to line 1222, col 13 of module twoPhaseSingleShard: 87
@!@!@ENDMSG 2221 @!@!@
@!@!@STARTMSG 2221:0 @!@!@
  |line 1222, col 19 to line 1222, col 45 of module twoPhaseSingleShard: 87
@!@!@ENDMSG 2221 @!@!@
@!@!@STARTMSG 2221:0 @!@!@
  line 935, col 8 to line 935, col 47 of module twoPhaseSingleShard: 111
@!@!@ENDMSG 2221 @!@!@
@!@!@STARTMSG 2221:0 @!@!@
  |line 935, col 8 to line 935, col 36 of module twoPhaseSingleShard: 87
@!@!@ENDMSG 2221 @!@!@
@!@!@STARTMSG 2221:0 @!@!@
  line 958, col 16 to line 958, col 148 of module twoPhaseSingleShard: 348
@!@!@ENDMSG 2221 @!@!@
@!@!@STARTMSG 2221:0 @!@!@
  line 960, col 47 to line 960, col 56 of module twoPhaseSingleShard: 1259
@!@!@ENDMSG 2221 @!@!@
@!@!@STARTMSG 2221:0 @!@!@
  |line 960, col 47 to line 960, col 51 of module twoPhaseSingleShard: 1169
@!@!@ENDMSG 2221 @!@!@
@!@!@STARTMSG 2221:0 @!@!@
  |line 960, col 55 to line 960, col 56 of module twoPhaseSingleShard: 1169
@!@!@ENDMSG 2221 @!@!@
@!@!@STARTMSG 2221:0 @!@!@
  line 960, col 40 to line 960, col 43 of module twoPhaseSingleShard: 687
@!@!@ENDMSG 2221 @!@!@
@!@!@STARTMSG 2775:0 @!@!@
  |line 939, col 21 to line 946, col 51 of module twoPhaseSingleShard: 687:1856
@!@!@ENDMSG 2775 @!@!@
@!@!@STARTMSG 2221:0 @!@!@
  ||line 940, col 35 to line 946, col 50 of module twoPhaseSingleShard: 4542
@!@!@ENDMSG 2221 @!@!@
@!@!@STARTMSG 2221:0 @!@!@
  |||line 940, col 38 to line 940, col 56 of module twoPhaseSingleShard: 4542
@!@!@ENDMSG 2221 @!@!@
@!@!@STARTMSG 2221:0 @!@!@
  |||line 941, col 38 to line 941, col 46 of module twoPhaseSingleShard: 1820
@!@!@ENDMSG 2221 @!@!@
@!@!@STARTMSG 2221:0 @!@!@
  |||line 942, col 38 to line 942, col 51 of module twoPhaseSingleShard: 1770
@!@!@ENDMSG 2221 @!@!@
@!@!@STARTMSG 2221:0 @!@!@
  |||line 943, col 38 to line 943, col 56 of module twoPhaseSingleShard: 1493
@!@!@ENDMSG 2221 @!@!@
@!@!@STARTMSG 2221:0 @!@!@
  |||line 944, col 38 to line 944, col 58 of module twoPhaseSingleShard: 1493
@!@!@ENDMSG 2221 @!@!@
@!@!@STARTMSG 2221:0 @!@!@
  |||line 945, col 38 to line 945, col 102 of module twoPhaseSingleShard: 1493
@!@!@ENDMSG 2221 @!@!@
@!@!@STARTMSG 2221:0 @!@!@
  |||line 946, col 38 to line 946, col 50 of module twoPhaseSingleShard: 1493
@!@!@ENDMSG 2221 @!@!@
@!@!@STARTMSG 2221:0 @!@!@
  ||line 939, col 28 to line 939, col 45 of module twoPhaseSingleShard: 687
@!@!@ENDMSG 2221 @!@!@
@!@!@STARTMSG 2775:0 @!@!@
  |||line 58, col 5 to line 58, col 47 of module twoPhaseSingleShard: 687:5229
@!@!@ENDMSG 2775 @!@!@
@!@!@STARTMSG 2221:0 @!@!@
  ||||line 58, col 31 to line 58, col 45 of module twoPhaseSingleShard: 4542
@!@!@ENDMSG 2221 @!@!@
@!@!@STARTMSG 2221:0 @!@!@
  ||||line 58, col 13 to line 58, col 27 of module twoPhaseSingleShard: 687
@!@!@ENDMSG 2221 @!@!@
@!@!@STARTMSG 2221:0 @!@!@
  |||line 939, col 41 to line 939, col 44 of module twoPhaseSingleShard: 687
@!@!@ENDMSG 2221 @!@!@
@!@!@STARTMSG 2221:0 @!@!@
  line 960, col 26 to line 960, col 27 of module twoPhaseSingleShard: 348
@!@!@ENDMSG 2221 @!@!@
@!@!@STARTMSG 2221:0 @!@!@
  line 456, col 10 to line 456, col 110 of module twoPhaseSingleShard: 0
@!@!@ENDMSG 2221 @!@!@
@!@!@STARTMSG 2221:0 @!@!@
  line 457, col 10 to line 457, col 43 of module twoPhaseSingleShard: 0
@!@!@ENDMSG 2221 @!@!@
@!@!@STARTMSG 2221:0 @!@!@
  line 438, col 11 to line 438, col 50 of module twoPhaseSingleShard: 190
@!@!@ENDMSG 2221 @!@!@
@!@!@STARTMSG 2221:0 @!@!@
  |line 438, col 11 to line 438, col 39 of module twoPhaseSingleShard: 148
@!@!@ENDMSG 2221 @!@!@
@!@!@STARTMSG 2221:0 @!@!@
  line 439, col 11 to line 446, col 17 of module twoPhaseSingleShard: 190
@!@!@ENDMSG 2221 @!@!@
@!@!@STARTMSG 2221:0 @!@!@
  |line 439, col 12 to line 446, col 17 of module twoPhaseSingleShard: 148
@!@!@ENDMSG 2221 @!@!@
@!@!@STARTMSG 2221:0 @!@!@
  line 447, col 10 to line 454, col 17 of module twoPhaseSingleShard: 84
@!@!@ENDMSG 2221 @!@!@
@!@!@STARTMSG 2221:0 @!@!@
  |line 447, col 11 to line 454, col 17 of module twoPhaseSingleShard: 42
@!@!@ENDMSG 2221 @!@!@
@!@!@STARTMSG 2221:0 @!@!@
  line 456, col 10 to line 456, col 110 of module twoPhaseSingleShard: 42
@!@!@ENDMSG 2221 @!@!@
@!@!@STARTMSG 2221:0 @!@!@
  |line 456, col 29 to line 456, col 110 of module twoPhaseSingleShard: 42
@!@!@ENDMSG 2221 @!@!@
@!@!@STARTMSG 2221:0 @!@!@
  ||line 456, col 30 to line 456, col 44 of module twoPhaseSingleShard: 42
@!@!@ENDMSG 2221 @!@!@
@!@!@STARTMSG 2221:0 @!@!@
  ||line 456, col 52 to line 456, col 109 of module twoPhaseSingleShard: 42
@!@!@ENDMSG 2221 @!@!@
@!@!@STARTMSG 2221:0 @!@!@
  ||line 456, col 60 to line 456, col 109 of module twoPhaseSingleShard: 42
@!@!@ENDMSG 2221 @!@!@
@!@!@STARTMSG 2221:0 @!@!@
  |||line 222, col 3 to line 222, col 36 of module twoPhaseSingleShard: 42
@!@!@ENDMSG 2221 @!@!@
@!@!@STARTMSG 2221:0 @!@!@
  ||||line 214, col 5 to line 219, col 13 of module twoPhaseSingleShard: 168
@!@!@ENDMSG 2221 @!@!@
@!@!@STARTMSG 2221:0 @!@!@
  |||||line 214, col 8 to line 214, col 48 of module twoPhaseSingleShard: 168
@!@!@ENDMSG 2221 @!@!@
@!@!@STARTMSG 2221:0 @!@!@
  |||||line 216, col 9 to line 217, col 90 of module twoPhaseSingleShard: 168
@!@!@ENDMSG 2221 @!@!@
@!@!@STARTMSG 2221:0 @!@!@
  ||||||line 216, col 12 to line 216, col 21 of module twoPhaseSingleShard: 168
@!@!@ENDMSG 2221 @!@!@
@!@!@STARTMSG 2221:0 @!@!@
  ||||||line 216, col 28 to line 216, col 28 of module twoPhaseSingleShard: 42
@!@!@ENDMSG 2221 @!@!@
@!@!@STARTMSG 2221:0 @!@!@
  ||||||line 217, col 14 to line 217, col 90 of module twoPhaseSingleShard: 126
@!@!@ENDMSG 2221 @!@!@
@!@!@STARTMSG 2221:0 @!@!@
  |||||||line 217, col 30 to line 217, col 38 of module twoPhaseSingleShard: 126
@!@!@ENDMSG 2221 @!@!@
@!@!@STARTMSG 2221:0 @!@!@
  |||||||line 217, col 41 to line 217, col 46 of module twoPhaseSingleShard: 84
@!@!@ENDMSG 2221 @!@!@
@!@!@STARTMSG 2221:0 @!@!@
  |||||||line 217, col 50 to line 217, col 78 of module twoPhaseSingleShard: 126
@!@!@ENDMSG 2221 @!@!@
@!@!@STARTMSG 2221:0 @!@!@
  ||||||||line 170, col 5 to line 210, col 9 of module twoPhaseSingleShard: 126
@!@!@ENDMSG 2221 @!@!@
@!@!@STARTMSG 2221:0 @!@!@
  |||||||||line 170, col 8 to line 170, col 44 of module twoPhaseSingleShard: 126
@!@!@ENDMSG 2221 @!@!@
@!@!@STARTMSG 2221:0 @!@!@
  |||||||||line 172, col 9 to line 208, col 39 of module twoPhaseSingleShard: 126
@!@!@ENDMSG 2221 @!@!@
@!@!@STARTMSG 2221:0 @!@!@
  ||||||||||line 172, col 14 to line 172, col 54 of module twoPhaseSingleShard: 126
@!@!@ENDMSG 2221 @!@!@
@!@!@STARTMSG 2221:0 @!@!@
  |||||||||||line 172, col 14 to line 172, col 30 of module twoPhaseSingleShard: 126
@!@!@ENDMSG 2221 @!@!@
@!@!@STARTMSG 2221:0 @!@!@
  |||||||||||line 172, col 35 to line 172, col 54 of module twoPhaseSingleShard: 84
@!@!@ENDMSG 2221 @!@!@
@!@!@STARTMSG 2221:0 @!@!@
  ||||||||||line 172, col 61 to line 172, col 119 of module twoPhaseSingleShard: 84
@!@!@ENDMSG 2221 @!@!@
@!@!@STARTMSG 2221:0 @!@!@
  ||||||||||line 173, col 12 to line 184, col 20 of module twoPhaseSingleShard: 42
@!@!@ENDMSG 2221 @!@!@
@!@!@STARTMSG 2221:0 @!@!@
  ||||||||||line 185, col 12 to line 185, col 52 of module twoPhaseSingleShard: 42
@!@!@ENDMSG 2221 @!@!@
@!@!@STARTMSG 2221:0 @!@!@
  ||||||||||line 194, col 9 to line 194, col 30 of module twoPhaseSingleShard: 42
@!@!@ENDMSG 2221 @!@!@
@!@!@STARTMSG 2221:0 @!@!@
  |||||||||||line 194, col 10 to line 194, col 19 of module twoPhaseSingleShard: 84
@!@!@ENDMSG 2221 @!@!@
@!@!@STARTMSG 2221:0 @!@!@
  ||||||||||||line 188, col 17 to line 192, col 26 of module twoPhaseSingleShard: 84
@!@!@ENDMSG 2221 @!@!@
@!@!@STARTMSG 2221:0 @!@!@
  |||||||||||||line 188, col 20 to line 188, col 45 of module twoPhaseSingleShard: 84
@!@!@ENDMSG 2221 @!@!@
@!@!@STARTMSG 2221:0 @!@!@
  |||||||||||||line 189, col 25 to line 189, col 96 of module twoPhaseSingleShard: 42
@!@!@ENDMSG 2221 @!@!@
@!@!@STARTMSG 2221:0 @!@!@
  |||||||||||||line 192, col 26 to line 192, col 26 of module twoPhaseSingleShard: 42
@!@!@ENDMSG 2221 @!@!@
@!@!@STARTMSG 2221:0 @!@!@
  ||||||||||||line 194, col 18 to line 194, col 18 of module twoPhaseSingleShard: 84
@!@!@ENDMSG 2221 @!@!@
@!@!@STARTMSG 2221:0 @!@!@
  |||||||||||line 194, col 29 to line 194, col 29 of module twoPhaseSingleShard: 42
@!@!@ENDMSG 2221 @!@!@
@!@!@STARTMSG 2221:0 @!@!@
  ||||||||line 217, col 58 to line 217, col 66 of module twoPhaseSingleShard: 126
@!@!@ENDMSG 2221 @!@!@
@!@!@STARTMSG 2221:0 @!@!@
  ||||||||line 217, col 69 to line 217, col 74 of module twoPhaseSingleShard: 126
@!@!@ENDMSG 2221 @!@!@
@!@!@STARTMSG 2221:0 @!@!@
  ||||||||line 217, col 77 to line 217, col 77 of module twoPhaseSingleShard: 126
@!@!@ENDMSG 2221 @!@!@
@!@!@STARTMSG 2221:0 @!@!@
  |||||||line 217, col 81 to line 217, col 89 of module twoPhaseSingleShard: 126
@!@!@ENDMSG 2221 @!@!@
@!@!@STARTMSG 2221:0 @!@!@
  ||||line 222, col 19 to line 222, col 21 of module twoPhaseSingleShard: 42
@!@!@ENDMSG 2221 @!@!@
@!@!@STARTMSG 2221:0 @!@!@
  ||||line 222, col 24 to line 222, col 29 of module twoPhaseSingleShard: 42
@!@!@ENDMSG 2221 @!@!@
@!@!@STARTMSG 2221:0 @!@!@
  ||||line 222, col 32 to line 222, col 32 of module twoPhaseSingleShard: 42
@!@!@ENDMSG 2221 @!@!@
@!@!@STARTMSG 2221:0 @!@!@
  |||line 456, col 66 to line 456, col 85 of module twoPhaseSingleShard: 42
@!@!@ENDMSG 2221 @!@!@
@!@!@STARTMSG 2221:0 @!@!@
  |||line 456, col 88 to line 456, col 88 of module twoPhaseSingleShard: 42
@!@!@ENDMSG 2221 @!@!@
@!@!@STARTMSG 2221:0 @!@!@
  |||line 456, col 91 to line 456, col 108 of module twoPhaseSingleShard: 42
@!@!@ENDMSG 2221 @!@!@
@!@!@STARTMSG 2221:0 @!@!@
  line 457, col 10 to line 457, col 43 of module twoPhaseSingleShard: 42
@!@!@ENDMSG 2221 @!@!@
@!@!@STARTMSG 2221:0 @!@!@
  line 463, col 9 to line 465, col 195 of module twoPhaseSingleShard: 42
@!@!@ENDMSG 2221 @!@!@
@!@!@STARTMSG 2221:0 @!@!@
  line 962, col 33 to line 962, col 38 of module twoPhaseSingleShard: 148
@!@!@ENDMSG 2221 @!@!@
@!@!@STARTMSG 2221:0 @!@!@
  line 962, col 41 to line 962, col 41 of module twoPhaseSingleShard: 148
@!@!@ENDMSG 2221 @!@!@
@!@!@STARTMSG 2221:0 @!@!@
  line 962, col 44 to line 962, col 53 of module twoPhaseSingleShard: 148
@!@!@ENDMSG 2221 @!@!@
@!@!@STARTMSG 2221:0 @!@!@
  line 962, col 56 to line 962, col 64 of module twoPhaseSingleShard: 148
@!@!@ENDMSG 2221 @!@!@
@!@!@STARTMSG 2221:0 @!@!@
  line 963, col 16 to line 963, col 31 of module twoPhaseSingleShard: 42
@!@!@ENDMSG 2221 @!@!@
@!@!@STARTMSG 2221:0 @!@!@
  line 964, col 16 to line 965, col 103 of module twoPhaseSingleShard: 42
@!@!@ENDMSG 2221 @!@!@
@!@!@STARTMSG 2221:0 @!@!@
  line 967, col 16 to line 967, col 31 of module twoPhaseSingleShard: 0
@!@!@ENDMSG 2221 @!@!@
@!@!@STARTMSG 2221:0 @!@!@
  line 989, col 16 to line 989, col 53 of module twoPhaseSingleShard: 0
@!@!@ENDMSG 2221 @!@!@
@!@!@STARTMSG 2221:0 @!@!@
  line 990, col 16 to line 990, col 59 of module twoPhaseSingleShard: 0
@!@!@ENDMSG 2221 @!@!@
@!@!@STARTMSG 2221:0 @!@!@
  line 992, col 16 to line 992, col 185 of module twoPhaseSingleShard: 0
@!@!@ENDMSG 2221 @!@!@
@!@!@STARTMSG 2221:0 @!@!@
  line 936, col 18 to line 936, col 34 of module twoPhaseSingleShard: 87
@!@!@ENDMSG 2221 @!@!@
@!@!@STARTMSG 2775:0 @!@!@
  |line 161, col 24 to line 161, col 108 of module twoPhaseSingleShard: 87:696
@!@!@ENDMSG 2775 @!@!@
@!@!@STARTMSG 2221:0 @!@!@
  ||line 161, col 47 to line 161, col 107 of module twoPhaseSingleShard: 696
@!@!@ENDMSG 2221 @!@!@
@!@!@STARTMSG 2775:0 @!@!@
  ||line 161, col 31 to line 161, col 43 of module twoPhaseSingleShard: 87:1131
@!@!@ENDMSG 2775 @!@!@
@!@!@STARTMSG 2221:0 @!@!@
  |line 936, col 25 to line 936, col 33 of module twoPhaseSingleShard: 87
@!@!@ENDMSG 2221 @!@!@
@!@!@STARTMSG 2221:0 @!@!@
  line 1223, col 26 to line 1223, col 31 of module twoPhaseSingleShard: 87
@!@!@ENDMSG 2221 @!@!@
@!@!@STARTMSG 2221:0 @!@!@
  line 1223, col 34 to line 1223, col 40 of module twoPhaseSingleShard: 87
@!@!@ENDMSG 2221 @!@!@
@!@!@STARTMSG 2221:0 @!@!@
  line 1223, col 43 to line 1223, col 45 of module twoPhaseSingleShard: 87
@!@!@ENDMSG 2221 @!@!@
@!@!@STARTMSG 2221:0 @!@!@
  line 1377, col 29 to line 1377, col 29 of module twoPhaseSingleShard: 230
@!@!@ENDMSG 2221 @!@!@
@!@!@STARTMSG 2221:0 @!@!@
  line 1378, col 16 to line 1378, col 39 of module twoPhaseSingleShard: 42
@!@!@ENDMSG 2221 @!@!@
@!@!@STARTMSG 2221:0 @!@!@
  line 1376, col 17 to line 1376, col 34 of module twoPhaseSingleShard: 39
@!@!@ENDMSG 2221 @!@!@
@!@!@STARTMSG 2775:0 @!@!@
  |line 58, col 5 to line 58, col 47 of module twoPhaseSingleShard: 39:269
@!@!@ENDMSG 2775 @!@!@
@!@!@STARTMSG 2221:0 @!@!@
  ||line 58, col 31 to line 58, col 45 of module twoPhaseSingleShard: 230
@!@!@ENDMSG 2221 @!@!@
@!@!@STARTMSG 2221:0 @!@!@
  ||line 58, col 13 to line 58, col 27 of module twoPhaseSingleShard: 39
@!@!@ENDMSG 2221 @!@!@
@!@!@STARTMSG 2221:0 @!@!@
  |line 1376, col 30 to line 1376, col 33 of module twoPhaseSingleShard: 39
@!@!@ENDMSG 2221 @!@!@
@!@!@STARTMSG 2772:0 @!@!@
<Next line 1369, col 3 to line 1369, col 6 of module twoPhaseSingleShard (1379 8 1381 39)>: 0:0
@!@!@ENDMSG 2772 @!@!@
@!@!@STARTMSG 2221:0 @!@!@
  line 1227, col 7 to line 1227, col 26 of module twoPhaseSingleShard: 230
@!@!@ENDMSG 2221 @!@!@
@!@!@STARTMSG 2221:0 @!@!@
  line 1228, col 7 to line 1228, col 45 of module twoPhaseSingleShard: 18
@!@!@ENDMSG 2221 @!@!@
@!@!@STARTMSG 2221:0 @!@!@
  line 1004, col 8 to line 1004, col 47 of module twoPhaseSingleShard: 18
@!@!@ENDMSG 2221 @!@!@
@!@!@STARTMSG 2221:0 @!@!@
  line 1017, col 47 to line 1017, col 56 of module twoPhaseSingleShard: 134
@!@!@ENDMSG 2221 @!@!@
@!@!@STARTMSG 2221:0 @!@!@
  line 1017, col 40 to line 1017, col 43 of module twoPhaseSingleShard: 130
@!@!@ENDMSG 2221 @!@!@
@!@!@STARTMSG 2775:0 @!@!@
  |line 1008, col 21 to line 1014, col 51 of module twoPhaseSingleShard: 130:264
@!@!@ENDMSG 2775 @!@!@
@!@!@STARTMSG 2221:0 @!@!@
  ||line 1009, col 35 to line 1014, col 50 of module twoPhaseSingleShard: 875
@!@!@ENDMSG 2221 @!@!@
@!@!@STARTMSG 2221:0 @!@!@
  |||line 1009, col 38 to line 1009, col 55 of module twoPhaseSingleShard: 875
@!@!@ENDMSG 2221 @!@!@
@!@!@STARTMSG 2221:0 @!@!@
  |||line 1010, col 38 to line 1010, col 46 of module twoPhaseSingleShard: 162
@!@!@ENDMSG 2221 @!@!@
@!@!@STARTMSG 2221:0 @!@!@
  |||line 1011, col 38 to line 1011, col 51 of module twoPhaseSingleShard: 162
@!@!@ENDMSG 2221 @!@!@
@!@!@STARTMSG 2221:0 @!@!@
  |||line 1012, col 38 to line 1012, col 56 of module twoPhaseSingleShard: 162
@!@!@ENDMSG 2221 @!@!@
@!@!@STARTMSG 2221:0 @!@!@
  |||line 1013, col 38 to line 1013, col 58 of module twoPhaseSingleShard: 162
@!@!@ENDMSG 2221 @!@!@
@!@!@STARTMSG 2221:0 @!@!@
  |||line 1014, col 38 to line 1014, col 50 of module twoPhaseSingleShard: 162
@!@!@ENDMSG 2221 @!@!@
@!@!@STARTMSG 2221:0 @!@!@
  ||line 1008, col 28 to line 1008, col 45 of module twoPhaseSingleShard: 130
@!@!@ENDMSG 2221 @!@!@
@!@!@STARTMSG 2775:0 @!@!@
  |||line 58, col 5 to line 58, col 47 of module twoPhaseSingleShard: 130:1005
@!@!@ENDMSG 2775 @!@!@
@!@!@STARTMSG 2221:0 @!@!@
  ||||line 58, col 31 to line 58, col 45 of module twoPhaseSingleShard: 875
@!@!@ENDMSG 2221 @!@!@
@!@!@STARTMSG 2221:0 @!@!@
  ||||line 58, col 13 to line 58, col 27 of module twoPhaseSingleShard: 130
@!@!@ENDMSG 2221 @!@!@
@!@!@STARTMSG 2221:0 @!@!@
  |||line 1008, col 41 to line 1008, col 44 of module twoPhaseSingleShard: 130
@!@!@ENDMSG 2221 @!@!@
@!@!@STARTMSG 2221:0 @!@!@
  line 1017, col 26 to line 1017, col 27 of module twoPhaseSingleShard: 72
@!@!@ENDMSG 2221 @!@!@
@!@!@STARTMSG 2221:0 @!@!@
  line 550, col 10 to line 550, col 49 of module twoPhaseSingleShard: 4
@!@!@ENDMSG 2221 @!@!@
@!@!@STARTMSG 2221:0 @!@!@
  line 551, col 10 to line 558, col 18 of module twoPhaseSingleShard: 4
@!@!@ENDMSG 2221 @!@!@
@!@!@STARTMSG 2221:0 @!@!@
  line 72, col 12 to line 72, col 39 of module twoPhaseSingleShard: 0
@!@!@ENDMSG 2221 @!@!@
@!@!@STARTMSG 2221:0 @!@!@
  line 1019, col 32 to line 1019, col 37 of module twoPhaseSingleShard: 4
@!@!@ENDMSG 2221 @!@!@
@!@!@STARTMSG 2221:0 @!@!@
  line 1019, col 40 to line 1019, col 40 of module twoPhaseSingleShard: 4
@!@!@ENDMSG 2221 @!@!@
@!@!@STARTMSG 2221:0 @!@!@
  line 1019, col 43 to line 1019, col 52 of module twoPhaseSingleShard: 4
@!@!@ENDMSG 2221 @!@!@
@!@!@STARTMSG 2221:0 @!@!@
  line 1019, col 55 to line 1019, col 63 of module twoPhaseSingleShard: 4
@!@!@ENDMSG 2221 @!@!@
@!@!@STARTMSG 2221:0 @!@!@
  line 1020, col 16 to line 1020, col 31 of module twoPhaseSingleShard: 0
@!@!@ENDMSG 2221 @!@!@
@!@!@STARTMSG 2221:0 @!@!@
  line 1021, col 9 to line 1022, col 136 of module twoPhaseSingleShard: 0
@!@!@ENDMSG 2221 @!@!@
@!@!@STARTMSG 2221:0 @!@!@
  line 1005, col 18 to line 1005, col 34 of module twoPhaseSingleShard: 18
@!@!@ENDMSG 2221 @!@!@
@!@!@STARTMSG 2775:0 @!@!@
  |line 161, col 24 to line 161, col 108 of module twoPhaseSingleShard: 18:144
@!@!@ENDMSG 2775 @!@!@
@!@!@STARTMSG 2221:0 @!@!@
  ||line 161, col 47 to line 161, col 107 of module twoPhaseSingleShard: 144
@!@!@ENDMSG 2221 @!@!@
@!@!@STARTMSG 2775:0 @!@!@
  ||line 161, col 31 to line 161, col 43 of module twoPhaseSingleShard: 18:234
@!@!@ENDMSG 2775 @!@!@
@!@!@STARTMSG 2221:0 @!@!@
  |line 1005, col 25 to line 1005, col 33 of module twoPhaseSingleShard: 18
@!@!@ENDMSG 2221 @!@!@
@!@!@STARTMSG 2221:0 @!@!@
  line 1229, col 25 to line 1229, col 30 of module twoPhaseSingleShard: 18
@!@!@ENDMSG 2221 @!@!@
@!@!@STARTMSG 2221:0 @!@!@
  line 1229, col 33 to line 1229, col 39 of module twoPhaseSingleShard: 18
@!@!@ENDMSG 2221 @!@!@
@!@!@STARTMSG 2221:0 @!@!@
  line 1229, col 42 to line 1229, col 44 of module twoPhaseSingleShard: 18
@!@!@ENDMSG 2221 @!@!@
@!@!@STARTMSG 2221:0 @!@!@
  line 1380, col 28 to line 1380, col 28 of module twoPhaseSingleShard: 230
@!@!@ENDMSG 2221 @!@!@
@!@!@STARTMSG 2221:0 @!@!@
  line 1379, col 17 to line 1379, col 34 of module twoPhaseSingleShard: 39
@!@!@ENDMSG 2221 @!@!@
@!@!@STARTMSG 2775:0 @!@!@
  |line 58, col 5 to line 58, col 47 of module twoPhaseSingleShard: 39:269
@!@!@ENDMSG 2775 @!@!@
@!@!@STARTMSG 2221:0 @!@!@
  ||line 58, col 31 to line 58, col 45 of module twoPhaseSingleShard: 230
@!@!@ENDMSG 2221 @!@!@
@!@!@STARTMSG 2221:0 @!@!@
  ||line 58, col 13 to line 58, col 27 of module twoPhaseSingleShard: 39
@!@!@ENDMSG 2221 @!@!@
@!@!@STARTMSG 2221:0 @!@!@
  |line 1379, col 30 to line 1379, col 33 of module twoPhaseSingleShard: 39
@!@!@ENDMSG 2221 @!@!@
@!@!@STARTMSG 2772:0 @!@!@
<Next line 1369, col 3 to line 1369, col 6 of module twoPhaseSingleShard (1382 8 1384 35)>: 4:4
@!@!@ENDMSG 2772 @!@!@
@!@!@STARTMSG 2221:0 @!@!@
  line 1241, col 6 to line 1241, col 23 of module twoPhaseSingleShard: 694
@!@!@ENDMSG 2221 @!@!@
@!@!@STARTMSG 2221:0 @!@!@
  |line 1241, col 6 to line 1241, col 13 of module twoPhaseSingleShard: 690
@!@!@ENDMSG 2221 @!@!@
@!@!@STARTMSG 2221:0 @!@!@
  line 1242, col 6 to line 1242, col 38 of module twoPhaseSingleShard: 52
@!@!@ENDMSG 2221 @!@!@
@!@!@STARTMSG 2221:0 @!@!@
  |line 1242, col 6 to line 1242, col 6 of module twoPhaseSingleShard: 48
@!@!@ENDMSG 2221 @!@!@
@!@!@STARTMSG 2221:0 @!@!@
  |line 1242, col 12 to line 1242, col 38 of module twoPhaseSingleShard: 48
@!@!@ENDMSG 2221 @!@!@
@!@!@STARTMSG 2221:0 @!@!@
  line 694, col 7 to line 694, col 46 of module twoPhaseSingleShard: 52
@!@!@ENDMSG 2221 @!@!@
@!@!@STARTMSG 2221:0 @!@!@
  |line 694, col 7 to line 694, col 35 of module twoPhaseSingleShard: 48
@!@!@ENDMSG 2221 @!@!@
@!@!@STARTMSG 2221:0 @!@!@
  line 695, col 7 to line 695, col 55 of module twoPhaseSingleShard: 52
@!@!@ENDMSG 2221 @!@!@
@!@!@STARTMSG 2221:0 @!@!@
  |line 695, col 7 to line 695, col 12 of module twoPhaseSingleShard: 48
@!@!@ENDMSG 2221 @!@!@
@!@!@STARTMSG 2221:0 @!@!@
  |line 695, col 18 to line 695, col 55 of module twoPhaseSingleShard: 48
@!@!@ENDMSG 2221 @!@!@
@!@!@STARTMSG 2221:0 @!@!@
  line 696, col 8 to line 696, col 58 of module twoPhaseSingleShard: 8
@!@!@ENDMSG 2221 @!@!@
@!@!@STARTMSG 2221:0 @!@!@
  |line 696, col 10 to line 696, col 57 of module twoPhaseSingleShard: 4
@!@!@ENDMSG 2221 @!@!@
@!@!@STARTMSG 2221:0 @!@!@
  line 697, col 7 to line 698, col 140 of module twoPhaseSingleShard: 4
@!@!@ENDMSG 2221 @!@!@
@!@!@STARTMSG 2221:0 @!@!@
  line 699, col 7 to line 699, col 22 of module twoPhaseSingleShard: 4
@!@!@ENDMSG 2221 @!@!@
@!@!@STARTMSG 2221:0 @!@!@
  line 701, col 7 to line 702, col 64 of module twoPhaseSingleShard: 4
@!@!@ENDMSG 2221 @!@!@
@!@!@STARTMSG 2221:0 @!@!@
  line 1243, col 18 to line 1243, col 18 of module twoPhaseSingleShard: 48
@!@!@ENDMSG 2221 @!@!@
@!@!@STARTMSG 2221:0 @!@!@
  line 1243, col 21 to line 1243, col 27 of module twoPhaseSingleShard: 48
@!@!@ENDMSG 2221 @!@!@
@!@!@STARTMSG 2221:0 @!@!@
  line 1243, col 30 to line 1243, col 35 of module twoPhaseSingleShard: 48
@!@!@ENDMSG 2221 @!@!@
@!@!@STARTMSG 2221:0 @!@!@
  line 1243, col 54 to line 1243, col 62 of module twoPhaseSingleShard: 48
@!@!@ENDMSG 2221 @!@!@
@!@!@STARTMSG 2221:0 @!@!@
  line 1383, col 26 to line 1383, col 26 of module twoPhaseSingleShard: 48
@!@!@ENDMSG 2221 @!@!@
@!@!@STARTMSG 2221:0 @!@!@
  line 1383, col 28 to line 1383, col 28 of module twoPhaseSingleShard: 690
@!@!@ENDMSG 2221 @!@!@
@!@!@STARTMSG 2221:0 @!@!@
  line 1384, col 16 to line 1384, col 35 of module twoPhaseSingleShard: 4
@!@!@ENDMSG 2221 @!@!@
@!@!@STARTMSG 2221:0 @!@!@
  line 1382, col 17 to line 1382, col 21 of module twoPhaseSingleShard: 39
@!@!@ENDMSG 2221 @!@!@
@!@!@STARTMSG 2221:0 @!@!@
  line 1382, col 30 to line 1382, col 47 of module twoPhaseSingleShard: 39
@!@!@ENDMSG 2221 @!@!@
@!@!@STARTMSG 2775:0 @!@!@
  |line 58, col 5 to line 58, col 47 of module twoPhaseSingleShard: 39:269
@!@!@ENDMSG 2775 @!@!@
@!@!@STARTMSG 2221:0 @!@!@
  ||line 58, col 31 to line 58, col 45 of module twoPhaseSingleShard: 230
@!@!@ENDMSG 2221 @!@!@
@!@!@STARTMSG 2221:0 @!@!@
  ||line 58, col 13 to line 58, col 27 of module twoPhaseSingleShard: 39
@!@!@ENDMSG 2221 @!@!@
@!@!@STARTMSG 2221:0 @!@!@
  |line 1382, col 43 to line 1382, col 46 of module twoPhaseSingleShard: 39
@!@!@ENDMSG 2221 @!@!@
@!@!@STARTMSG 2772:0 @!@!@
<Next line 1369, col 3 to line 1369, col 6 of module twoPhaseSingleShard (1387 13 1387 25)>: 32:36
@!@!@ENDMSG 2772 @!@!@
@!@!@STARTMSG 2221:0 @!@!@
  line 1280, col 8 to line 1280, col 82 of module twoPhaseSingleShard: 142
@!@!@ENDMSG 2221 @!@!@
@!@!@STARTMSG 2221:0 @!@!@
  |line 1280, col 8 to line 1280, col 8 of module twoPhaseSingleShard: 106
@!@!@ENDMSG 2221 @!@!@
@!@!@STARTMSG 2221:0 @!@!@
  |line 1280, col 14 to line 1280, col 82 of module twoPhaseSingleShard: 106
@!@!@ENDMSG 2221 @!@!@
@!@!@STARTMSG 2221:0 @!@!@
  ||line 1280, col 19 to line 1280, col 82 of module twoPhaseSingleShard: 106
@!@!@ENDMSG 2221 @!@!@
@!@!@STARTMSG 2221:0 @!@!@
  |||line 1280, col 20 to line 1280, col 39 of module twoPhaseSingleShard: 103
@!@!@ENDMSG 2221 @!@!@
@!@!@STARTMSG 2221:0 @!@!@
  |||line 1280, col 50 to line 1280, col 81 of module twoPhaseSingleShard: 106
@!@!@ENDMSG 2221 @!@!@
@!@!@STARTMSG 2221:0 @!@!@
  line 1281, col 9 to line 1281, col 13 of module twoPhaseSingleShard: 105
@!@!@ENDMSG 2221 @!@!@
@!@!@STARTMSG 2221:0 @!@!@
  |line 1281, col 9 to line 1281, col 9 of module twoPhaseSingleShard: 103
@!@!@ENDMSG 2221 @!@!@
@!@!@STARTMSG 2221:0 @!@!@
  line 1281, col 18 to line 1281, col 34 of module twoPhaseSingleShard: 38
@!@!@ENDMSG 2221 @!@!@
@!@!@STARTMSG 2221:0 @!@!@
  |line 1281, col 18 to line 1281, col 30 of module twoPhaseSingleShard: 36
@!@!@ENDMSG 2221 @!@!@
@!@!@STARTMSG 2221:0 @!@!@
  line 1281, col 41 to line 1281, col 45 of module twoPhaseSingleShard: 119
@!@!@ENDMSG 2221 @!@!@
@!@!@STARTMSG 2221:0 @!@!@
  |line 1281, col 41 to line 1281, col 41 of module twoPhaseSingleShard: 103
@!@!@ENDMSG 2221 @!@!@
@!@!@STARTMSG 2221:0 @!@!@
  line 1281, col 50 to line 1281, col 66 of module twoPhaseSingleShard: 52
@!@!@ENDMSG 2221 @!@!@
@!@!@STARTMSG 2221:0 @!@!@
  |line 1281, col 50 to line 1281, col 62 of module twoPhaseSingleShard: 36
@!@!@ENDMSG 2221 @!@!@
@!@!@STARTMSG 2221:0 @!@!@
  line 1281, col 73 to line 1281, col 77 of module twoPhaseSingleShard: 121
@!@!@ENDMSG 2221 @!@!@
@!@!@STARTMSG 2221:0 @!@!@
  |line 1281, col 73 to line 1281, col 73 of module twoPhaseSingleShard: 103
@!@!@ENDMSG 2221 @!@!@
@!@!@STARTMSG 2221:0 @!@!@
  line 1281, col 82 to line 1281, col 98 of module twoPhaseSingleShard: 52
@!@!@ENDMSG 2221 @!@!@
@!@!@STARTMSG 2221:0 @!@!@
  |line 1281, col 82 to line 1281, col 94 of module twoPhaseSingleShard: 34
@!@!@ENDMSG 2221 @!@!@
@!@!@STARTMSG 2221:0 @!@!@
  line 1282, col 8 to line 1282, col 66 of module twoPhaseSingleShard: 36
@!@!@ENDMSG 2221 @!@!@
@!@!@STARTMSG 2221:0 @!@!@
  line 364, col 12 to line 364, col 55 of module twoPhaseSingleShard: 36
@!@!@ENDMSG 2221 @!@!@
@!@!@STARTMSG 2221:0 @!@!@
  line 72, col 12 to line 72, col 39 of module twoPhaseSingleShard: 0
@!@!@ENDMSG 2221 @!@!@
@!@!@STARTMSG 2221:0 @!@!@
  line 389, col 16 to line 389, col 55 of module twoPhaseSingleShard: 67
@!@!@ENDMSG 2221 @!@!@
@!@!@STARTMSG 2221:0 @!@!@
  |line 389, col 17 to line 389, col 55 of module twoPhaseSingleShard: 36
@!@!@ENDMSG 2221 @!@!@
@!@!@STARTMSG 2221:0 @!@!@
  ||line 257, col 26 to line 257, col 73 of module twoPhaseSingleShard: 36
@!@!@ENDMSG 2221 @!@!@
@!@!@STARTMSG 2221:0 @!@!@
  |||line 257, col 51 to line 257, col 73 of module twoPhaseSingleShard: 15
@!@!@ENDMSG 2221 @!@!@
@!@!@STARTMSG 2221:0 @!@!@
  |||line 257, col 35 to line 257, col 47 of module twoPhaseSingleShard: 36
@!@!@ENDMSG 2221 @!@!@
@!@!@STARTMSG 2221:0 @!@!@
  ||line 253, col 22 to line 253, col 82 of module twoPhaseSingleShard: 15
@!@!@ENDMSG 2221 @!@!@
@!@!@STARTMSG 2221:0 @!@!@
  ||line 254, col 21 to line 254, col 58 of module twoPhaseSingleShard: 36
@!@!@ENDMSG 2221 @!@!@
@!@!@STARTMSG 2775:0 @!@!@
  ||line 256, col 24 to line 256, col 50 of module twoPhaseSingleShard: 36:51
@!@!@ENDMSG 2775 @!@!@
@!@!@STARTMSG 2221:0 @!@!@
  |||line 256, col 26 to line 256, col 29 of module twoPhaseSingleShard: 15
@!@!@ENDMSG 2221 @!@!@
@!@!@STARTMSG 2221:0 @!@!@
  ||||line 255, col 15 to line 255, col 79 of module twoPhaseSingleShard: 15
@!@!@ENDMSG 2221 @!@!@
@!@!@STARTMSG 2221:0 @!@!@
  |||||line 255, col 16 to line 255, col 46 of module twoPhaseSingleShard: 41
@!@!@ENDMSG 2221 @!@!@
@!@!@STARTMSG 2221:0 @!@!@
  |||||line 255, col 56 to line 255, col 78 of module twoPhaseSingleShard: 15
@!@!@ENDMSG 2221 @!@!@
@!@!@STARTMSG 2221:0 @!@!@
  ||||line 256, col 28 to line 256, col 28 of module twoPhaseSingleShard: 15
@!@!@ENDMSG 2221 @!@!@
@!@!@STARTMSG 2221:0 @!@!@
  |||line 256, col 39 to line 256, col 48 of module twoPhaseSingleShard: 36
@!@!@ENDMSG 2221 @!@!@
@!@!@STARTMSG 2221:0 @!@!@
  ||line 262, col 7 to line 262, col 21 of module twoPhaseSingleShard: 36
@!@!@ENDMSG 2221 @!@!@
@!@!@STARTMSG 2221:0 @!@!@
  ||line 389, col 40 to line 389, col 40 of module twoPhaseSingleShard: 36
@!@!@ENDMSG 2221 @!@!@
@!@!@STARTMSG 2221:0 @!@!@
  ||line 389, col 43 to line 389, col 54 of module twoPhaseSingleShard: 15
@!@!@ENDMSG 2221 @!@!@
@!@!@STARTMSG 2221:0 @!@!@
  line 390, col 16 to line 390, col 41 of module twoPhaseSingleShard: 31
@!@!@ENDMSG 2221 @!@!@
@!@!@STARTMSG 2221:0 @!@!@
  line 391, col 16 to line 391, col 150 of module twoPhaseSingleShard: 31
@!@!@ENDMSG 2221 @!@!@
@!@!@STARTMSG 2221:0 @!@!@
  line 392, col 16 to line 392, col 112 of module twoPhaseSingleShard: 31
@!@!@ENDMSG 2221 @!@!@
@!@!@STARTMSG 2221:0 @!@!@
  line 257, col 51 to line 257, col 73 of module twoPhaseSingleShard: 20
@!@!@ENDMSG 2221 @!@!@
@!@!@STARTMSG 2221:0 @!@!@
  |line 257, col 51 to line 257, col 68 of module twoPhaseSingleShard: 15
@!@!@ENDMSG 2221 @!@!@
@!@!@STARTMSG 2221:0 @!@!@
  |line 257, col 72 to line 257, col 73 of module twoPhaseSingleShard: 15
@!@!@ENDMSG 2221 @!@!@
@!@!@STARTMSG 2221:0 @!@!@
  line 257, col 35 to line 257, col 47 of module twoPhaseSingleShard: 36
@!@!@ENDMSG 2221 @!@!@
@!@!@STARTMSG 2775:0 @!@!@
  |line 256, col 24 to line 256, col 50 of module twoPhaseSingleShard: 36:51
@!@!@ENDMSG 2775 @!@!@
@!@!@STARTMSG 2221:0 @!@!@
  ||line 256, col 26 to line 256, col 29 of module twoPhaseSingleShard: 15
@!@!@ENDMSG 2221 @!@!@
@!@!@STARTMSG 2221:0 @!@!@
  |||line 255, col 15 to line 255, col 79 of module twoPhaseSingleShard: 15
@!@!@ENDMSG 2221 @!@!@
@!@!@STARTMSG 2221:0 @!@!@
  ||||line 255, col 16 to line 255, col 46 of module twoPhaseSingleShard: 41
@!@!@ENDMSG 2221 @!@!@
@!@!@STARTMSG 2221:0 @!@!@
  ||||line 255, col 56 to line 255, col 78 of module twoPhaseSingleShard: 15
@!@!@ENDMSG 2221 @!@!@
@!@!@STARTMSG 2221:0 @!@!@
  |||line 256, col 28 to line 256, col 28 of module twoPhaseSingleShard: 15
@!@!@ENDMSG 2221 @!@!@
@!@!@STARTMSG 2221:0 @!@!@
  ||line 256, col 39 to line 256, col 48 of module twoPhaseSingleShard: 36
@!@!@ENDMSG 2221 @!@!@
@!@!@STARTMSG 2221:0 @!@!@
  line 395, col 39 to line 395, col 39 of module twoPhaseSingleShard: 36
@!@!@ENDMSG 2221 @!@!@
@!@!@STARTMSG 2221:0 @!@!@
  line 395, col 42 to line 395, col 53 of module twoPhaseSingleShard: 15
@!@!@ENDMSG 2221 @!@!@
@!@!@STARTMSG 2221:0 @!@!@
  line 396, col 16 to line 396, col 50 of module twoPhaseSingleShard: 5
@!@!@ENDMSG 2221 @!@!@
@!@!@STARTMSG 2221:0 @!@!@
  line 397, col 16 to line 397, col 150 of module twoPhaseSingleShard: 5
@!@!@ENDMSG 2221 @!@!@
@!@!@STARTMSG 2221:0 @!@!@
  line 398, col 16 to line 398, col 111 of module twoPhaseSingleShard: 5
@!@!@ENDMSG 2221 @!@!@
@!@!@STARTMSG 2221:0 @!@!@
  line 1283, col 42 to line 1283, col 54 of module twoPhaseSingleShard: 36
@!@!@ENDMSG 2221 @!@!@
@!@!@STARTMSG 2221:0 @!@!@
  line 1283, col 57 to line 1283, col 57 of module twoPhaseSingleShard: 36
@!@!@ENDMSG 2221 @!@!@
@!@!@STARTMSG 2221:0 @!@!@
  line 1283, col 60 to line 1283, col 86 of module twoPhaseSingleShard: 36
@!@!@ENDMSG 2221 @!@!@
@!@!@STARTMSG 2221:0 @!@!@
  line 1283, col 89 to line 1283, col 91 of module twoPhaseSingleShard: 36
@!@!@ENDMSG 2221 @!@!@
@!@!@STARTMSG 2221:0 @!@!@
  line 1284, col 8 to line 1284, col 55 of module twoPhaseSingleShard: 36
@!@!@ENDMSG 2221 @!@!@
@!@!@STARTMSG 2221:0 @!@!@
  line 1285, col 8 to line 1286, col 58 of module twoPhaseSingleShard: 36
@!@!@ENDMSG 2221 @!@!@
@!@!@STARTMSG 2221:0 @!@!@
  line 1387, col 24 to line 1387, col 24 of module twoPhaseSingleShard: 106
@!@!@ENDMSG 2221 @!@!@
@!@!@STARTMSG 2772:0 @!@!@
<Next line 1369, col 3 to line 1369, col 6 of module twoPhaseSingleShard (1423 7 1425 35)>: 4:4
@!@!@ENDMSG 2772 @!@!@
@!@!@STARTMSG 2221:0 @!@!@
  line 1292, col 8 to line 1292, col 31 of module twoPhaseSingleShard: 607
@!@!@ENDMSG 2221 @!@!@
@!@!@STARTMSG 2221:0 @!@!@
  |line 1292, col 8 to line 1292, col 19 of module twoPhaseSingleShard: 603
@!@!@ENDMSG 2221 @!@!@
@!@!@STARTMSG 2221:0 @!@!@
  line 1293, col 8 to line 1293, col 81 of module twoPhaseSingleShard: 13
@!@!@ENDMSG 2221 @!@!@
@!@!@STARTMSG 2221:0 @!@!@
  |line 1293, col 10 to line 1293, col 80 of module twoPhaseSingleShard: 9
@!@!@ENDMSG 2221 @!@!@
@!@!@STARTMSG 2221:0 @!@!@
  line 1294, col 8 to line 1294, col 44 of module twoPhaseSingleShard: 8
@!@!@ENDMSG 2221 @!@!@
@!@!@STARTMSG 2221:0 @!@!@
  |line 1294, col 8 to line 1294, col 8 of module twoPhaseSingleShard: 4
@!@!@ENDMSG 2221 @!@!@
@!@!@STARTMSG 2221:0 @!@!@
  |line 1294, col 14 to line 1294, col 44 of module twoPhaseSingleShard: 4
@!@!@ENDMSG 2221 @!@!@
@!@!@STARTMSG 2221:0 @!@!@
  line 820, col 9 to line 820, col 29 of module twoPhaseSingleShard: 4
@!@!@ENDMSG 2221 @!@!@
@!@!@STARTMSG 2221:0 @!@!@
  |line 820, col 9 to line 820, col 25 of module twoPhaseSingleShard: 4
@!@!@ENDMSG 2221 @!@!@
@!@!@STARTMSG 2221:0 @!@!@
  ||line 820, col 21 to line 820, col 24 of module twoPhaseSingleShard: 4
@!@!@ENDMSG 2221 @!@!@
@!@!@STARTMSG 2221:0 @!@!@
  |||line 806, col 12 to line 810, col 20 of module twoPhaseSingleShard: 4
@!@!@ENDMSG 2221 @!@!@
@!@!@STARTMSG 2221:0 @!@!@
  ||||line 806, col 40 to line 809, col 50 of module twoPhaseSingleShard: 26
@!@!@ENDMSG 2221 @!@!@
@!@!@STARTMSG 2221:0 @!@!@
  ||||line 806, col 19 to line 806, col 36 of module twoPhaseSingleShard: 4
@!@!@ENDMSG 2221 @!@!@
@!@!@STARTMSG 2775:0 @!@!@
  |||||line 58, col 5 to line 58, col 47 of module twoPhaseSingleShard: 4:30
@!@!@ENDMSG 2775 @!@!@
@!@!@STARTMSG 2221:0 @!@!@
  ||||||line 58, col 31 to line 58, col 45 of module twoPhaseSingleShard: 26
@!@!@ENDMSG 2221 @!@!@
@!@!@STARTMSG 2221:0 @!@!@
  ||||||line 58, col 13 to line 58, col 27 of module twoPhaseSingleShard: 4
@!@!@ENDMSG 2221 @!@!@
@!@!@STARTMSG 2221:0 @!@!@
  |||||line 806, col 32 to line 806, col 35 of module twoPhaseSingleShard: 4
@!@!@ENDMSG 2221 @!@!@
@!@!@STARTMSG 2221:0 @!@!@
  line 72, col 12 to line 72, col 39 of module twoPhaseSingleShard: 4
@!@!@ENDMSG 2221 @!@!@
@!@!@STARTMSG 2221:0 @!@!@
  line 821, col 15 to line 826, col 52 of module twoPhaseSingleShard: 4
@!@!@ENDMSG 2221 @!@!@
@!@!@STARTMSG 2221:0 @!@!@
  |line 822, col 20 to line 822, col 28 of module twoPhaseSingleShard: 4
@!@!@ENDMSG 2221 @!@!@
@!@!@STARTMSG 2221:0 @!@!@
  |line 823, col 20 to line 823, col 28 of module twoPhaseSingleShard: 4
@!@!@ENDMSG 2221 @!@!@
@!@!@STARTMSG 2221:0 @!@!@
  |line 824, col 37 to line 824, col 104 of module twoPhaseSingleShard: 4
@!@!@ENDMSG 2221 @!@!@
@!@!@STARTMSG 2221:0 @!@!@
  ||line 771, col 3 to line 780, col 9 of module twoPhaseSingleShard: 8
@!@!@ENDMSG 2221 @!@!@
@!@!@STARTMSG 2221:0 @!@!@
  |||line 771, col 6 to line 771, col 45 of module twoPhaseSingleShard: 8
@!@!@ENDMSG 2221 @!@!@
@!@!@STARTMSG 2221:0 @!@!@
  |||line 773, col 7 to line 778, col 65 of module twoPhaseSingleShard: 8
@!@!@ENDMSG 2221 @!@!@
@!@!@STARTMSG 2221:0 @!@!@
  ||||line 773, col 10 to line 773, col 23 of module twoPhaseSingleShard: 8
@!@!@ENDMSG 2221 @!@!@
@!@!@STARTMSG 2221:0 @!@!@
  ||||line 773, col 30 to line 773, col 33 of module twoPhaseSingleShard: 4
@!@!@ENDMSG 2221 @!@!@
@!@!@STARTMSG 2221:0 @!@!@
  ||||line 777, col 19 to line 777, col 35 of module twoPhaseSingleShard: 4
@!@!@ENDMSG 2221 @!@!@
@!@!@STARTMSG 2775:0 @!@!@
  ||||line 776, col 20 to line 776, col 89 of module twoPhaseSingleShard: 4:8
@!@!@ENDMSG 2775 @!@!@
@!@!@STARTMSG 2221:0 @!@!@
  ||||line 778, col 12 to line 778, col 65 of module twoPhaseSingleShard: 4
@!@!@ENDMSG 2221 @!@!@
@!@!@STARTMSG 2221:0 @!@!@
  ||line 824, col 46 to line 824, col 71 of module twoPhaseSingleShard: 4
@!@!@ENDMSG 2221 @!@!@
@!@!@STARTMSG 2221:0 @!@!@
  ||line 824, col 74 to line 824, col 99 of module twoPhaseSingleShard: 4
@!@!@ENDMSG 2221 @!@!@
@!@!@STARTMSG 2221:0 @!@!@
  |||line 824, col 81 to line 824, col 99 of module twoPhaseSingleShard: 4
@!@!@ENDMSG 2221 @!@!@
@!@!@STARTMSG 2221:0 @!@!@
  ||||line 805, col 27 to line 805, col 101 of module twoPhaseSingleShard: 4
@!@!@ENDMSG 2221 @!@!@
@!@!@STARTMSG 2221:0 @!@!@
  |||||line 803, col 19 to line 803, col 58 of module twoPhaseSingleShard: 4
@!@!@ENDMSG 2221 @!@!@
@!@!@STARTMSG 2221:0 @!@!@
  ||||||line 113, col 3 to line 113, col 57 of module twoPhaseSingleShard: 4
@!@!@ENDMSG 2221 @!@!@
@!@!@STARTMSG 2775:0 @!@!@
  |||||||line 113, col 9 to line 113, col 57 of module twoPhaseSingleShard: 4:8
@!@!@ENDMSG 2775 @!@!@
@!@!@STARTMSG 2221:0 @!@!@
  ||||||||line 113, col 10 to line 113, col 37 of module twoPhaseSingleShard: 4
@!@!@ENDMSG 2221 @!@!@
@!@!@STARTMSG 2221:0 @!@!@
  |||||||||line 106, col 3 to line 110, col 12 of module twoPhaseSingleShard: 8
@!@!@ENDMSG 2221 @!@!@
@!@!@STARTMSG 2221:0 @!@!@
  ||||||||||line 106, col 6 to line 106, col 43 of module twoPhaseSingleShard: 8
@!@!@ENDMSG 2221 @!@!@
@!@!@STARTMSG 2221:0 @!@!@
  ||||||||||line 108, col 23 to line 108, col 30 of module twoPhaseSingleShard: 8
@!@!@ENDMSG 2221 @!@!@
@!@!@STARTMSG 2221:0 @!@!@
  ||||||||||line 109, col 10 to line 109, col 82 of module twoPhaseSingleShard: 8
@!@!@ENDMSG 2221 @!@!@
@!@!@STARTMSG 2221:0 @!@!@
  |||||||||||line 109, col 10 to line 109, col 17 of module twoPhaseSingleShard: 8
@!@!@ENDMSG 2221 @!@!@
@!@!@STARTMSG 2221:0 @!@!@
  |||||||||||line 109, col 24 to line 109, col 82 of module twoPhaseSingleShard: 8
@!@!@ENDMSG 2221 @!@!@
@!@!@STARTMSG 2775:0 @!@!@
  ||||||||||||line 109, col 30 to line 109, col 82 of module twoPhaseSingleShard: 8:4
@!@!@ENDMSG 2775 @!@!@
@!@!@STARTMSG 2221:0 @!@!@
  |||||||||||||line 109, col 31 to line 109, col 63 of module twoPhaseSingleShard: 4
@!@!@ENDMSG 2221 @!@!@
@!@!@STARTMSG 2221:0 @!@!@
  |||||||||||||line 109, col 74 to line 109, col 81 of module twoPhaseSingleShard: 8
@!@!@ENDMSG 2221 @!@!@
@!@!@STARTMSG 2221:0 @!@!@
  |||||||||line 113, col 22 to line 113, col 26 of module twoPhaseSingleShard: 4
@!@!@ENDMSG 2221 @!@!@
@!@!@STARTMSG 2221:0 @!@!@
  |||||||||line 113, col 29 to line 113, col 33 of module twoPhaseSingleShard: 4
@!@!@ENDMSG 2221 @!@!@
@!@!@STARTMSG 2221:0 @!@!@
  ||||||||line 113, col 51 to line 113, col 56 of module twoPhaseSingleShard: 4
@!@!@ENDMSG 2221 @!@!@
@!@!@STARTMSG 2221:0 @!@!@
  ||||||line 803, col 34 to line 803, col 45 of module twoPhaseSingleShard: 4
@!@!@ENDMSG 2221 @!@!@
@!@!@STARTMSG 2221:0 @!@!@
  ||||||line 803, col 48 to line 803, col 57 of module twoPhaseSingleShard: 4
@!@!@ENDMSG 2221 @!@!@
@!@!@STARTMSG 2775:0 @!@!@
  |||||line 804, col 10 to line 804, col 34 of module twoPhaseSingleShard: 4:4
@!@!@ENDMSG 2775 @!@!@
@!@!@STARTMSG 2221:0 @!@!@
  |||||line 805, col 36 to line 805, col 50 of module twoPhaseSingleShard: 4
@!@!@ENDMSG 2221 @!@!@
@!@!@STARTMSG 2221:0 @!@!@
  |||||line 805, col 53 to line 805, col 78 of module twoPhaseSingleShard: 4
@!@!@ENDMSG 2221 @!@!@
@!@!@STARTMSG 2221:0 @!@!@
  |||||line 805, col 81 to line 805, col 100 of module twoPhaseSingleShard: 4
@!@!@ENDMSG 2221 @!@!@
@!@!@STARTMSG 2221:0 @!@!@
  ||||||line 800, col 23 to line 800, col 101 of module twoPhaseSingleShard: 4
@!@!@ENDMSG 2221 @!@!@
@!@!@STARTMSG 2221:0 @!@!@
  |||||||line 800, col 30 to line 800, col 44 of module twoPhaseSingleShard: 4
@!@!@ENDMSG 2221 @!@!@
@!@!@STARTMSG 2221:0 @!@!@
  ||||||||line 798, col 23 to line 798, col 52 of module twoPhaseSingleShard: 4
@!@!@ENDMSG 2221 @!@!@
@!@!@STARTMSG 2221:0 @!@!@
  |||||||||line 798, col 23 to line 798, col 34 of module twoPhaseSingleShard: 4
@!@!@ENDMSG 2221 @!@!@
@!@!@STARTMSG 2221:0 @!@!@
  ||||||||||line 796, col 20 to line 796, col 76 of module twoPhaseSingleShard: 4
@!@!@ENDMSG 2221 @!@!@
@!@!@STARTMSG 2775:0 @!@!@
  |||||||||||line 796, col 26 to line 796, col 76 of module twoPhaseSingleShard: 4:4
@!@!@ENDMSG 2775 @!@!@
@!@!@STARTMSG 2221:0 @!@!@
  ||||||||||||line 796, col 27 to line 796, col 54 of module twoPhaseSingleShard: 4
@!@!@ENDMSG 2221 @!@!@
@!@!@STARTMSG 2221:0 @!@!@
  |||||||||||||line 96, col 5 to line 100, col 14 of module twoPhaseSingleShard: 8
@!@!@ENDMSG 2221 @!@!@
@!@!@STARTMSG 2221:0 @!@!@
  ||||||||||||||line 96, col 8 to line 96, col 46 of module twoPhaseSingleShard: 8
@!@!@ENDMSG 2221 @!@!@
@!@!@STARTMSG 2221:0 @!@!@
  ||||||||||||||line 98, col 9 to line 99, col 102 of module twoPhaseSingleShard: 8
@!@!@ENDMSG 2221 @!@!@
@!@!@STARTMSG 2221:0 @!@!@
  |||||||||||||||line 98, col 12 to line 98, col 29 of module twoPhaseSingleShard: 8
@!@!@ENDMSG 2221 @!@!@
@!@!@STARTMSG 2221:0 @!@!@
  |||||||||||||||line 98, col 36 to line 98, col 37 of module twoPhaseSingleShard: 4
@!@!@ENDMSG 2221 @!@!@
@!@!@STARTMSG 2221:0 @!@!@
  |||||||||||||||line 99, col 14 to line 99, col 102 of module twoPhaseSingleShard: 4
@!@!@ENDMSG 2221 @!@!@
@!@!@STARTMSG 2221:0 @!@!@
  |||||||||||||line 796, col 40 to line 796, col 40 of module twoPhaseSingleShard: 4
@!@!@ENDMSG 2221 @!@!@
@!@!@STARTMSG 2221:0 @!@!@
  |||||||||||||line 796, col 43 to line 796, col 50 of module twoPhaseSingleShard: 4
@!@!@ENDMSG 2221 @!@!@
@!@!@STARTMSG 2221:0 @!@!@
  ||||||||||||line 796, col 64 to line 796, col 75 of module twoPhaseSingleShard: 4
@!@!@ENDMSG 2221 @!@!@
@!@!@STARTMSG 2221:0 @!@!@
  |||||||||line 798, col 41 to line 798, col 52 of module twoPhaseSingleShard: 4
@!@!@ENDMSG 2221 @!@!@
@!@!@STARTMSG 2221:0 @!@!@
  ||||||line 801, col 16 to line 801, col 53 of module twoPhaseSingleShard: 4
@!@!@ENDMSG 2221 @!@!@
@!@!@STARTMSG 2221:0 @!@!@
  |line 825, col 20 to line 825, col 35 of module twoPhaseSingleShard: 4
@!@!@ENDMSG 2221 @!@!@
@!@!@STARTMSG 2221:0 @!@!@
  |line 826, col 33 to line 826, col 51 of module twoPhaseSingleShard: 4
@!@!@ENDMSG 2221 @!@!@
@!@!@STARTMSG 2221:0 @!@!@
  ||line 805, col 27 to line 805, col 101 of module twoPhaseSingleShard: 4
@!@!@ENDMSG 2221 @!@!@
@!@!@STARTMSG 2221:0 @!@!@
  |||line 803, col 19 to line 803, col 58 of module twoPhaseSingleShard: 4
@!@!@ENDMSG 2221 @!@!@
@!@!@STARTMSG 2221:0 @!@!@
  ||||line 113, col 3 to line 113, col 57 of module twoPhaseSingleShard: 4
@!@!@ENDMSG 2221 @!@!@
@!@!@STARTMSG 2775:0 @!@!@
  |||||line 113, col 9 to line 113, col 57 of module twoPhaseSingleShard: 4:8
@!@!@ENDMSG 2775 @!@!@
@!@!@STARTMSG 2221:0 @!@!@
  ||||||line 113, col 10 to line 113, col 37 of module twoPhaseSingleShard: 4
@!@!@ENDMSG 2221 @!@!@
@!@!@STARTMSG 2221:0 @!@!@
  |||||||line 106, col 3 to line 110, col 12 of module twoPhaseSingleShard: 8
@!@!@ENDMSG 2221 @!@!@
@!@!@STARTMSG 2221:0 @!@!@
  ||||||||line 106, col 6 to line 106, col 43 of module twoPhaseSingleShard: 8
@!@!@ENDMSG 2221 @!@!@
@!@!@STARTMSG 2221:0 @!@!@
  ||||||||line 108, col 23 to line 108, col 30 of module twoPhaseSingleShard: 8
@!@!@ENDMSG 2221 @!@!@
@!@!@STARTMSG 2221:0 @!@!@
  ||||||||line 109, col 10 to line 109, col 82 of module twoPhaseSingleShard: 8
@!@!@ENDMSG 2221 @!@!@
@!@!@STARTMSG 2221:0 @!@!@
  |||||||||line 109, col 10 to line 109, col 17 of module twoPhaseSingleShard: 8
@!@!@ENDMSG 2221 @!@!@
@!@!@STARTMSG 2221:0 @!@!@
  |||||||||line 109, col 24 to line 109, col 82 of module twoPhaseSingleShard: 8
@!@!@ENDMSG 2221 @!@!@
@!@!@STARTMSG 2775:0 @!@!@
  ||||||||||line 109, col 30 to line 109, col 82 of module twoPhaseSingleShard: 8:4
@!@!@ENDMSG 2775 @!@!@
@!@!@STARTMSG 2221:0 @!@!@
  |||||||||||line 109, col 31 to line 109, col 63 of module twoPhaseSingleShard: 4
@!@!@ENDMSG 2221 @!@!@
@!@!@STARTMSG 2221:0 @!@!@
  |||||||||||line 109, col 74 to line 109, col 81 of module twoPhaseSingleShard: 8
@!@!@ENDMSG 2221 @!@!@
@!@!@STARTMSG 2221:0 @!@!@
  |||||||line 113, col 22 to line 113, col 26 of module twoPhaseSingleShard: 4
@!@!@ENDMSG 2221 @!@!@
@!@!@STARTMSG 2221:0 @!@!@
  |||||||line 113, col 29 to line 113, col 33 of module twoPhaseSingleShard: 4
@!@!@ENDMSG 2221 @!@!@
@!@!@STARTMSG 2221:0 @!@!@
  ||||||line 113, col 51 to line 113, col 56 of module twoPhaseSingleShard: 4
@!@!@ENDMSG 2221 @!@!@
@!@!@STARTMSG 2221:0 @!@!@
  ||||line 803, col 34 to line 803, col 45 of module twoPhaseSingleShard: 4
@!@!@ENDMSG 2221 @!@!@
@!@!@STARTMSG 2221:0 @!@!@
  ||||line 803, col 48 to line 803, col 57 of module twoPhaseSingleShard: 4
@!@!@ENDMSG 2221 @!@!@
@!@!@STARTMSG 2775:0 @!@!@
  |||line 804, col 10 to line 804, col 34 of module twoPhaseSingleShard: 4:4
@!@!@ENDMSG 2775 @!@!@
@!@!@STARTMSG 2221:0 @!@!@
  |||line 805, col 36 to line 805, col 50 of module twoPhaseSingleShard: 4
@!@!@ENDMSG 2221 @!@!@
@!@!@STARTMSG 2221:0 @!@!@
  |||line 805, col 53 to line 805, col 78 of module twoPhaseSingleShard: 4
@!@!@ENDMSG 2221 @!@!@
@!@!@STARTMSG 2221:0 @!@!@
  |||line 805, col 81 to line 805, col 100 of module twoPhaseSingleShard: 4
@!@!@ENDMSG 2221 @!@!@
@!@!@STARTMSG 2221:0 @!@!@
  ||||line 800, col 23 to line 800, col 101 of module twoPhaseSingleShard: 4
@!@!@ENDMSG 2221 @!@!@
@!@!@STARTMSG 2221:0 @!@!@
  |||||line 800, col 30 to line 800, col 44 of module twoPhaseSingleShard: 4
@!@!@ENDMSG 2221 @!@!@
@!@!@STARTMSG 2221:0 @!@!@
  ||||||line 798, col 23 to line 798, col 52 of module twoPhaseSingleShard: 4
@!@!@ENDMSG 2221 @!@!@
@!@!@STARTMSG 2221:0 @!@!@
  |||||||line 798, col 23 to line 798, col 34 of module twoPhaseSingleShard: 4
@!@!@ENDMSG 2221 @!@!@
@!@!@STARTMSG 2221:0 @!@!@
  ||||||||line 796, col 20 to line 796, col 76 of module twoPhaseSingleShard: 4
@!@!@ENDMSG 2221 @!@!@
@!@!@STARTMSG 2775:0 @!@!@
  |||||||||line 796, col 26 to line 796, col 76 of module twoPhaseSingleShard: 4:4
@!@!@ENDMSG 2775 @!@!@
@!@!@STARTMSG 2221:0 @!@!@
  ||||||||||line 796, col 27 to line 796, col 54 of module twoPhaseSingleShard: 4
@!@!@ENDMSG 2221 @!@!@
@!@!@STARTMSG 2221:0 @!@!@
  |||||||||||line 96, col 5 to line 100, col 14 of module twoPhaseSingleShard: 8
@!@!@ENDMSG 2221 @!@!@
@!@!@STARTMSG 2221:0 @!@!@
  ||||||||||||line 96, col 8 to line 96, col 46 of module twoPhaseSingleShard: 8
@!@!@ENDMSG 2221 @!@!@
@!@!@STARTMSG 2221:0 @!@!@
  ||||||||||||line 98, col 9 to line 99, col 102 of module twoPhaseSingleShard: 8
@!@!@ENDMSG 2221 @!@!@
@!@!@STARTMSG 2221:0 @!@!@
  |||||||||||||line 98, col 12 to line 98, col 29 of module twoPhaseSingleShard: 8
@!@!@ENDMSG 2221 @!@!@
@!@!@STARTMSG 2221:0 @!@!@
  |||||||||||||line 98, col 36 to line 98, col 37 of module twoPhaseSingleShard: 4
@!@!@ENDMSG 2221 @!@!@
@!@!@STARTMSG 2221:0 @!@!@
  |||||||||||||line 99, col 14 to line 99, col 102 of module twoPhaseSingleShard: 4
@!@!@ENDMSG 2221 @!@!@
@!@!@STARTMSG 2221:0 @!@!@
  |||||||||||line 796, col 40 to line 796, col 40 of module twoPhaseSingleShard: 4
@!@!@ENDMSG 2221 @!@!@
@!@!@STARTMSG 2221:0 @!@!@
  |||||||||||line 796, col 43 to line 796, col 50 of module twoPhaseSingleShard: 4
@!@!@ENDMSG 2221 @!@!@
@!@!@STARTMSG 2221:0 @!@!@
  ||||||||||line 796, col 64 to line 796, col 75 of module twoPhaseSingleShard: 4
@!@!@ENDMSG 2221 @!@!@
@!@!@STARTMSG 2221:0 @!@!@
  |||||||line 798, col 41 to line 798, col 52 of module twoPhaseSingleShard: 4
@!@!@ENDMSG 2221 @!@!@
@!@!@STARTMSG 2221:0 @!@!@
  ||||line 801, col 16 to line 801, col 53 of module twoPhaseSingleShard: 4
@!@!@ENDMSG 2221 @!@!@
@!@!@STARTMSG 2221:0 @!@!@
  line 1295, col 21 to line 1295, col 21 of module twoPhaseSingleShard: 4
@!@!@ENDMSG 2221 @!@!@
@!@!@STARTMSG 2221:0 @!@!@
  line 1295, col 24 to line 1295, col 34 of module twoPhaseSingleShard: 4
@!@!@ENDMSG 2221 @!@!@
@!@!@STARTMSG 2221:0 @!@!@
  line 1295, col 52 to line 1295, col 92 of module twoPhaseSingleShard: 4
@!@!@ENDMSG 2221 @!@!@
@!@!@STARTMSG 2221:0 @!@!@
  line 1295, col 95 to line 1295, col 113 of module twoPhaseSingleShard: 4
@!@!@ENDMSG 2221 @!@!@
@!@!@STARTMSG 2221:0 @!@!@
  line 1295, col 116 to line 1295, col 125 of module twoPhaseSingleShard: 4
@!@!@ENDMSG 2221 @!@!@
@!@!@STARTMSG 2221:0 @!@!@
  line 1296, col 8 to line 1296, col 23 of module twoPhaseSingleShard: 4
@!@!@ENDMSG 2221 @!@!@
@!@!@STARTMSG 2221:0 @!@!@
  line 1297, col 8 to line 1297, col 188 of module twoPhaseSingleShard: 4
@!@!@ENDMSG 2221 @!@!@
@!@!@STARTMSG 2221:0 @!@!@
  line 1424, col 28 to line 1424, col 28 of module twoPhaseSingleShard: 9
@!@!@ENDMSG 2221 @!@!@
@!@!@STARTMSG 2221:0 @!@!@
  line 1424, col 31 to line 1424, col 31 of module twoPhaseSingleShard: 603
@!@!@ENDMSG 2221 @!@!@
@!@!@STARTMSG 2221:0 @!@!@
  line 1425, col 16 to line 1425, col 35 of module twoPhaseSingleShard: 4
@!@!@ENDMSG 2221 @!@!@
@!@!@STARTMSG 2221:0 @!@!@
  line 1423, col 16 to line 1423, col 20 of module twoPhaseSingleShard: 33
@!@!@ENDMSG 2221 @!@!@
@!@!@STARTMSG 2221:0 @!@!@
  line 1423, col 29 to line 1423, col 46 of module twoPhaseSingleShard: 33
@!@!@ENDMSG 2221 @!@!@
@!@!@STARTMSG 2775:0 @!@!@
  |line 58, col 5 to line 58, col 47 of module twoPhaseSingleShard: 33:234
@!@!@ENDMSG 2775 @!@!@
@!@!@STARTMSG 2221:0 @!@!@
  ||line 58, col 31 to line 58, col 45 of module twoPhaseSingleShard: 201
@!@!@ENDMSG 2221 @!@!@
@!@!@STARTMSG 2221:0 @!@!@
  ||line 58, col 13 to line 58, col 27 of module twoPhaseSingleShard: 33
@!@!@ENDMSG 2221 @!@!@
@!@!@STARTMSG 2221:0 @!@!@
  |line 1423, col 42 to line 1423, col 45 of module twoPhaseSingleShard: 33
@!@!@ENDMSG 2221 @!@!@
@!@!@STARTMSG 2772:0 @!@!@
<Next line 1369, col 3 to line 1369, col 6 of module twoPhaseSingleShard (1428 7 1430 35)>: 0:0
@!@!@ENDMSG 2772 @!@!@
@!@!@STARTMSG 2221:0 @!@!@
  line 1303, col 8 to line 1303, col 39 of module twoPhaseSingleShard: 603
@!@!@ENDMSG 2221 @!@!@
@!@!@STARTMSG 2221:0 @!@!@
  line 866, col 9 to line 866, col 124 of module twoPhaseSingleShard: 0
@!@!@ENDMSG 2221 @!@!@
@!@!@STARTMSG 2221:0 @!@!@
  line 867, col 9 to line 870, col 122 of module twoPhaseSingleShard: 0
@!@!@ENDMSG 2221 @!@!@
@!@!@STARTMSG 2221:0 @!@!@
  line 871, col 9 to line 871, col 117 of module twoPhaseSingleShard: 0
@!@!@ENDMSG 2221 @!@!@
@!@!@STARTMSG 2221:0 @!@!@
  line 874, col 9 to line 874, col 41 of module twoPhaseSingleShard: 0
@!@!@ENDMSG 2221 @!@!@
@!@!@STARTMSG 2221:0 @!@!@
  line 877, col 9 to line 877, col 124 of module twoPhaseSingleShard: 0
@!@!@ENDMSG 2221 @!@!@
@!@!@STARTMSG 2221:0 @!@!@
  line 878, col 9 to line 881, col 122 of module twoPhaseSingleShard: 0
@!@!@ENDMSG 2221 @!@!@
@!@!@STARTMSG 2221:0 @!@!@
  line 882, col 9 to line 882, col 117 of module twoPhaseSingleShard: 0
@!@!@ENDMSG 2221 @!@!@
@!@!@STARTMSG 2221:0 @!@!@
  line 72, col 12 to line 72, col 39 of module twoPhaseSingleShard: 0
@!@!@ENDMSG 2221 @!@!@
@!@!@STARTMSG 2221:0 @!@!@
  line 1308, col 8 to line 1308, col 23 of module twoPhaseSingleShard: 0
@!@!@ENDMSG 2221 @!@!@
@!@!@STARTMSG 2221:0 @!@!@
  line 1309, col 8 to line 1309, col 121 of module twoPhaseSingleShard: 0
@!@!@ENDMSG 2221 @!@!@
@!@!@STARTMSG 2221:0 @!@!@
  line 1429, col 39 to line 1429, col 39 of module twoPhaseSingleShard: 603
@!@!@ENDMSG 2221 @!@!@
@!@!@STARTMSG 2221:0 @!@!@
  line 1428, col 16 to line 1428, col 20 of module twoPhaseSingleShard: 33
@!@!@ENDMSG 2221 @!@!@
@!@!@STARTMSG 2221:0 @!@!@
  line 1428, col 29 to line 1428, col 46 of module twoPhaseSingleShard: 33
@!@!@ENDMSG 2221 @!@!@
@!@!@STARTMSG 2775:0 @!@!@
  |line 58, col 5 to line 58, col 47 of module twoPhaseSingleShard: 33:234
@!@!@ENDMSG 2775 @!@!@
@!@!@STARTMSG 2221:0 @!@!@
  ||line 58, col 31 to line 58, col 45 of module twoPhaseSingleShard: 201
@!@!@ENDMSG 2221 @!@!@
@!@!@STARTMSG 2221:0 @!@!@
  ||line 58, col 13 to line 58, col 27 of module twoPhaseSingleShard: 33
@!@!@ENDMSG 2221 @!@!@
@!@!@STARTMSG 2221:0 @!@!@
  |line 1428, col 42 to line 1428, col 45 of module twoPhaseSingleShard: 33
@!@!@ENDMSG 2221 @!@!@
@!@!@STARTMSG 2772:0 @!@!@
<Next line 1369, col 3 to line 1369, col 6 of module twoPhaseSingleShard (1434 7 1434 45)>: 0:0
@!@!@ENDMSG 2772 @!@!@
@!@!@STARTMSG 2221:0 @!@!@
  line 1331, col 7 to line 1331, col 27 of module twoPhaseSingleShard: 201
@!@!@ENDMSG 2221 @!@!@
@!@!@STARTMSG 2221:0 @!@!@
  line 1332, col 7 to line 1332, col 36 of module twoPhaseSingleShard: 0
@!@!@ENDMSG 2221 @!@!@
@!@!@STARTMSG 2221:0 @!@!@
  line 1334, col 7 to line 1334, col 38 of module twoPhaseSingleShard: 0
@!@!@ENDMSG 2221 @!@!@
@!@!@STARTMSG 2221:0 @!@!@
  line 1335, col 7 to line 1335, col 22 of module twoPhaseSingleShard: 0
@!@!@ENDMSG 2221 @!@!@
@!@!@STARTMSG 2221:0 @!@!@
  line 1336, col 7 to line 1337, col 92 of module twoPhaseSingleShard: 0
@!@!@ENDMSG 2221 @!@!@
@!@!@STARTMSG 2221:0 @!@!@
  line 1434, col 44 to line 1434, col 44 of module twoPhaseSingleShard: 201
@!@!@ENDMSG 2221 @!@!@
@!@!@STARTMSG 2221:0 @!@!@
  line 1434, col 16 to line 1434, col 33 of module twoPhaseSingleShard: 33
@!@!@ENDMSG 2221 @!@!@
@!@!@STARTMSG 2775:0 @!@!@
  |line 58, col 5 to line 58, col 47 of module twoPhaseSingleShard: 33:234
@!@!@ENDMSG 2775 @!@!@
@!@!@STARTMSG 2221:0 @!@!@
  ||line 58, col 31 to line 58, col 45 of module twoPhaseSingleShard: 201
@!@!@ENDMSG 2221 @!@!@
@!@!@STARTMSG 2221:0 @!@!@
  ||line 58, col 13 to line 58, col 27 of module twoPhaseSingleShard: 33
@!@!@ENDMSG 2221 @!@!@
@!@!@STARTMSG 2221:0 @!@!@
  |line 1434, col 29 to line 1434, col 32 of module twoPhaseSingleShard: 33
@!@!@ENDMSG 2221 @!@!@
@!@!@STARTMSG 2774:0 @!@!@
<LeadingEdgeInvariant line 1459, col 3 to line 1459, col 22 of module twoPhaseSingleShard>
@!@!@ENDMSG 2774 @!@!@
@!@!@STARTMSG 2221:0 @!@!@
  line 1464, col 3 to line 1466, col 45 of module twoPhaseSingleShard: 100
@!@!@ENDMSG 2221 @!@!@
@!@!@STARTMSG 2221:0 @!@!@
  |line 1465, col 5 to line 1466, col 45 of module twoPhaseSingleShard: 900
@!@!@ENDMSG 2221 @!@!@
@!@!@STARTMSG 2221:0 @!@!@
  ||line 1465, col 5 to line 1465, col 91 of module twoPhaseSingleShard: 900
@!@!@ENDMSG 2221 @!@!@
@!@!@STARTMSG 2221:0 @!@!@
  ||line 1466, col 7 to line 1466, col 45 of module twoPhaseSingleShard: 676
@!@!@ENDMSG 2221 @!@!@
@!@!@STARTMSG 2221:0 @!@!@
  |line 1464, col 17 to line 1464, col 21 of module twoPhaseSingleShard: 100
@!@!@ENDMSG 2221 @!@!@
@!@!@STARTMSG 2774:0 @!@!@
<DependencyInvariant line 1468, col 3 to line 1468, col 21 of module twoPhaseSingleShard>
@!@!@ENDMSG 2774 @!@!@
@!@!@STARTMSG 2775:0 @!@!@
  line 1470, col 14 to line 1470, col 72 of module twoPhaseSingleShard: 100:15300
@!@!@ENDMSG 2775 @!@!@
@!@!@STARTMSG 2221:0 @!@!@
  |line 1470, col 16 to line 1470, col 36 of module twoPhaseSingleShard: 300
@!@!@ENDMSG 2221 @!@!@
@!@!@STARTMSG 2221:0 @!@!@
  |line 1470, col 46 to line 1470, col 70 of module twoPhaseSingleShard: 100
@!@!@ENDMSG 2221 @!@!@
@!@!@STARTMSG 2221:0 @!@!@
  line 1472, col 3 to line 1480, col 44 of module twoPhaseSingleShard: 100
@!@!@ENDMSG 2221 @!@!@
@!@!@STARTMSG 2221:0 @!@!@
  |line 1473, col 5 to line 1480, col 44 of module twoPhaseSingleShard: 900
@!@!@ENDMSG 2221 @!@!@
@!@!@STARTMSG 2221:0 @!@!@
  ||line 1474, col 9 to line 1480, col 44 of module twoPhaseSingleShard: 8100
@!@!@ENDMSG 2221 @!@!@
@!@!@STARTMSG 2221:0 @!@!@
  |||line 1474, col 9 to line 1478, col 47 of module twoPhaseSingleShard: 8100
@!@!@ENDMSG 2221 @!@!@
@!@!@STARTMSG 2221:0 @!@!@
  ||||line 1474, col 12 to line 1474, col 51 of module twoPhaseSingleShard: 8100
@!@!@ENDMSG 2221 @!@!@
@!@!@STARTMSG 2221:0 @!@!@
  ||||line 1475, col 12 to line 1475, col 51 of module twoPhaseSingleShard: 3015
@!@!@ENDMSG 2221 @!@!@
@!@!@STARTMSG 2221:0 @!@!@
  ||||line 1476, col 12 to line 1476, col 51 of module twoPhaseSingleShard: 1575
@!@!@ENDMSG 2221 @!@!@
@!@!@STARTMSG 2221:0 @!@!@
  ||||line 1477, col 12 to line 1477, col 51 of module twoPhaseSingleShard: 992
@!@!@ENDMSG 2221 @!@!@
@!@!@STARTMSG 2221:0 @!@!@
  ||||line 1478, col 12 to line 1478, col 47 of module twoPhaseSingleShard: 869
@!@!@ENDMSG 2221 @!@!@
@!@!@STARTMSG 2221:0 @!@!@
  |||line 1480, col 9 to line 1480, col 44 of module twoPhaseSingleShard: 33
@!@!@ENDMSG 2221 @!@!@
@!@!@STARTMSG 2221:0 @!@!@
  ||line 1473, col 17 to line 1473, col 23 of module twoPhaseSingleShard: 900
@!@!@ENDMSG 2221 @!@!@
@!@!@STARTMSG 2221:0 @!@!@
  |line 1472, col 17 to line 1472, col 21 of module twoPhaseSingleShard: 100
@!@!@ENDMSG 2221 @!@!@
@!@!@STARTMSG 2774:0 @!@!@
<DummyInvariant2 line 1453, col 2 to line 1453, col 16 of module twoPhaseSingleShard>
@!@!@ENDMSG 2774 @!@!@
@!@!@STARTMSG 2221:0 @!@!@
  line 1454, col 5 to line 1454, col 47 of module twoPhaseSingleShard: 100
@!@!@ENDMSG 2221 @!@!@
@!@!@STARTMSG 2774:0 @!@!@
<CommitAbortInvariant line 1482, col 3 to line 1482, col 22 of module twoPhaseSingleShard>
@!@!@ENDMSG 2774 @!@!@
@!@!@STARTMSG 2221:0 @!@!@
  line 1483, col 4 to line 1488, col 22 of module twoPhaseSingleShard: 100
@!@!@ENDMSG 2221 @!@!@
@!@!@STARTMSG 2221:0 @!@!@
  |line 1484, col 7 to line 1488, col 22 of module twoPhaseSingleShard: 6171
@!@!@ENDMSG 2221 @!@!@
@!@!@STARTMSG 2221:0 @!@!@
  ||line 1484, col 7 to line 1487, col 30 of module twoPhaseSingleShard: 6171
@!@!@ENDMSG 2221 @!@!@
@!@!@STARTMSG 2221:0 @!@!@
  |||line 1484, col 11 to line 1484, col 28 of module twoPhaseSingleShard: 6171
@!@!@ENDMSG 2221 @!@!@
@!@!@STARTMSG 2221:0 @!@!@
  |||line 1485, col 11 to line 1485, col 27 of module twoPhaseSingleShard: 476
@!@!@ENDMSG 2221 @!@!@
@!@!@STARTMSG 2221:0 @!@!@
  |||line 1486, col 11 to line 1486, col 29 of module twoPhaseSingleShard: 13
@!@!@ENDMSG 2221 @!@!@
@!@!@STARTMSG 2221:0 @!@!@
  |||line 1487, col 11 to line 1487, col 29 of module twoPhaseSingleShard: 13
@!@!@ENDMSG 2221 @!@!@
@!@!@STARTMSG 2221:0 @!@!@
  ||line 1488, col 10 to line 1488, col 22 of module twoPhaseSingleShard: 13
@!@!@ENDMSG 2221 @!@!@
@!@!@STARTMSG 2221:0 @!@!@
  |line 1483, col 18 to line 1483, col 29 of module twoPhaseSingleShard: 100
@!@!@ENDMSG 2221 @!@!@
@!@!@STARTMSG 2774:0 @!@!@
<ConflictingTxNodeCommit line 1490, col 3 to line 1490, col 25 of module twoPhaseSingleShard>
@!@!@ENDMSG 2774 @!@!@
@!@!@STARTMSG 2775:0 @!@!@
  line 1492, col 14 to line 1492, col 72 of module twoPhaseSingleShard: 100:1700
@!@!@ENDMSG 2775 @!@!@
@!@!@STARTMSG 2221:0 @!@!@
  |line 1492, col 16 to line 1492, col 36 of module twoPhaseSingleShard: 300
@!@!@ENDMSG 2221 @!@!@
@!@!@STARTMSG 2221:0 @!@!@
  |line 1492, col 46 to line 1492, col 70 of module twoPhaseSingleShard: 100
@!@!@ENDMSG 2221 @!@!@
@!@!@STARTMSG 2221:0 @!@!@
  line 1494, col 3 to line 1505, col 52 of module twoPhaseSingleShard: 100
@!@!@ENDMSG 2221 @!@!@
@!@!@STARTMSG 2221:0 @!@!@
  |line 1495, col 5 to line 1505, col 52 of module twoPhaseSingleShard: 900
@!@!@ENDMSG 2221 @!@!@
@!@!@STARTMSG 2221:0 @!@!@
  ||line 1496, col 7 to line 1505, col 52 of module twoPhaseSingleShard: 8100
@!@!@ENDMSG 2221 @!@!@
@!@!@STARTMSG 2221:0 @!@!@
  |||line 1496, col 9 to line 1505, col 51 of module twoPhaseSingleShard: 8100
@!@!@ENDMSG 2221 @!@!@
@!@!@STARTMSG 2221:0 @!@!@
  ||||line 1496, col 9 to line 1504, col 51 of module twoPhaseSingleShard: 8100
@!@!@ENDMSG 2221 @!@!@
@!@!@STARTMSG 2221:0 @!@!@
  |||||line 1496, col 9 to line 1503, col 55 of module twoPhaseSingleShard: 8100
@!@!@ENDMSG 2221 @!@!@
@!@!@STARTMSG 2221:0 @!@!@
  ||||||line 1496, col 9 to line 1502, col 59 of module twoPhaseSingleShard: 8100
@!@!@ENDMSG 2221 @!@!@
@!@!@STARTMSG 2221:0 @!@!@
  |||||||line 1496, col 9 to line 1501, col 56 of module twoPhaseSingleShard: 8100
@!@!@ENDMSG 2221 @!@!@
@!@!@STARTMSG 2221:0 @!@!@
  ||||||||line 1496, col 9 to line 1499, col 55 of module twoPhaseSingleShard: 8100
@!@!@ENDMSG 2221 @!@!@
@!@!@STARTMSG 2221:0 @!@!@
  |||||||||line 1496, col 9 to line 1498, col 59 of module twoPhaseSingleShard: 8100
@!@!@ENDMSG 2221 @!@!@
@!@!@STARTMSG 2221:0 @!@!@
  ||||||||||line 1496, col 9 to line 1497, col 56 of module twoPhaseSingleShard: 8100
@!@!@ENDMSG 2221 @!@!@
@!@!@STARTMSG 2221:0 @!@!@
  |||||||||||line 1496, col 9 to line 1496, col 20 of module twoPhaseSingleShard: 8100
@!@!@ENDMSG 2221 @!@!@
@!@!@STARTMSG 2221:0 @!@!@
  |||||||||||line 1497, col 10 to line 1497, col 56 of module twoPhaseSingleShard: 5400
@!@!@ENDMSG 2221 @!@!@
@!@!@STARTMSG 2221:0 @!@!@
  ||||||||||line 1498, col 10 to line 1498, col 59 of module twoPhaseSingleShard: 504
@!@!@ENDMSG 2221 @!@!@
@!@!@STARTMSG 2221:0 @!@!@
  |||||||||line 1499, col 10 to line 1499, col 55 of module twoPhaseSingleShard: 504
@!@!@ENDMSG 2221 @!@!@
@!@!@STARTMSG 2221:0 @!@!@
  ||||||||line 1501, col 10 to line 1501, col 56 of module twoPhaseSingleShard: 87
@!@!@ENDMSG 2221 @!@!@
@!@!@STARTMSG 2221:0 @!@!@
  ||line 1495, col 17 to line 1495, col 21 of module twoPhaseSingleShard: 900
@!@!@ENDMSG 2221 @!@!@
@!@!@STARTMSG 2221:0 @!@!@
  |line 1494, col 19 to line 1494, col 25 of module twoPhaseSingleShard: 100
@!@!@ENDMSG 2221 @!@!@
@!@!@STARTMSG 2774:0 @!@!@
<CatchUpInvariants line 1531, col 1 to line 1531, col 17 of module twoPhaseSingleShard>
@!@!@ENDMSG 2774 @!@!@
@!@!@STARTMSG 2221:0 @!@!@
  line 1537, col 9 to line 1537, col 53 of module twoPhaseSingleShard: 100
@!@!@ENDMSG 2221 @!@!@
@!@!@STARTMSG 2221:0 @!@!@
  |line 1537, col 26 to line 1537, col 53 of module twoPhaseSingleShard: 300
@!@!@ENDMSG 2221 @!@!@
@!@!@STARTMSG 2221:0 @!@!@
  ||line 1537, col 26 to line 1537, col 48 of module twoPhaseSingleShard: 300
@!@!@ENDMSG 2221 @!@!@
@!@!@STARTMSG 2221:0 @!@!@
  |||line 1537, col 38 to line 1537, col 47 of module twoPhaseSingleShard: 300
@!@!@ENDMSG 2221 @!@!@
@!@!@STARTMSG 2221:0 @!@!@
  ||||line 1532, col 31 to line 1535, col 20 of module twoPhaseSingleShard: 300
@!@!@ENDMSG 2221 @!@!@
@!@!@STARTMSG 2221:0 @!@!@
  |||||line 1532, col 59 to line 1534, col 50 of module twoPhaseSingleShard: 2295
@!@!@ENDMSG 2221 @!@!@
@!@!@STARTMSG 2221:0 @!@!@
  ||||||line 1532, col 59 to line 1533, col 61 of module twoPhaseSingleShard: 2295
@!@!@ENDMSG 2221 @!@!@
@!@!@STARTMSG 2221:0 @!@!@
  |||||||line 1532, col 59 to line 1532, col 79 of module twoPhaseSingleShard: 2295
@!@!@ENDMSG 2221 @!@!@
@!@!@STARTMSG 2221:0 @!@!@
  |||||||line 1533, col 42 to line 1533, col 61 of module twoPhaseSingleShard: 48
@!@!@ENDMSG 2221 @!@!@
@!@!@STARTMSG 2221:0 @!@!@
  ||||||line 1534, col 42 to line 1534, col 50 of module twoPhaseSingleShard: 48
@!@!@ENDMSG 2221 @!@!@
@!@!@STARTMSG 2221:0 @!@!@
  |||||line 1532, col 38 to line 1532, col 55 of module twoPhaseSingleShard: 300
@!@!@ENDMSG 2221 @!@!@
@!@!@STARTMSG 2775:0 @!@!@
  ||||||line 58, col 5 to line 58, col 47 of module twoPhaseSingleShard: 300:2595
@!@!@ENDMSG 2775 @!@!@
@!@!@STARTMSG 2221:0 @!@!@
  |||||||line 58, col 31 to line 58, col 45 of module twoPhaseSingleShard: 2295
@!@!@ENDMSG 2221 @!@!@
@!@!@STARTMSG 2221:0 @!@!@
  |||||||line 58, col 13 to line 58, col 27 of module twoPhaseSingleShard: 300
@!@!@ENDMSG 2221 @!@!@
@!@!@STARTMSG 2221:0 @!@!@
  ||||||line 1532, col 51 to line 1532, col 54 of module twoPhaseSingleShard: 300
@!@!@ENDMSG 2221 @!@!@
@!@!@STARTMSG 2221:0 @!@!@
  ||||line 1537, col 43 to line 1537, col 43 of module twoPhaseSingleShard: 48
@!@!@ENDMSG 2221 @!@!@
@!@!@STARTMSG 2221:0 @!@!@
  |line 1537, col 18 to line 1537, col 22 of module twoPhaseSingleShard: 100
@!@!@ENDMSG 2221 @!@!@
@!@!@STARTMSG 2774:0 @!@!@
<PreparedInvariant line 1548, col 1 to line 1548, col 17 of module twoPhaseSingleShard>
@!@!@ENDMSG 2774 @!@!@
@!@!@STARTMSG 2221:0 @!@!@
  line 1553, col 9 to line 1553, col 50 of module twoPhaseSingleShard: 100
@!@!@ENDMSG 2221 @!@!@
@!@!@STARTMSG 2221:0 @!@!@
  |line 1553, col 26 to line 1553, col 50 of module twoPhaseSingleShard: 300
@!@!@ENDMSG 2221 @!@!@
@!@!@STARTMSG 2221:0 @!@!@
  ||line 1553, col 26 to line 1553, col 45 of module twoPhaseSingleShard: 300
@!@!@ENDMSG 2221 @!@!@
@!@!@STARTMSG 2221:0 @!@!@
  |||line 1553, col 38 to line 1553, col 44 of module twoPhaseSingleShard: 300
@!@!@ENDMSG 2221 @!@!@
@!@!@STARTMSG 2221:0 @!@!@
  ||||line 1549, col 20 to line 1551, col 20 of module twoPhaseSingleShard: 300
@!@!@ENDMSG 2221 @!@!@
@!@!@STARTMSG 2221:0 @!@!@
  |||||line 1549, col 48 to line 1550, col 50 of module twoPhaseSingleShard: 2295
@!@!@ENDMSG 2221 @!@!@
@!@!@STARTMSG 2221:0 @!@!@
  ||||||line 1549, col 48 to line 1549, col 69 of module twoPhaseSingleShard: 2295
@!@!@ENDMSG 2221 @!@!@
@!@!@STARTMSG 2221:0 @!@!@
  ||||||line 1550, col 42 to line 1550, col 50 of module twoPhaseSingleShard: 855
@!@!@ENDMSG 2221 @!@!@
@!@!@STARTMSG 2221:0 @!@!@
  |||||line 1549, col 27 to line 1549, col 44 of module twoPhaseSingleShard: 300
@!@!@ENDMSG 2221 @!@!@
@!@!@STARTMSG 2775:0 @!@!@
  ||||||line 58, col 5 to line 58, col 47 of module twoPhaseSingleShard: 300:2595
@!@!@ENDMSG 2775 @!@!@
@!@!@STARTMSG 2221:0 @!@!@
  |||||||line 58, col 31 to line 58, col 45 of module twoPhaseSingleShard: 2295
@!@!@ENDMSG 2221 @!@!@
@!@!@STARTMSG 2221:0 @!@!@
  |||||||line 58, col 13 to line 58, col 27 of module twoPhaseSingleShard: 300
@!@!@ENDMSG 2221 @!@!@
@!@!@STARTMSG 2221:0 @!@!@
  ||||||line 1549, col 40 to line 1549, col 43 of module twoPhaseSingleShard: 300
@!@!@ENDMSG 2221 @!@!@
@!@!@STARTMSG 2221:0 @!@!@
  ||||line 1553, col 43 to line 1553, col 43 of module twoPhaseSingleShard: 297
@!@!@ENDMSG 2221 @!@!@
@!@!@STARTMSG 2221:0 @!@!@
  |line 1553, col 18 to line 1553, col 22 of module twoPhaseSingleShard: 100
@!@!@ENDMSG 2221 @!@!@
@!@!@STARTMSG 2774:0 @!@!@
<PreparedTxInvariant line 1557, col 1 to line 1557, col 19 of module twoPhaseSingleShard>
@!@!@ENDMSG 2774 @!@!@
@!@!@STARTMSG 2775:0 @!@!@
  line 1562, col 19 to line 1562, col 77 of module twoPhaseSingleShard: 100:400
@!@!@ENDMSG 2775 @!@!@
@!@!@STARTMSG 2221:0 @!@!@
  |line 1562, col 21 to line 1562, col 41 of module twoPhaseSingleShard: 300
@!@!@ENDMSG 2221 @!@!@
@!@!@STARTMSG 2221:0 @!@!@
  |line 1562, col 51 to line 1562, col 75 of module twoPhaseSingleShard: 100
@!@!@ENDMSG 2221 @!@!@
@!@!@STARTMSG 2221:0 @!@!@
  line 1564, col 9 to line 1565, col 41 of module twoPhaseSingleShard: 100
@!@!@ENDMSG 2221 @!@!@
@!@!@STARTMSG 2221:0 @!@!@
  |line 1565, col 13 to line 1565, col 41 of module twoPhaseSingleShard: 900
@!@!@ENDMSG 2221 @!@!@
@!@!@STARTMSG 2221:0 @!@!@
  ||line 1565, col 13 to line 1565, col 36 of module twoPhaseSingleShard: 900
@!@!@ENDMSG 2221 @!@!@
@!@!@STARTMSG 2221:0 @!@!@
  |||line 1565, col 25 to line 1565, col 35 of module twoPhaseSingleShard: 900
@!@!@ENDMSG 2221 @!@!@
@!@!@STARTMSG 2221:0 @!@!@
  ||||line 1558, col 24 to line 1561, col 25 of module twoPhaseSingleShard: 900
@!@!@ENDMSG 2221 @!@!@
@!@!@STARTMSG 2221:0 @!@!@
  |||||line 1558, col 52 to line 1560, col 53 of module twoPhaseSingleShard: 6885
@!@!@ENDMSG 2221 @!@!@
@!@!@STARTMSG 2221:0 @!@!@
  ||||||line 1558, col 52 to line 1559, col 53 of module twoPhaseSingleShard: 6885
@!@!@ENDMSG 2221 @!@!@
@!@!@STARTMSG 2221:0 @!@!@
  |||||||line 1558, col 52 to line 1558, col 73 of module twoPhaseSingleShard: 6885
@!@!@ENDMSG 2221 @!@!@
@!@!@STARTMSG 2221:0 @!@!@
  |||||||line 1559, col 45 to line 1559, col 53 of module twoPhaseSingleShard: 2565
@!@!@ENDMSG 2221 @!@!@
@!@!@STARTMSG 2221:0 @!@!@
  ||||||line 1560, col 45 to line 1560, col 53 of module twoPhaseSingleShard: 855
@!@!@ENDMSG 2221 @!@!@
@!@!@STARTMSG 2221:0 @!@!@
  |||||line 1558, col 31 to line 1558, col 48 of module twoPhaseSingleShard: 900
@!@!@ENDMSG 2221 @!@!@
@!@!@STARTMSG 2775:0 @!@!@
  ||||||line 58, col 5 to line 58, col 47 of module twoPhaseSingleShard: 900:7785
@!@!@ENDMSG 2775 @!@!@
@!@!@STARTMSG 2221:0 @!@!@
  |||||||line 58, col 31 to line 58, col 45 of module twoPhaseSingleShard: 6885
@!@!@ENDMSG 2221 @!@!@
@!@!@STARTMSG 2221:0 @!@!@
  |||||||line 58, col 13 to line 58, col 27 of module twoPhaseSingleShard: 900
@!@!@ENDMSG 2221 @!@!@
@!@!@STARTMSG 2221:0 @!@!@
  ||||||line 1558, col 44 to line 1558, col 47 of module twoPhaseSingleShard: 900
@!@!@ENDMSG 2221 @!@!@
@!@!@STARTMSG 2221:0 @!@!@
  ||||line 1565, col 30 to line 1565, col 30 of module twoPhaseSingleShard: 891
@!@!@ENDMSG 2221 @!@!@
@!@!@STARTMSG 2221:0 @!@!@
  ||||line 1565, col 33 to line 1565, col 34 of module twoPhaseSingleShard: 726
@!@!@ENDMSG 2221 @!@!@
@!@!@STARTMSG 2221:0 @!@!@
  |line 1564, col 18 to line 1564, col 22 of module twoPhaseSingleShard: 100
@!@!@ENDMSG 2221 @!@!@
@!@!@STARTMSG 2221:0 @!@!@
  |line 1564, col 32 to line 1564, col 38 of module twoPhaseSingleShard: 100
@!@!@ENDMSG 2221 @!@!@
@!@!@STARTMSG 2774:0 @!@!@
<PreparedTxInvariant2 line 1568, col 1 to line 1568, col 20 of module twoPhaseSingleShard>
@!@!@ENDMSG 2774 @!@!@
@!@!@STARTMSG 2775:0 @!@!@
  line 1574, col 20 to line 1574, col 78 of module twoPhaseSingleShard: 100:400
@!@!@ENDMSG 2775 @!@!@
@!@!@STARTMSG 2221:0 @!@!@
  |line 1574, col 22 to line 1574, col 42 of module twoPhaseSingleShard: 300
@!@!@ENDMSG 2221 @!@!@
@!@!@STARTMSG 2221:0 @!@!@
  |line 1574, col 52 to line 1574, col 76 of module twoPhaseSingleShard: 100
@!@!@ENDMSG 2221 @!@!@
@!@!@STARTMSG 2221:0 @!@!@
  line 1576, col 9 to line 1577, col 91 of module twoPhaseSingleShard: 100
@!@!@ENDMSG 2221 @!@!@
@!@!@STARTMSG 2221:0 @!@!@
  |line 1577, col 13 to line 1577, col 91 of module twoPhaseSingleShard: 900
@!@!@ENDMSG 2221 @!@!@
@!@!@STARTMSG 2221:0 @!@!@
  ||line 1577, col 13 to line 1577, col 86 of module twoPhaseSingleShard: 900
@!@!@ENDMSG 2221 @!@!@
@!@!@STARTMSG 2221:0 @!@!@
  |||line 1577, col 13 to line 1577, col 48 of module twoPhaseSingleShard: 900
@!@!@ENDMSG 2221 @!@!@
@!@!@STARTMSG 2221:0 @!@!@
  ||||line 1577, col 25 to line 1577, col 47 of module twoPhaseSingleShard: 900
@!@!@ENDMSG 2221 @!@!@
@!@!@STARTMSG 2221:0 @!@!@
  |||||line 1569, col 30 to line 1573, col 25 of module twoPhaseSingleShard: 900
@!@!@ENDMSG 2221 @!@!@
@!@!@STARTMSG 2221:0 @!@!@
  ||||||line 1569, col 58 to line 1571, col 54 of module twoPhaseSingleShard: 6885
@!@!@ENDMSG 2221 @!@!@
@!@!@STARTMSG 2221:0 @!@!@
  |||||||line 1569, col 58 to line 1570, col 54 of module twoPhaseSingleShard: 6885
@!@!@ENDMSG 2221 @!@!@
@!@!@STARTMSG 2221:0 @!@!@
  ||||||||line 1569, col 58 to line 1569, col 73 of module twoPhaseSingleShard: 6885
@!@!@ENDMSG 2221 @!@!@
@!@!@STARTMSG 2221:0 @!@!@
  ||||||||line 1570, col 46 to line 1570, col 54 of module twoPhaseSingleShard: 2565
@!@!@ENDMSG 2221 @!@!@
@!@!@STARTMSG 2221:0 @!@!@
  |||||||line 1571, col 46 to line 1571, col 54 of module twoPhaseSingleShard: 855
@!@!@ENDMSG 2221 @!@!@
@!@!@STARTMSG 2221:0 @!@!@
  ||||||line 1569, col 37 to line 1569, col 54 of module twoPhaseSingleShard: 900
@!@!@ENDMSG 2221 @!@!@
@!@!@STARTMSG 2775:0 @!@!@
  |||||||line 58, col 5 to line 58, col 47 of module twoPhaseSingleShard: 900:7785
@!@!@ENDMSG 2775 @!@!@
@!@!@STARTMSG 2221:0 @!@!@
  ||||||||line 58, col 31 to line 58, col 45 of module twoPhaseSingleShard: 6885
@!@!@ENDMSG 2221 @!@!@
@!@!@STARTMSG 2221:0 @!@!@
  ||||||||line 58, col 13 to line 58, col 27 of module twoPhaseSingleShard: 900
@!@!@ENDMSG 2221 @!@!@
@!@!@STARTMSG 2221:0 @!@!@
  |||||||line 1569, col 50 to line 1569, col 53 of module twoPhaseSingleShard: 900
@!@!@ENDMSG 2221 @!@!@
@!@!@STARTMSG 2221:0 @!@!@
  |||||line 1577, col 30 to line 1577, col 30 of module twoPhaseSingleShard: 891
@!@!@ENDMSG 2221 @!@!@
@!@!@STARTMSG 2221:0 @!@!@
  |||||line 1577, col 33 to line 1577, col 34 of module twoPhaseSingleShard: 726
@!@!@ENDMSG 2221 @!@!@
@!@!@STARTMSG 2221:0 @!@!@
  |||line 1577, col 52 to line 1577, col 86 of module twoPhaseSingleShard: 900
@!@!@ENDMSG 2221 @!@!@
@!@!@STARTMSG 2221:0 @!@!@
  ||||line 1577, col 64 to line 1577, col 85 of module twoPhaseSingleShard: 900
@!@!@ENDMSG 2221 @!@!@
@!@!@STARTMSG 2221:0 @!@!@
  |||||line 1569, col 30 to line 1573, col 25 of module twoPhaseSingleShard: 900
@!@!@ENDMSG 2221 @!@!@
@!@!@STARTMSG 2221:0 @!@!@
  ||||||line 1569, col 58 to line 1571, col 54 of module twoPhaseSingleShard: 6885
@!@!@ENDMSG 2221 @!@!@
@!@!@STARTMSG 2221:0 @!@!@
  |||||||line 1569, col 58 to line 1570, col 54 of module twoPhaseSingleShard: 6885
@!@!@ENDMSG 2221 @!@!@
@!@!@STARTMSG 2221:0 @!@!@
  ||||||||line 1569, col 58 to line 1569, col 73 of module twoPhaseSingleShard: 6885
@!@!@ENDMSG 2221 @!@!@
@!@!@STARTMSG 2221:0 @!@!@
  ||||||||line 1570, col 46 to line 1570, col 54 of module twoPhaseSingleShard: 648
@!@!@ENDMSG 2221 @!@!@
@!@!@STARTMSG 2221:0 @!@!@
  |||||||line 1571, col 46 to line 1571, col 54 of module twoPhaseSingleShard: 216
@!@!@ENDMSG 2221 @!@!@
@!@!@STARTMSG 2221:0 @!@!@
  ||||||line 1569, col 37 to line 1569, col 54 of module twoPhaseSingleShard: 900
@!@!@ENDMSG 2221 @!@!@
@!@!@STARTMSG 2775:0 @!@!@
  |||||||line 58, col 5 to line 58, col 47 of module twoPhaseSingleShard: 900:7785
@!@!@ENDMSG 2775 @!@!@
@!@!@STARTMSG 2221:0 @!@!@
  ||||||||line 58, col 31 to line 58, col 45 of module twoPhaseSingleShard: 6885
@!@!@ENDMSG 2221 @!@!@
@!@!@STARTMSG 2221:0 @!@!@
  ||||||||line 58, col 13 to line 58, col 27 of module twoPhaseSingleShard: 900
@!@!@ENDMSG 2221 @!@!@
@!@!@STARTMSG 2221:0 @!@!@
  |||||||line 1569, col 50 to line 1569, col 53 of module twoPhaseSingleShard: 900
@!@!@ENDMSG 2221 @!@!@
@!@!@STARTMSG 2221:0 @!@!@
  |||||line 1577, col 69 to line 1577, col 69 of module twoPhaseSingleShard: 522
@!@!@ENDMSG 2221 @!@!@
@!@!@STARTMSG 2221:0 @!@!@
  |||||line 1577, col 72 to line 1577, col 73 of module twoPhaseSingleShard: 216
@!@!@ENDMSG 2221 @!@!@
@!@!@STARTMSG 2221:0 @!@!@
  |line 1576, col 18 to line 1576, col 22 of module twoPhaseSingleShard: 100
@!@!@ENDMSG 2221 @!@!@
@!@!@STARTMSG 2221:0 @!@!@
  |line 1576, col 32 to line 1576, col 38 of module twoPhaseSingleShard: 100
@!@!@ENDMSG 2221 @!@!@
@!@!@STARTMSG 2774:0 @!@!@
<messgaeDuplicateInvariant line 1585, col 1 to line 1585, col 25 of module twoPhaseSingleShard>
@!@!@ENDMSG 2774 @!@!@
@!@!@STARTMSG 2221:0 @!@!@
  line 1585, col 30 to line 1585, col 63 of module twoPhaseSingleShard: 100
@!@!@ENDMSG 2221 @!@!@
@!@!@STARTMSG 2221:0 @!@!@
  |line 1585, col 53 to line 1585, col 63 of module twoPhaseSingleShard: 765
@!@!@ENDMSG 2221 @!@!@
@!@!@STARTMSG 2221:0 @!@!@
  |line 1585, col 39 to line 1585, col 49 of module twoPhaseSingleShard: 100
@!@!@ENDMSG 2221 @!@!@
@!@!@STARTMSG 2774:0 @!@!@
<CatchUpResponseInvariants line 1541, col 1 to line 1541, col 25 of module twoPhaseSingleShard>
@!@!@ENDMSG 2774 @!@!@
@!@!@STARTMSG 2221:0 @!@!@
  line 1546, col 9 to line 1546, col 50 of module twoPhaseSingleShard: 100
@!@!@ENDMSG 2221 @!@!@
@!@!@STARTMSG 2221:0 @!@!@
  |line 1546, col 26 to line 1546, col 50 of module twoPhaseSingleShard: 300
@!@!@ENDMSG 2221 @!@!@
@!@!@STARTMSG 2221:0 @!@!@
  ||line 1546, col 26 to line 1546, col 45 of module twoPhaseSingleShard: 300
@!@!@ENDMSG 2221 @!@!@
@!@!@STARTMSG 2221:0 @!@!@
  |||line 1546, col 38 to line 1546, col 44 of module twoPhaseSingleShard: 300
@!@!@ENDMSG 2221 @!@!@
@!@!@STARTMSG 2221:0 @!@!@
  ||||line 1542, col 20 to line 1544, col 20 of module twoPhaseSingleShard: 300
@!@!@ENDMSG 2221 @!@!@
@!@!@STARTMSG 2221:0 @!@!@
  |||||line 1542, col 48 to line 1543, col 50 of module twoPhaseSingleShard: 2295
@!@!@ENDMSG 2221 @!@!@
@!@!@STARTMSG 2221:0 @!@!@
  ||||||line 1542, col 48 to line 1542, col 76 of module twoPhaseSingleShard: 2295
@!@!@ENDMSG 2221 @!@!@
@!@!@STARTMSG 2221:0 @!@!@
  ||||||line 1543, col 42 to line 1543, col 50 of module twoPhaseSingleShard: 12
@!@!@ENDMSG 2221 @!@!@
@!@!@STARTMSG 2221:0 @!@!@
  |||||line 1542, col 27 to line 1542, col 44 of module twoPhaseSingleShard: 300
@!@!@ENDMSG 2221 @!@!@
@!@!@STARTMSG 2775:0 @!@!@
  ||||||line 58, col 5 to line 58, col 47 of module twoPhaseSingleShard: 300:2595
@!@!@ENDMSG 2775 @!@!@
@!@!@STARTMSG 2221:0 @!@!@
  |||||||line 58, col 31 to line 58, col 45 of module twoPhaseSingleShard: 2295
@!@!@ENDMSG 2221 @!@!@
@!@!@STARTMSG 2221:0 @!@!@
  |||||||line 58, col 13 to line 58, col 27 of module twoPhaseSingleShard: 300
@!@!@ENDMSG 2221 @!@!@
@!@!@STARTMSG 2221:0 @!@!@
  ||||||line 1542, col 40 to line 1542, col 43 of module twoPhaseSingleShard: 300
@!@!@ENDMSG 2221 @!@!@
@!@!@STARTMSG 2221:0 @!@!@
  ||||line 1546, col 43 to line 1546, col 43 of module twoPhaseSingleShard: 12
@!@!@ENDMSG 2221 @!@!@
@!@!@STARTMSG 2221:0 @!@!@
  |line 1546, col 18 to line 1546, col 22 of module twoPhaseSingleShard: 100
@!@!@ENDMSG 2221 @!@!@
@!@!@STARTMSG 2202:0 @!@!@
End of statistics.
@!@!@ENDMSG 2202 @!@!@
@!@!@STARTMSG 2200:0 @!@!@
Progress(8) at 2025-08-10 23:31:32: 174 states generated (3,417 s/min), 100 distinct states found (1,963 ds/min), 65 states left on queue.
@!@!@ENDMSG 2200 @!@!@
@!@!@STARTMSG 2199:0 @!@!@
174 states generated, 100 distinct states found, 65 states left on queue.
@!@!@ENDMSG 2199 @!@!@
@!@!@STARTMSG 2186:0 @!@!@
Finished in 3077ms at (2025-08-10 23:31:32)
@!@!@ENDMSG 2186 @!@!@
