@!@!@STARTMSG 2262:0 @!@!@
TLC2 Version 2.16 of 31 December 2020 (rev: cdddf55)
@!@!@ENDMSG 2262 @!@!@
@!@!@STARTMSG 2187:0 @!@!@
Running breadth-first search Model-Checking with fp 32 and seed 8162923863872575497 with 5 workers on 10 cores with 1214MB heap and 2730MB offheap memory [pid: 16711] (Mac OS X 10.16 x86_64, AdoptOpenJDK 14.0.1 x86_64, OffHeapDiskFPSet, DiskStateQueue).
@!@!@ENDMSG 2187 @!@!@
@!@!@STARTMSG 2220:0 @!@!@
Starting SANY...
@!@!@ENDMSG 2220 @!@!@
Parsing file /Users/junhaohu/Desktop/Files/twoPhaseSingleShard.toolbox/twoPhaseSingleShard/MC.tla
Parsing file /Users/junhaohu/Desktop/Files/twoPhaseSingleShard.toolbox/twoPhaseSingleShard/twoPhaseSingleShard.tla
Parsing file /private/var/folders/6x/qls53vqx0s58w_mhxknhtyp80000gn/T/AppTranslocation/D676D0F3-D299-4751-9C18-B0D41196A7ED/d/TLA+ Toolbox.app/Contents/Eclipse/plugins/org.lamport.tlatools_1.0.0.202012311918/tla2sany/StandardModules/TLC.tla
Parsing file /private/var/folders/6x/qls53vqx0s58w_mhxknhtyp80000gn/T/AppTranslocation/D676D0F3-D299-4751-9C18-B0D41196A7ED/d/TLA+ Toolbox.app/Contents/Eclipse/plugins/org.lamport.tlatools_1.0.0.202012311918/tla2sany/StandardModules/Integers.tla
Parsing file /private/var/folders/6x/qls53vqx0s58w_mhxknhtyp80000gn/T/AppTranslocation/D676D0F3-D299-4751-9C18-B0D41196A7ED/d/TLA+ Toolbox.app/Contents/Eclipse/plugins/org.lamport.tlatools_1.0.0.202012311918/tla2sany/StandardModules/Sequences.tla
Parsing file /private/var/folders/6x/qls53vqx0s58w_mhxknhtyp80000gn/T/AppTranslocation/D676D0F3-D299-4751-9C18-B0D41196A7ED/d/TLA+ Toolbox.app/Contents/Eclipse/plugins/org.lamport.tlatools_1.0.0.202012311918/tla2sany/StandardModules/FiniteSets.tla
Parsing file /Users/junhaohu/Desktop/Files/twoPhaseSingleShard.toolbox/twoPhaseSingleShard/FiniteSetsExt.tla
Parsing file /Users/junhaohu/Desktop/Files/twoPhaseSingleShard.toolbox/twoPhaseSingleShard/SequencesExt.tla
Parsing file /Users/junhaohu/Desktop/Files/twoPhaseSingleShard.toolbox/twoPhaseSingleShard/TLCExt.tla
Parsing file /private/var/folders/6x/qls53vqx0s58w_mhxknhtyp80000gn/T/AppTranslocation/D676D0F3-D299-4751-9C18-B0D41196A7ED/d/TLA+ Toolbox.app/Contents/Eclipse/plugins/org.lamport.tlatools_1.0.0.202012311918/tla2sany/StandardModules/Naturals.tla
Parsing file /Users/junhaohu/Desktop/Files/twoPhaseSingleShard.toolbox/twoPhaseSingleShard/Folds.tla
Parsing file /Users/junhaohu/Desktop/Files/twoPhaseSingleShard.toolbox/twoPhaseSingleShard/Functions.tla
Semantic processing of module Naturals
Semantic processing of module Integers
Semantic processing of module Sequences
Semantic processing of module FiniteSets
Semantic processing of module TLC
Semantic processing of module Folds
Semantic processing of module Functions
Semantic processing of module FiniteSetsExt
Semantic processing of module SequencesExt
Semantic processing of module TLCExt
Semantic processing of module twoPhaseSingleShard
Semantic processing of module MC
@!@!@STARTMSG 2219:0 @!@!@
SANY finished.
@!@!@ENDMSG 2219 @!@!@
@!@!@STARTMSG 2185:0 @!@!@
Starting... (2025-07-22 00:41:44)
@!@!@ENDMSG 2185 @!@!@
@!@!@STARTMSG 2212:0 @!@!@
Implied-temporal checking--satisfiability problem has 1 branches.
@!@!@ENDMSG 2212 @!@!@
@!@!@STARTMSG 2189:0 @!@!@
Computing initial states...
@!@!@ENDMSG 2189 @!@!@
@!@!@STARTMSG 2190:0 @!@!@
Finished computing initial states: 1 distinct state generated at 2025-07-22 00:41:45.
@!@!@ENDMSG 2190 @!@!@
@!@!@STARTMSG 2192:0 @!@!@
Checking temporal properties for the current state space with 2219 total distinct states at (2025-07-22 00:41:48)
@!@!@ENDMSG 2192 @!@!@
@!@!@STARTMSG 2267:0 @!@!@
Finished checking temporal properties in 00s at 2025-07-22 00:41:48
@!@!@ENDMSG 2267 @!@!@
@!@!@STARTMSG 2200:0 @!@!@
Progress(11) at 2025-07-22 00:41:48: 11,329 states generated (11,329 s/min), 5,080 distinct states found (5,080 ds/min), 2,856 states left on queue.
@!@!@ENDMSG 2200 @!@!@
@!@!@STARTMSG 2110:1 @!@!@
Invariant CommitAbortInvariant is violated.
@!@!@ENDMSG 2110 @!@!@
@!@!@STARTMSG 2121:1 @!@!@
The behavior up to this point is:
@!@!@ENDMSG 2121 @!@!@
@!@!@STARTMSG 2217:4 @!@!@
1: <Initial predicate>
/\ msgs = << >>
/\ failedNodes = {}
/\ pendingTransactions = <<1, 2>>
/\ localTransactionHistory = << [ leadingEdge |-> {},
     committed |-> {},
     aborted |-> {},
     prepared |-> {},
     heuristic |-> {} ],
   [ leadingEdge |-> {},
     committed |-> {},
     aborted |-> {},
     prepared |-> {},
     heuristic |-> {} ],
   [ leadingEdge |-> {},
     committed |-> {},
     aborted |-> {},
     prepared |-> {},
     heuristic |-> {} ] >>
/\ localTransactionalGraph = <<<< >>, << >>, << >>>>
/\ failedNodesCount = 0
/\ catchUpID = <<1, 1, 1>>
/\ lostMsgCount = 0
/\ rmState = ( <<1, 1, -1>> :> "follower" @@
  <<1, 1, 1>> :> "follower" @@
  <<1, 2, -1>> :> "follower" @@
  <<1, 2, 1>> :> "follower" @@
  <<1, 3, -1>> :> "follower" @@
  <<1, 3, 1>> :> "follower" @@
  <<2, 1, -1>> :> "follower" @@
  <<2, 1, 1>> :> "follower" @@
  <<2, 2, -1>> :> "follower" @@
  <<2, 2, 1>> :> "follower" @@
  <<2, 3, -1>> :> "follower" @@
  <<2, 3, 1>> :> "follower" )
/\ test = 0
/\ localNodesGraph = <<{}, {}, {}>>
/\ clientRequests = <<<<>>, <<>>, <<>>>>

@!@!@ENDMSG 2217 @!@!@
@!@!@STARTMSG 2217:4 @!@!@
2: <Next line 1358, col 13 to line 1359, col 35 of module twoPhaseSingleShard>
/\ msgs = << >>
/\ failedNodes = {}
/\ pendingTransactions = <<2>>
/\ localTransactionHistory = << [ leadingEdge |-> {},
     committed |-> {},
     aborted |-> {},
     prepared |-> {},
     heuristic |-> {} ],
   [ leadingEdge |-> {},
     committed |-> {},
     aborted |-> {},
     prepared |-> {},
     heuristic |-> {} ],
   [ leadingEdge |-> {},
     committed |-> {},
     aborted |-> {},
     prepared |-> {},
     heuristic |-> {} ] >>
/\ localTransactionalGraph = <<<< >>, << >>, << >>>>
/\ failedNodesCount = 0
/\ catchUpID = <<1, 1, 1>>
/\ lostMsgCount = 0
/\ rmState = ( <<1, 1, -1>> :> "follower" @@
  <<1, 1, 1>> :> "leader" @@
  <<1, 2, -1>> :> "follower" @@
  <<1, 2, 1>> :> "follower" @@
  <<1, 3, -1>> :> "follower" @@
  <<1, 3, 1>> :> "follower" @@
  <<2, 1, -1>> :> "follower" @@
  <<2, 1, 1>> :> "follower" @@
  <<2, 2, -1>> :> "follower" @@
  <<2, 2, 1>> :> "follower" @@
  <<2, 3, -1>> :> "follower" @@
  <<2, 3, 1>> :> "follower" )
/\ test = 0
/\ localNodesGraph = <<{}, {}, {}>>
/\ clientRequests = <<<<1>>, <<>>, <<>>>>

@!@!@ENDMSG 2217 @!@!@
@!@!@STARTMSG 2217:4 @!@!@
3: <Next line 1358, col 13 to line 1359, col 35 of module twoPhaseSingleShard>
/\ msgs = << >>
/\ failedNodes = {}
/\ pendingTransactions = <<>>
/\ localTransactionHistory = << [ leadingEdge |-> {},
     committed |-> {},
     aborted |-> {},
     prepared |-> {},
     heuristic |-> {} ],
   [ leadingEdge |-> {},
     committed |-> {},
     aborted |-> {},
     prepared |-> {},
     heuristic |-> {} ],
   [ leadingEdge |-> {},
     committed |-> {},
     aborted |-> {},
     prepared |-> {},
     heuristic |-> {} ] >>
/\ localTransactionalGraph = <<<< >>, << >>, << >>>>
/\ failedNodesCount = 0
/\ catchUpID = <<1, 1, 1>>
/\ lostMsgCount = 0
/\ rmState = ( <<1, 1, -1>> :> "follower" @@
  <<1, 1, 1>> :> "leader" @@
  <<1, 2, -1>> :> "follower" @@
  <<1, 2, 1>> :> "follower" @@
  <<1, 3, -1>> :> "follower" @@
  <<1, 3, 1>> :> "follower" @@
  <<2, 1, -1>> :> "follower" @@
  <<2, 1, 1>> :> "follower" @@
  <<2, 2, -1>> :> "follower" @@
  <<2, 2, 1>> :> "leader" @@
  <<2, 3, -1>> :> "follower" @@
  <<2, 3, 1>> :> "follower" )
/\ test = 0
/\ localNodesGraph = <<{}, {}, {}>>
/\ clientRequests = <<<<1>>, <<2>>, <<>>>>

@!@!@ENDMSG 2217 @!@!@
@!@!@STARTMSG 2217:4 @!@!@
4: <Next line 1361, col 13 to line 1362, col 35 of module twoPhaseSingleShard>
/\ msgs = ( [ type |-> "prepared",
    shard |-> 1,
    dst |-> 1,
    tn |-> 1,
    src |-> 1,
    shards |-> {1},
    leadingEdge |-> {} ] :>
      1 @@
  [ type |-> "prepare",
    shard |-> 1,
    dst |-> -1,
    tn |-> 1,
    dependency |-> {},
    src |-> 1,
    operations |->
        << [ type |-> "nodes",
             Operation |-> "add",
             sourceVertex |-> 0,
             shard |-> 1 ],
           [ type |-> "nodes",
             Operation |-> "add",
             sourceVertex |-> 1,
             shard |-> 1 ],
           [ type |-> "edges",
             Operation |-> "add",
             sourceVertex |-> 0,
             shard |-> 1,
             desVertex |-> 1 ] >>,
    shards |-> {1} ] :>
      1 )
/\ failedNodes = {}
/\ pendingTransactions = <<>>
/\ localTransactionHistory = << [ leadingEdge |-> {},
     committed |-> {},
     aborted |-> {},
     prepared |-> {1},
     heuristic |-> {} ],
   [ leadingEdge |-> {},
     committed |-> {},
     aborted |-> {},
     prepared |-> {},
     heuristic |-> {} ],
   [ leadingEdge |-> {},
     committed |-> {},
     aborted |-> {},
     prepared |-> {},
     heuristic |-> {} ] >>
/\ localTransactionalGraph = <<<<{}>>, << >>, << >>>>
/\ failedNodesCount = 0
/\ catchUpID = <<1, 1, 1>>
/\ lostMsgCount = 0
/\ rmState = ( <<1, 1, -1>> :> "follower" @@
  <<1, 1, 1>> :> "leader" @@
  <<1, 2, -1>> :> "follower" @@
  <<1, 2, 1>> :> "follower" @@
  <<1, 3, -1>> :> "follower" @@
  <<1, 3, 1>> :> "follower" @@
  <<2, 1, -1>> :> "follower" @@
  <<2, 1, 1>> :> "follower" @@
  <<2, 2, -1>> :> "follower" @@
  <<2, 2, 1>> :> "leader" @@
  <<2, 3, -1>> :> "follower" @@
  <<2, 3, 1>> :> "follower" )
/\ test = 0
/\ localNodesGraph = <<{}, {}, {}>>
/\ clientRequests = <<<<>>, <<2>>, <<>>>>

@!@!@ENDMSG 2217 @!@!@
@!@!@STARTMSG 2217:4 @!@!@
5: <Next line 1342, col 7 to line 1344, col 35 of module twoPhaseSingleShard>
/\ msgs = ( [ type |-> "prepared",
    shard |-> 1,
    dst |-> 1,
    tn |-> 1,
    src |-> 1,
    shards |-> {1},
    leadingEdge |-> {} ] :>
      1 @@
  [ type |-> "prepared",
    shard |-> 1,
    dst |-> 1,
    tn |-> 1,
    src |-> 3,
    shards |-> {1},
    leadingEdge |-> {} ] :>
      1 @@
  [ type |-> "prepare",
    shard |-> 1,
    dst |-> -1,
    tn |-> 1,
    dependency |-> {},
    src |-> 1,
    operations |->
        << [ type |-> "nodes",
             Operation |-> "add",
             sourceVertex |-> 0,
             shard |-> 1 ],
           [ type |-> "nodes",
             Operation |-> "add",
             sourceVertex |-> 1,
             shard |-> 1 ],
           [ type |-> "edges",
             Operation |-> "add",
             sourceVertex |-> 0,
             shard |-> 1,
             desVertex |-> 1 ] >>,
    shards |-> {1} ] :>
      1 )
/\ failedNodes = {}
/\ pendingTransactions = <<>>
/\ localTransactionHistory = << [ leadingEdge |-> {},
     committed |-> {},
     aborted |-> {},
     prepared |-> {1},
     heuristic |-> {} ],
   [ leadingEdge |-> {},
     committed |-> {},
     aborted |-> {},
     prepared |-> {},
     heuristic |-> {} ],
   [ leadingEdge |-> {},
     committed |-> {},
     aborted |-> {},
     prepared |-> {1},
     heuristic |-> {} ] >>
/\ localTransactionalGraph = <<<<{}>>, << >>, <<{}>>>>
/\ failedNodesCount = 0
/\ catchUpID = <<1, 1, 1>>
/\ lostMsgCount = 0
/\ rmState = ( <<1, 1, -1>> :> "follower" @@
  <<1, 1, 1>> :> "leader" @@
  <<1, 2, -1>> :> "follower" @@
  <<1, 2, 1>> :> "follower" @@
  <<1, 3, -1>> :> "follower" @@
  <<1, 3, 1>> :> "follower" @@
  <<2, 1, -1>> :> "follower" @@
  <<2, 1, 1>> :> "follower" @@
  <<2, 2, -1>> :> "follower" @@
  <<2, 2, 1>> :> "leader" @@
  <<2, 3, -1>> :> "follower" @@
  <<2, 3, 1>> :> "follower" )
/\ test = 1
/\ localNodesGraph = <<{}, {}, {}>>
/\ clientRequests = <<<<>>, <<2>>, <<>>>>

@!@!@ENDMSG 2217 @!@!@
@!@!@STARTMSG 2217:4 @!@!@
6: <Next line 1348, col 7 to line 1350, col 39 of module twoPhaseSingleShard>
/\ msgs = ( [ type |-> "committedResponse",
    shard |-> 1,
    dst |-> 1,
    tn |-> 1,
    src |-> 1,
    shards |-> {1} ] :>
      1 @@
  [ type |-> "prepared",
    shard |-> 1,
    dst |-> 1,
    tn |-> 1,
    src |-> 1,
    shards |-> {1},
    leadingEdge |-> {} ] :>
      1 @@
  [ type |-> "prepared",
    shard |-> 1,
    dst |-> 1,
    tn |-> 1,
    src |-> 3,
    shards |-> {1},
    leadingEdge |-> {} ] :>
      1 @@
  [ type |-> "commit",
    shard |-> 1,
    dst |-> -1,
    tn |-> 1,
    src |-> 1,
    operations |->
        << [ type |-> "nodes",
             Operation |-> "add",
             sourceVertex |-> 0,
             shard |-> 1 ],
           [ type |-> "nodes",
             Operation |-> "add",
             sourceVertex |-> 1,
             shard |-> 1 ],
           [ type |-> "edges",
             Operation |-> "add",
             sourceVertex |-> 0,
             shard |-> 1,
             desVertex |-> 1 ] >>,
    shards |-> {1} ] :>
      1 @@
  [ type |-> "prepare",
    shard |-> 1,
    dst |-> -1,
    tn |-> 1,
    dependency |-> {},
    src |-> 1,
    operations |->
        << [ type |-> "nodes",
             Operation |-> "add",
             sourceVertex |-> 0,
             shard |-> 1 ],
           [ type |-> "nodes",
             Operation |-> "add",
             sourceVertex |-> 1,
             shard |-> 1 ],
           [ type |-> "edges",
             Operation |-> "add",
             sourceVertex |-> 0,
             shard |-> 1,
             desVertex |-> 1 ] >>,
    shards |-> {1} ] :>
      1 )
/\ failedNodes = {}
/\ pendingTransactions = <<>>
/\ localTransactionHistory = << [ leadingEdge |-> {1},
     committed |-> {1},
     aborted |-> {},
     prepared |-> {},
     heuristic |-> {} ],
   [ leadingEdge |-> {},
     committed |-> {},
     aborted |-> {},
     prepared |-> {},
     heuristic |-> {} ],
   [ leadingEdge |-> {},
     committed |-> {},
     aborted |-> {},
     prepared |-> {1},
     heuristic |-> {} ] >>
/\ localTransactionalGraph = <<<<{}>>, << >>, <<{}>>>>
/\ failedNodesCount = 0
/\ catchUpID = <<1, 1, 1>>
/\ lostMsgCount = 0
/\ rmState = ( <<1, 1, -1>> :> "follower" @@
  <<1, 1, 1>> :> "leader" @@
  <<1, 2, -1>> :> "follower" @@
  <<1, 2, 1>> :> "follower" @@
  <<1, 3, -1>> :> "follower" @@
  <<1, 3, 1>> :> "follower" @@
  <<2, 1, -1>> :> "follower" @@
  <<2, 1, 1>> :> "follower" @@
  <<2, 2, -1>> :> "follower" @@
  <<2, 2, 1>> :> "leader" @@
  <<2, 3, -1>> :> "follower" @@
  <<2, 3, 1>> :> "follower" )
/\ test = 2
/\ localNodesGraph = << {[NodeID |-> 0, neighbours |-> {1}], [NodeID |-> 1, neighbours |-> {}]},
   {},
   {} >>
/\ clientRequests = <<<<>>, <<2>>, <<>>>>

@!@!@ENDMSG 2217 @!@!@
@!@!@STARTMSG 2217:4 @!@!@
7: <Next line 1345, col 7 to line 1347, col 35 of module twoPhaseSingleShard>
/\ msgs = ( [ type |-> "committedResponse",
    shard |-> 1,
    dst |-> 1,
    tn |-> 1,
    src |-> 1,
    shards |-> {1} ] :>
      1 @@
  [ type |-> "catchUp",
    shard |-> 1,
    src |-> 2,
    leadingEdge |-> {},
    ID |-> 1,
    leader |-> 1 ] :>
      1 @@
  [ type |-> "prepared",
    shard |-> 1,
    dst |-> 1,
    tn |-> 1,
    src |-> 1,
    shards |-> {1},
    leadingEdge |-> {} ] :>
      1 @@
  [ type |-> "prepared",
    shard |-> 1,
    dst |-> 1,
    tn |-> 1,
    src |-> 3,
    shards |-> {1},
    leadingEdge |-> {} ] :>
      1 @@
  [ type |-> "commit",
    shard |-> 1,
    dst |-> -1,
    tn |-> 1,
    src |-> 1,
    operations |->
        << [ type |-> "nodes",
             Operation |-> "add",
             sourceVertex |-> 0,
             shard |-> 1 ],
           [ type |-> "nodes",
             Operation |-> "add",
             sourceVertex |-> 1,
             shard |-> 1 ],
           [ type |-> "edges",
             Operation |-> "add",
             sourceVertex |-> 0,
             shard |-> 1,
             desVertex |-> 1 ] >>,
    shards |-> {1} ] :>
      1 @@
  [ type |-> "prepare",
    shard |-> 1,
    dst |-> -1,
    tn |-> 1,
    dependency |-> {},
    src |-> 1,
    operations |->
        << [ type |-> "nodes",
             Operation |-> "add",
             sourceVertex |-> 0,
             shard |-> 1 ],
           [ type |-> "nodes",
             Operation |-> "add",
             sourceVertex |-> 1,
             shard |-> 1 ],
           [ type |-> "edges",
             Operation |-> "add",
             sourceVertex |-> 0,
             shard |-> 1,
             desVertex |-> 1 ] >>,
    shards |-> {1} ] :>
      1 )
/\ failedNodes = {}
/\ pendingTransactions = <<>>
/\ localTransactionHistory = << [ leadingEdge |-> {1},
     committed |-> {1},
     aborted |-> {},
     prepared |-> {},
     heuristic |-> {} ],
   [ leadingEdge |-> {},
     committed |-> {},
     aborted |-> {},
     prepared |-> {},
     heuristic |-> {} ],
   [ leadingEdge |-> {},
     committed |-> {},
     aborted |-> {},
     prepared |-> {1},
     heuristic |-> {} ] >>
/\ localTransactionalGraph = <<<<{}>>, << >>, <<{}>>>>
/\ failedNodesCount = 0
/\ catchUpID = <<1, 2, 1>>
/\ lostMsgCount = 0
/\ rmState = ( <<1, 1, -1>> :> "follower" @@
  <<1, 1, 1>> :> "leader" @@
  <<1, 2, -1>> :> "follower" @@
  <<1, 2, 1>> :> "follower" @@
  <<1, 3, -1>> :> "follower" @@
  <<1, 3, 1>> :> "follower" @@
  <<2, 1, -1>> :> "follower" @@
  <<2, 1, 1>> :> "follower" @@
  <<2, 2, -1>> :> "follower" @@
  <<2, 2, 1>> :> "leader" @@
  <<2, 3, -1>> :> "follower" @@
  <<2, 3, 1>> :> "follower" )
/\ test = 3
/\ localNodesGraph = << {[NodeID |-> 0, neighbours |-> {1}], [NodeID |-> 1, neighbours |-> {}]},
   {},
   {} >>
/\ clientRequests = <<<<>>, <<2>>, <<>>>>

@!@!@ENDMSG 2217 @!@!@
@!@!@STARTMSG 2217:4 @!@!@
8: <Next line 1361, col 13 to line 1362, col 35 of module twoPhaseSingleShard>
/\ msgs = ( [ type |-> "committedResponse",
    shard |-> 1,
    dst |-> 1,
    tn |-> 1,
    src |-> 1,
    shards |-> {1} ] :>
      1 @@
  [ type |-> "catchUp",
    shard |-> 1,
    src |-> 2,
    leadingEdge |-> {},
    ID |-> 1,
    leader |-> 1 ] :>
      1 @@
  [ type |-> "prepared",
    shard |-> 1,
    dst |-> 1,
    tn |-> 1,
    src |-> 1,
    shards |-> {1},
    leadingEdge |-> {} ] :>
      1 @@
  [ type |-> "prepared",
    shard |-> 1,
    dst |-> 1,
    tn |-> 1,
    src |-> 3,
    shards |-> {1},
    leadingEdge |-> {} ] :>
      1 @@
  [ type |-> "prepared",
    shard |-> 1,
    dst |-> 2,
    tn |-> 2,
    src |-> 2,
    shards |-> {1},
    leadingEdge |-> {} ] :>
      1 @@
  [ type |-> "commit",
    shard |-> 1,
    dst |-> -1,
    tn |-> 1,
    src |-> 1,
    operations |->
        << [ type |-> "nodes",
             Operation |-> "add",
             sourceVertex |-> 0,
             shard |-> 1 ],
           [ type |-> "nodes",
             Operation |-> "add",
             sourceVertex |-> 1,
             shard |-> 1 ],
           [ type |-> "edges",
             Operation |-> "add",
             sourceVertex |-> 0,
             shard |-> 1,
             desVertex |-> 1 ] >>,
    shards |-> {1} ] :>
      1 @@
  [ type |-> "prepare",
    shard |-> 1,
    dst |-> -1,
    tn |-> 1,
    dependency |-> {},
    src |-> 1,
    operations |->
        << [ type |-> "nodes",
             Operation |-> "add",
             sourceVertex |-> 0,
             shard |-> 1 ],
           [ type |-> "nodes",
             Operation |-> "add",
             sourceVertex |-> 1,
             shard |-> 1 ],
           [ type |-> "edges",
             Operation |-> "add",
             sourceVertex |-> 0,
             shard |-> 1,
             desVertex |-> 1 ] >>,
    shards |-> {1} ] :>
      1 @@
  [ type |-> "prepare",
    shard |-> 1,
    dst |-> -1,
    tn |-> 2,
    dependency |-> {},
    src |-> 2,
    operations |->
        << [ type |-> "nodes",
             Operation |-> "remove",
             sourceVertex |-> 0,
             shard |-> 1 ] >>,
    shards |-> {1} ] :>
      1 )
/\ failedNodes = {}
/\ pendingTransactions = <<>>
/\ localTransactionHistory = << [ leadingEdge |-> {1},
     committed |-> {1},
     aborted |-> {},
     prepared |-> {},
     heuristic |-> {} ],
   [ leadingEdge |-> {},
     committed |-> {},
     aborted |-> {},
     prepared |-> {2},
     heuristic |-> {} ],
   [ leadingEdge |-> {},
     committed |-> {},
     aborted |-> {},
     prepared |-> {1},
     heuristic |-> {} ] >>
/\ localTransactionalGraph = <<<<{}>>, (2 :> {}), <<{}>>>>
/\ failedNodesCount = 0
/\ catchUpID = <<1, 2, 1>>
/\ lostMsgCount = 0
/\ rmState = ( <<1, 1, -1>> :> "follower" @@
  <<1, 1, 1>> :> "leader" @@
  <<1, 2, -1>> :> "follower" @@
  <<1, 2, 1>> :> "follower" @@
  <<1, 3, -1>> :> "follower" @@
  <<1, 3, 1>> :> "follower" @@
  <<2, 1, -1>> :> "follower" @@
  <<2, 1, 1>> :> "follower" @@
  <<2, 2, -1>> :> "follower" @@
  <<2, 2, 1>> :> "leader" @@
  <<2, 3, -1>> :> "follower" @@
  <<2, 3, 1>> :> "follower" )
/\ test = 3
/\ localNodesGraph = << {[NodeID |-> 0, neighbours |-> {1}], [NodeID |-> 1, neighbours |-> {}]},
   {},
   {} >>
/\ clientRequests = <<<<>>, <<>>, <<>>>>

@!@!@ENDMSG 2217 @!@!@
@!@!@STARTMSG 2217:4 @!@!@
9: <Next line 1342, col 7 to line 1344, col 35 of module twoPhaseSingleShard>
/\ msgs = ( [ type |-> "committedResponse",
    shard |-> 1,
    dst |-> 1,
    tn |-> 1,
    src |-> 1,
    shards |-> {1} ] :>
      1 @@
  [ type |-> "catchUp",
    shard |-> 1,
    src |-> 2,
    leadingEdge |-> {},
    ID |-> 1,
    leader |-> 1 ] :>
      1 @@
  [ type |-> "prepared",
    shard |-> 1,
    dst |-> 1,
    tn |-> 1,
    src |-> 1,
    shards |-> {1},
    leadingEdge |-> {} ] :>
      1 @@
  [ type |-> "prepared",
    shard |-> 1,
    dst |-> 1,
    tn |-> 1,
    src |-> 3,
    shards |-> {1},
    leadingEdge |-> {} ] :>
      1 @@
  [ type |-> "prepared",
    shard |-> 1,
    dst |-> 2,
    tn |-> 2,
    src |-> 1,
    shards |-> {1},
    leadingEdge |-> {1} ] :>
      1 @@
  [ type |-> "prepared",
    shard |-> 1,
    dst |-> 2,
    tn |-> 2,
    src |-> 2,
    shards |-> {1},
    leadingEdge |-> {} ] :>
      1 @@
  [ type |-> "commit",
    shard |-> 1,
    dst |-> -1,
    tn |-> 1,
    src |-> 1,
    operations |->
        << [ type |-> "nodes",
             Operation |-> "add",
             sourceVertex |-> 0,
             shard |-> 1 ],
           [ type |-> "nodes",
             Operation |-> "add",
             sourceVertex |-> 1,
             shard |-> 1 ],
           [ type |-> "edges",
             Operation |-> "add",
             sourceVertex |-> 0,
             shard |-> 1,
             desVertex |-> 1 ] >>,
    shards |-> {1} ] :>
      1 @@
  [ type |-> "prepare",
    shard |-> 1,
    dst |-> -1,
    tn |-> 1,
    dependency |-> {},
    src |-> 1,
    operations |->
        << [ type |-> "nodes",
             Operation |-> "add",
             sourceVertex |-> 0,
             shard |-> 1 ],
           [ type |-> "nodes",
             Operation |-> "add",
             sourceVertex |-> 1,
             shard |-> 1 ],
           [ type |-> "edges",
             Operation |-> "add",
             sourceVertex |-> 0,
             shard |-> 1,
             desVertex |-> 1 ] >>,
    shards |-> {1} ] :>
      1 @@
  [ type |-> "prepare",
    shard |-> 1,
    dst |-> -1,
    tn |-> 2,
    dependency |-> {},
    src |-> 2,
    operations |->
        << [ type |-> "nodes",
             Operation |-> "remove",
             sourceVertex |-> 0,
             shard |-> 1 ] >>,
    shards |-> {1} ] :>
      1 )
/\ failedNodes = {}
/\ pendingTransactions = <<>>
/\ localTransactionHistory = << [ leadingEdge |-> {1},
     committed |-> {1},
     aborted |-> {},
     prepared |-> {2},
     heuristic |-> {} ],
   [ leadingEdge |-> {},
     committed |-> {},
     aborted |-> {},
     prepared |-> {2},
     heuristic |-> {} ],
   [ leadingEdge |-> {},
     committed |-> {},
     aborted |-> {},
     prepared |-> {1},
     heuristic |-> {} ] >>
/\ localTransactionalGraph = <<<<{}, {}>>, (2 :> {}), <<{}>>>>
/\ failedNodesCount = 0
/\ catchUpID = <<1, 2, 1>>
/\ lostMsgCount = 0
/\ rmState = ( <<1, 1, -1>> :> "follower" @@
  <<1, 1, 1>> :> "leader" @@
  <<1, 2, -1>> :> "follower" @@
  <<1, 2, 1>> :> "follower" @@
  <<1, 3, -1>> :> "follower" @@
  <<1, 3, 1>> :> "follower" @@
  <<2, 1, -1>> :> "follower" @@
  <<2, 1, 1>> :> "follower" @@
  <<2, 2, -1>> :> "follower" @@
  <<2, 2, 1>> :> "leader" @@
  <<2, 3, -1>> :> "follower" @@
  <<2, 3, 1>> :> "follower" )
/\ test = 4
/\ localNodesGraph = << {[NodeID |-> 0, neighbours |-> {1}], [NodeID |-> 1, neighbours |-> {}]},
   {},
   {} >>
/\ clientRequests = <<<<>>, <<>>, <<>>>>

@!@!@ENDMSG 2217 @!@!@
@!@!@STARTMSG 2217:4 @!@!@
10: <Next line 1384, col 7 to line 1386, col 35 of module twoPhaseSingleShard>
/\ msgs = ( [ type |-> "committedResponse",
    shard |-> 1,
    dst |-> 1,
    tn |-> 1,
    src |-> 1,
    shards |-> {1} ] :>
      1 @@
  [ type |-> "catchUp",
    shard |-> 1,
    src |-> 2,
    leadingEdge |-> {},
    ID |-> 1,
    leader |-> 1 ] :>
      1 @@
  [ type |-> "catchUpResponse",
    transactions |-> <<1>>,
    dst |-> 2,
    src |-> 1,
    ID |-> 1,
    subGraph |-> <<{}>> ] :>
      1 @@
  [ type |-> "prepared",
    shard |-> 1,
    dst |-> 1,
    tn |-> 1,
    src |-> 1,
    shards |-> {1},
    leadingEdge |-> {} ] :>
      1 @@
  [ type |-> "prepared",
    shard |-> 1,
    dst |-> 1,
    tn |-> 1,
    src |-> 3,
    shards |-> {1},
    leadingEdge |-> {} ] :>
      1 @@
  [ type |-> "prepared",
    shard |-> 1,
    dst |-> 2,
    tn |-> 2,
    src |-> 1,
    shards |-> {1},
    leadingEdge |-> {1} ] :>
      1 @@
  [ type |-> "prepared",
    shard |-> 1,
    dst |-> 2,
    tn |-> 2,
    src |-> 2,
    shards |-> {1},
    leadingEdge |-> {} ] :>
      1 @@
  [ type |-> "commit",
    shard |-> 1,
    dst |-> -1,
    tn |-> 1,
    src |-> 1,
    operations |->
        << [ type |-> "nodes",
             Operation |-> "add",
             sourceVertex |-> 0,
             shard |-> 1 ],
           [ type |-> "nodes",
             Operation |-> "add",
             sourceVertex |-> 1,
             shard |-> 1 ],
           [ type |-> "edges",
             Operation |-> "add",
             sourceVertex |-> 0,
             shard |-> 1,
             desVertex |-> 1 ] >>,
    shards |-> {1} ] :>
      1 @@
  [ type |-> "prepare",
    shard |-> 1,
    dst |-> -1,
    tn |-> 1,
    dependency |-> {},
    src |-> 1,
    operations |->
        << [ type |-> "nodes",
             Operation |-> "add",
             sourceVertex |-> 0,
             shard |-> 1 ],
           [ type |-> "nodes",
             Operation |-> "add",
             sourceVertex |-> 1,
             shard |-> 1 ],
           [ type |-> "edges",
             Operation |-> "add",
             sourceVertex |-> 0,
             shard |-> 1,
             desVertex |-> 1 ] >>,
    shards |-> {1} ] :>
      1 @@
  [ type |-> "prepare",
    shard |-> 1,
    dst |-> -1,
    tn |-> 2,
    dependency |-> {},
    src |-> 2,
    operations |->
        << [ type |-> "nodes",
             Operation |-> "remove",
             sourceVertex |-> 0,
             shard |-> 1 ] >>,
    shards |-> {1} ] :>
      1 )
/\ failedNodes = {}
/\ pendingTransactions = <<>>
/\ localTransactionHistory = << [ leadingEdge |-> {1},
     committed |-> {1},
     aborted |-> {},
     prepared |-> {2},
     heuristic |-> {} ],
   [ leadingEdge |-> {},
     committed |-> {},
     aborted |-> {},
     prepared |-> {2},
     heuristic |-> {} ],
   [ leadingEdge |-> {},
     committed |-> {},
     aborted |-> {},
     prepared |-> {1},
     heuristic |-> {} ] >>
/\ localTransactionalGraph = <<<<{}, {}>>, (2 :> {}), <<{}>>>>
/\ failedNodesCount = 0
/\ catchUpID = <<1, 2, 1>>
/\ lostMsgCount = 0
/\ rmState = ( <<1, 1, -1>> :> "follower" @@
  <<1, 1, 1>> :> "leader" @@
  <<1, 2, -1>> :> "follower" @@
  <<1, 2, 1>> :> "follower" @@
  <<1, 3, -1>> :> "follower" @@
  <<1, 3, 1>> :> "follower" @@
  <<2, 1, -1>> :> "follower" @@
  <<2, 1, 1>> :> "follower" @@
  <<2, 2, -1>> :> "follower" @@
  <<2, 2, 1>> :> "leader" @@
  <<2, 3, -1>> :> "follower" @@
  <<2, 3, 1>> :> "follower" )
/\ test = 5
/\ localNodesGraph = << {[NodeID |-> 0, neighbours |-> {1}], [NodeID |-> 1, neighbours |-> {}]},
   {},
   {} >>
/\ clientRequests = <<<<>>, <<>>, <<>>>>

@!@!@ENDMSG 2217 @!@!@
@!@!@STARTMSG 2217:4 @!@!@
11: <Next line 1387, col 7 to line 1389, col 35 of module twoPhaseSingleShard>
/\ msgs = ( [type |-> "finCatUp", dst |-> 1, src |-> 2, ID |-> 1] :> 1 @@
  [ type |-> "committedResponse",
    shard |-> 1,
    dst |-> 1,
    tn |-> 1,
    src |-> 1,
    shards |-> {1} ] :>
      1 @@
  [ type |-> "catchUp",
    shard |-> 1,
    src |-> 2,
    leadingEdge |-> {},
    ID |-> 1,
    leader |-> 1 ] :>
      1 @@
  [ type |-> "catchUpResponse",
    transactions |-> <<1>>,
    dst |-> 2,
    src |-> 1,
    ID |-> 1,
    subGraph |-> <<{}>> ] :>
      1 @@
  [ type |-> "prepared",
    shard |-> 1,
    dst |-> 1,
    tn |-> 1,
    src |-> 1,
    shards |-> {1},
    leadingEdge |-> {} ] :>
      1 @@
  [ type |-> "prepared",
    shard |-> 1,
    dst |-> 1,
    tn |-> 1,
    src |-> 3,
    shards |-> {1},
    leadingEdge |-> {} ] :>
      1 @@
  [ type |-> "prepared",
    shard |-> 1,
    dst |-> 2,
    tn |-> 2,
    src |-> 1,
    shards |-> {1},
    leadingEdge |-> {1} ] :>
      1 @@
  [ type |-> "prepared",
    shard |-> 1,
    dst |-> 2,
    tn |-> 2,
    src |-> 2,
    shards |-> {1},
    leadingEdge |-> {} ] :>
      1 @@
  [ type |-> "commit",
    shard |-> 1,
    dst |-> -1,
    tn |-> 1,
    src |-> 1,
    operations |->
        << [ type |-> "nodes",
             Operation |-> "add",
             sourceVertex |-> 0,
             shard |-> 1 ],
           [ type |-> "nodes",
             Operation |-> "add",
             sourceVertex |-> 1,
             shard |-> 1 ],
           [ type |-> "edges",
             Operation |-> "add",
             sourceVertex |-> 0,
             shard |-> 1,
             desVertex |-> 1 ] >>,
    shards |-> {1} ] :>
      1 @@
  [ type |-> "abort",
    shard |-> 1,
    dst |-> -1,
    tn |-> 2,
    src |-> 1,
    operations |->
        << [ type |-> "nodes",
             Operation |-> "remove",
             sourceVertex |-> 0,
             shard |-> 1 ] >>,
    shards |-> {1} ] :>
      1 @@
  [ type |-> "prepare",
    shard |-> 1,
    dst |-> -1,
    tn |-> 1,
    dependency |-> {},
    src |-> 1,
    operations |->
        << [ type |-> "nodes",
             Operation |-> "add",
             sourceVertex |-> 0,
             shard |-> 1 ],
           [ type |-> "nodes",
             Operation |-> "add",
             sourceVertex |-> 1,
             shard |-> 1 ],
           [ type |-> "edges",
             Operation |-> "add",
             sourceVertex |-> 0,
             shard |-> 1,
             desVertex |-> 1 ] >>,
    shards |-> {1} ] :>
      1 @@
  [ type |-> "prepare",
    shard |-> 1,
    dst |-> -1,
    tn |-> 2,
    dependency |-> {},
    src |-> 2,
    operations |->
        << [ type |-> "nodes",
             Operation |-> "remove",
             sourceVertex |-> 0,
             shard |-> 1 ] >>,
    shards |-> {1} ] :>
      1 )
/\ failedNodes = {}
/\ pendingTransactions = <<>>
/\ localTransactionHistory = << [ leadingEdge |-> {1},
     committed |-> {1},
     aborted |-> {},
     prepared |-> {2},
     heuristic |-> {} ],
   [ leadingEdge |-> {1},
     committed |-> {1},
     aborted |-> {2},
     prepared |-> {2},
     heuristic |-> {} ],
   [ leadingEdge |-> {},
     committed |-> {},
     aborted |-> {},
     prepared |-> {1},
     heuristic |-> {} ] >>
/\ localTransactionalGraph = <<<<{}, {}>>, <<{}, {}>>, <<{}>>>>
/\ failedNodesCount = 0
/\ catchUpID = <<1, 2, 1>>
/\ lostMsgCount = 0
/\ rmState = ( <<1, 1, -1>> :> "follower" @@
  <<1, 1, 1>> :> "leader" @@
  <<1, 2, -1>> :> "follower" @@
  <<1, 2, 1>> :> "follower" @@
  <<1, 3, -1>> :> "follower" @@
  <<1, 3, 1>> :> "follower" @@
  <<2, 1, -1>> :> "follower" @@
  <<2, 1, 1>> :> "follower" @@
  <<2, 2, -1>> :> "follower" @@
  <<2, 2, 1>> :> "leader" @@
  <<2, 3, -1>> :> "follower" @@
  <<2, 3, 1>> :> "follower" )
/\ test = 6
/\ localNodesGraph = << {[NodeID |-> 0, neighbours |-> {1}], [NodeID |-> 1, neighbours |-> {}]},
   {[NodeID |-> 0, neighbours |-> {1}], [NodeID |-> 1, neighbours |-> {}]},
   {} >>
/\ clientRequests = <<<<>>, <<>>, <<>>>>

@!@!@ENDMSG 2217 @!@!@
@!@!@STARTMSG 2217:4 @!@!@
12: <Next line 1348, col 7 to line 1350, col 39 of module twoPhaseSingleShard>
/\ msgs = ( [type |-> "finCatUp", dst |-> 1, src |-> 2, ID |-> 1] :> 1 @@
  [ type |-> "committedResponse",
    shard |-> 1,
    dst |-> 1,
    tn |-> 1,
    src |-> 1,
    shards |-> {1} ] :>
      1 @@
  [ type |-> "committedResponse",
    shard |-> 1,
    dst |-> 2,
    tn |-> 2,
    src |-> 2,
    shards |-> {1} ] :>
      1 @@
  [ type |-> "catchUp",
    shard |-> 1,
    src |-> 2,
    leadingEdge |-> {},
    ID |-> 1,
    leader |-> 1 ] :>
      1 @@
  [ type |-> "catchUpResponse",
    transactions |-> <<1>>,
    dst |-> 2,
    src |-> 1,
    ID |-> 1,
    subGraph |-> <<{}>> ] :>
      1 @@
  [ type |-> "prepared",
    shard |-> 1,
    dst |-> 1,
    tn |-> 1,
    src |-> 1,
    shards |-> {1},
    leadingEdge |-> {} ] :>
      1 @@
  [ type |-> "prepared",
    shard |-> 1,
    dst |-> 1,
    tn |-> 1,
    src |-> 3,
    shards |-> {1},
    leadingEdge |-> {} ] :>
      1 @@
  [ type |-> "prepared",
    shard |-> 1,
    dst |-> 2,
    tn |-> 2,
    src |-> 1,
    shards |-> {1},
    leadingEdge |-> {1} ] :>
      1 @@
  [ type |-> "prepared",
    shard |-> 1,
    dst |-> 2,
    tn |-> 2,
    src |-> 2,
    shards |-> {1},
    leadingEdge |-> {} ] :>
      1 @@
  [ type |-> "commit",
    shard |-> 1,
    dst |-> -1,
    tn |-> 1,
    src |-> 1,
    operations |->
        << [ type |-> "nodes",
             Operation |-> "add",
             sourceVertex |-> 0,
             shard |-> 1 ],
           [ type |-> "nodes",
             Operation |-> "add",
             sourceVertex |-> 1,
             shard |-> 1 ],
           [ type |-> "edges",
             Operation |-> "add",
             sourceVertex |-> 0,
             shard |-> 1,
             desVertex |-> 1 ] >>,
    shards |-> {1} ] :>
      1 @@
  [ type |-> "commit",
    shard |-> 1,
    dst |-> -1,
    tn |-> 2,
    src |-> 2,
    operations |->
        << [ type |-> "nodes",
             Operation |-> "remove",
             sourceVertex |-> 0,
             shard |-> 1 ] >>,
    shards |-> {1} ] :>
      1 @@
  [ type |-> "abort",
    shard |-> 1,
    dst |-> -1,
    tn |-> 2,
    src |-> 1,
    operations |->
        << [ type |-> "nodes",
             Operation |-> "remove",
             sourceVertex |-> 0,
             shard |-> 1 ] >>,
    shards |-> {1} ] :>
      1 @@
  [ type |-> "prepare",
    shard |-> 1,
    dst |-> -1,
    tn |-> 1,
    dependency |-> {},
    src |-> 1,
    operations |->
        << [ type |-> "nodes",
             Operation |-> "add",
             sourceVertex |-> 0,
             shard |-> 1 ],
           [ type |-> "nodes",
             Operation |-> "add",
             sourceVertex |-> 1,
             shard |-> 1 ],
           [ type |-> "edges",
             Operation |-> "add",
             sourceVertex |-> 0,
             shard |-> 1,
             desVertex |-> 1 ] >>,
    shards |-> {1} ] :>
      1 @@
  [ type |-> "prepare",
    shard |-> 1,
    dst |-> -1,
    tn |-> 2,
    dependency |-> {},
    src |-> 2,
    operations |->
        << [ type |-> "nodes",
             Operation |-> "remove",
             sourceVertex |-> 0,
             shard |-> 1 ] >>,
    shards |-> {1} ] :>
      1 )
/\ failedNodes = {}
/\ pendingTransactions = <<>>
/\ localTransactionHistory = << [ leadingEdge |-> {1},
     committed |-> {1},
     aborted |-> {},
     prepared |-> {2},
     heuristic |-> {} ],
   [ leadingEdge |-> {1, 2},
     committed |-> {1, 2},
     aborted |-> {2},
     prepared |-> {},
     heuristic |-> {} ],
   [ leadingEdge |-> {},
     committed |-> {},
     aborted |-> {},
     prepared |-> {1},
     heuristic |-> {} ] >>
/\ localTransactionalGraph = <<<<{}, {}>>, <<{}, {}>>, <<{}>>>>
/\ failedNodesCount = 0
/\ catchUpID = <<1, 2, 1>>
/\ lostMsgCount = 0
/\ rmState = ( <<1, 1, -1>> :> "follower" @@
  <<1, 1, 1>> :> "leader" @@
  <<1, 2, -1>> :> "follower" @@
  <<1, 2, 1>> :> "follower" @@
  <<1, 3, -1>> :> "follower" @@
  <<1, 3, 1>> :> "follower" @@
  <<2, 1, -1>> :> "follower" @@
  <<2, 1, 1>> :> "follower" @@
  <<2, 2, -1>> :> "follower" @@
  <<2, 2, 1>> :> "leader" @@
  <<2, 3, -1>> :> "follower" @@
  <<2, 3, 1>> :> "follower" )
/\ test = 7
/\ localNodesGraph = << {[NodeID |-> 0, neighbours |-> {1}], [NodeID |-> 1, neighbours |-> {}]},
   {[NodeID |-> 1, neighbours |-> {}]},
   {} >>
/\ clientRequests = <<<<>>, <<>>, <<>>>>

@!@!@ENDMSG 2217 @!@!@
@!@!@STARTMSG 2201:0 @!@!@
The coverage statistics at 2025-07-22 00:41:51
@!@!@ENDMSG 2201 @!@!@
@!@!@STARTMSG 2773:0 @!@!@
<Init line 1315, col 2 to line 1315, col 5 of module twoPhaseSingleShard>: 2:2
@!@!@ENDMSG 2773 @!@!@
@!@!@STARTMSG 2775:0 @!@!@
  line 1322, col 16 to line 1322, col 80 of module twoPhaseSingleShard: 2:24
@!@!@ENDMSG 2775 @!@!@
@!@!@STARTMSG 2221:0 @!@!@
  |line 1322, col 23 to line 1322, col 26 of module twoPhaseSingleShard: 2
@!@!@ENDMSG 2221 @!@!@
@!@!@STARTMSG 2775:0 @!@!@
  ||line 1317, col 17 to line 1317, col 75 of module twoPhaseSingleShard: 2:38
@!@!@ENDMSG 2775 @!@!@
@!@!@STARTMSG 2221:0 @!@!@
  |||line 1317, col 19 to line 1317, col 39 of module twoPhaseSingleShard: 4
@!@!@ENDMSG 2221 @!@!@
@!@!@STARTMSG 2221:0 @!@!@
  |||line 1317, col 49 to line 1317, col 73 of module twoPhaseSingleShard: 2
@!@!@ENDMSG 2221 @!@!@
@!@!@STARTMSG 2221:0 @!@!@
  |line 1322, col 35 to line 1322, col 39 of module twoPhaseSingleShard: 2
@!@!@ENDMSG 2221 @!@!@
@!@!@STARTMSG 2221:0 @!@!@
  |line 1322, col 48 to line 1322, col 64 of module twoPhaseSingleShard: 2
@!@!@ENDMSG 2221 @!@!@
@!@!@STARTMSG 2221:0 @!@!@
  line 1323, col 6 to line 1323, col 28 of module twoPhaseSingleShard: 2
@!@!@ENDMSG 2221 @!@!@
@!@!@STARTMSG 2221:0 @!@!@
  line 1324, col 6 to line 1324, col 45 of module twoPhaseSingleShard: 2
@!@!@ENDMSG 2221 @!@!@
@!@!@STARTMSG 2221:0 @!@!@
  line 1325, col 6 to line 1325, col 44 of module twoPhaseSingleShard: 2
@!@!@ENDMSG 2221 @!@!@
@!@!@STARTMSG 2221:0 @!@!@
  line 1326, col 6 to line 1326, col 43 of module twoPhaseSingleShard: 2
@!@!@ENDMSG 2221 @!@!@
@!@!@STARTMSG 2221:0 @!@!@
  line 1327, col 6 to line 1331, col 6 of module twoPhaseSingleShard: 2
@!@!@ENDMSG 2221 @!@!@
@!@!@STARTMSG 2221:0 @!@!@
  line 1333, col 6 to line 1333, col 66 of module twoPhaseSingleShard: 2
@!@!@ENDMSG 2221 @!@!@
@!@!@STARTMSG 2221:0 @!@!@
  line 1334, col 6 to line 1334, col 36 of module twoPhaseSingleShard: 2
@!@!@ENDMSG 2221 @!@!@
@!@!@STARTMSG 2221:0 @!@!@
  line 1336, col 6 to line 1336, col 21 of module twoPhaseSingleShard: 2
@!@!@ENDMSG 2221 @!@!@
@!@!@STARTMSG 2221:0 @!@!@
  line 1338, col 6 to line 1338, col 13 of module twoPhaseSingleShard: 2
@!@!@ENDMSG 2221 @!@!@
@!@!@STARTMSG 2772:0 @!@!@
<Next line 1341, col 3 to line 1341, col 6 of module twoPhaseSingleShard (1342 7 1344 35)>: 2219:8235
@!@!@ENDMSG 2772 @!@!@
@!@!@STARTMSG 2221:0 @!@!@
  line 1200, col 7 to line 1200, col 26 of module twoPhaseSingleShard: 181689
@!@!@ENDMSG 2221 @!@!@
@!@!@STARTMSG 2221:0 @!@!@
  |line 1200, col 7 to line 1200, col 14 of module twoPhaseSingleShard: 173454
@!@!@ENDMSG 2221 @!@!@
@!@!@STARTMSG 2221:0 @!@!@
  line 1201, col 7 to line 1201, col 39 of module twoPhaseSingleShard: 39003
@!@!@ENDMSG 2221 @!@!@
@!@!@STARTMSG 2221:0 @!@!@
  |line 1201, col 7 to line 1201, col 7 of module twoPhaseSingleShard: 30768
@!@!@ENDMSG 2221 @!@!@
@!@!@STARTMSG 2221:0 @!@!@
  |line 1201, col 13 to line 1201, col 39 of module twoPhaseSingleShard: 30768
@!@!@ENDMSG 2221 @!@!@
@!@!@STARTMSG 2221:0 @!@!@
  line 72, col 12 to line 72, col 39 of module twoPhaseSingleShard: 0
@!@!@ENDMSG 2221 @!@!@
@!@!@STARTMSG 2221:0 @!@!@
  line 72, col 12 to line 72, col 39 of module twoPhaseSingleShard: 0
@!@!@ENDMSG 2221 @!@!@
@!@!@STARTMSG 2221:0 @!@!@
  line 627, col 10 to line 627, col 53 of module twoPhaseSingleShard: 30768
@!@!@ENDMSG 2221 @!@!@
@!@!@STARTMSG 2221:0 @!@!@
  line 629, col 12 to line 629, col 61 of module twoPhaseSingleShard: 20616
@!@!@ENDMSG 2221 @!@!@
@!@!@STARTMSG 2221:0 @!@!@
  line 595, col 16 to line 601, col 77 of module twoPhaseSingleShard: 9348
@!@!@ENDMSG 2221 @!@!@
@!@!@STARTMSG 2221:0 @!@!@
  |line 595, col 17 to line 601, col 77 of module twoPhaseSingleShard: 8965
@!@!@ENDMSG 2221 @!@!@
@!@!@STARTMSG 2221:0 @!@!@
  line 602, col 16 to line 602, col 28 of module twoPhaseSingleShard: 9266
@!@!@ENDMSG 2221 @!@!@
@!@!@STARTMSG 2221:0 @!@!@
  |line 602, col 17 to line 602, col 28 of module twoPhaseSingleShard: 8883
@!@!@ENDMSG 2221 @!@!@
@!@!@STARTMSG 2221:0 @!@!@
  ||line 586, col 25 to line 586, col 52 of module twoPhaseSingleShard: 8883
@!@!@ENDMSG 2221 @!@!@
@!@!@STARTMSG 2221:0 @!@!@
  |||line 586, col 25 to line 586, col 48 of module twoPhaseSingleShard: 8883
@!@!@ENDMSG 2221 @!@!@
@!@!@STARTMSG 2221:0 @!@!@
  ||||line 586, col 37 to line 586, col 47 of module twoPhaseSingleShard: 8883
@!@!@ENDMSG 2221 @!@!@
@!@!@STARTMSG 2221:0 @!@!@
  |||||line 581, col 24 to line 585, col 20 of module twoPhaseSingleShard: 8883
@!@!@ENDMSG 2221 @!@!@
@!@!@STARTMSG 2221:0 @!@!@
  ||||||line 581, col 52 to line 584, col 50 of module twoPhaseSingleShard: 85759
@!@!@ENDMSG 2221 @!@!@
@!@!@STARTMSG 2221:0 @!@!@
  |||||||line 581, col 52 to line 583, col 55 of module twoPhaseSingleShard: 85759
@!@!@ENDMSG 2221 @!@!@
@!@!@STARTMSG 2221:0 @!@!@
  ||||||||line 581, col 52 to line 582, col 50 of module twoPhaseSingleShard: 85759
@!@!@ENDMSG 2221 @!@!@
@!@!@STARTMSG 2221:0 @!@!@
  |||||||||line 581, col 52 to line 581, col 73 of module twoPhaseSingleShard: 85759
@!@!@ENDMSG 2221 @!@!@
@!@!@STARTMSG 2221:0 @!@!@
  |||||||||line 582, col 42 to line 582, col 50 of module twoPhaseSingleShard: 25897
@!@!@ENDMSG 2221 @!@!@
@!@!@STARTMSG 2221:0 @!@!@
  ||||||||line 583, col 42 to line 583, col 55 of module twoPhaseSingleShard: 22361
@!@!@ENDMSG 2221 @!@!@
@!@!@STARTMSG 2221:0 @!@!@
  |||||||line 584, col 42 to line 584, col 50 of module twoPhaseSingleShard: 20947
@!@!@ENDMSG 2221 @!@!@
@!@!@STARTMSG 2221:0 @!@!@
  ||||||line 581, col 31 to line 581, col 48 of module twoPhaseSingleShard: 8883
@!@!@ENDMSG 2221 @!@!@
@!@!@STARTMSG 2775:0 @!@!@
  |||||||line 58, col 5 to line 58, col 47 of module twoPhaseSingleShard: 8883:94642
@!@!@ENDMSG 2775 @!@!@
@!@!@STARTMSG 2221:0 @!@!@
  ||||||||line 58, col 31 to line 58, col 45 of module twoPhaseSingleShard: 85759
@!@!@ENDMSG 2221 @!@!@
@!@!@STARTMSG 2221:0 @!@!@
  ||||||||line 58, col 13 to line 58, col 27 of module twoPhaseSingleShard: 8883
@!@!@ENDMSG 2221 @!@!@
@!@!@STARTMSG 2221:0 @!@!@
  |||||||line 581, col 44 to line 581, col 47 of module twoPhaseSingleShard: 8883
@!@!@ENDMSG 2221 @!@!@
@!@!@STARTMSG 2221:0 @!@!@
  line 603, col 16 to line 603, col 27 of module twoPhaseSingleShard: 767
@!@!@ENDMSG 2221 @!@!@
@!@!@STARTMSG 2221:0 @!@!@
  |line 603, col 17 to line 603, col 27 of module twoPhaseSingleShard: 384
@!@!@ENDMSG 2221 @!@!@
@!@!@STARTMSG 2221:0 @!@!@
  ||line 592, col 24 to line 592, col 44 of module twoPhaseSingleShard: 384
@!@!@ENDMSG 2221 @!@!@
@!@!@STARTMSG 2221:0 @!@!@
  |||line 592, col 24 to line 592, col 40 of module twoPhaseSingleShard: 384
@!@!@ENDMSG 2221 @!@!@
@!@!@STARTMSG 2221:0 @!@!@
  ||||line 592, col 36 to line 592, col 39 of module twoPhaseSingleShard: 384
@!@!@ENDMSG 2221 @!@!@
@!@!@STARTMSG 2221:0 @!@!@
  |||||line 587, col 17 to line 591, col 20 of module twoPhaseSingleShard: 384
@!@!@ENDMSG 2221 @!@!@
@!@!@STARTMSG 2221:0 @!@!@
  ||||||line 587, col 45 to line 590, col 50 of module twoPhaseSingleShard: 3691
@!@!@ENDMSG 2221 @!@!@
@!@!@STARTMSG 2221:0 @!@!@
  |||||||line 587, col 45 to line 589, col 55 of module twoPhaseSingleShard: 3691
@!@!@ENDMSG 2221 @!@!@
@!@!@STARTMSG 2221:0 @!@!@
  ||||||||line 587, col 45 to line 588, col 50 of module twoPhaseSingleShard: 3691
@!@!@ENDMSG 2221 @!@!@
@!@!@STARTMSG 2221:0 @!@!@
  |||||||||line 587, col 45 to line 587, col 65 of module twoPhaseSingleShard: 3691
@!@!@ENDMSG 2221 @!@!@
@!@!@STARTMSG 2221:0 @!@!@
  |||||||||line 588, col 42 to line 588, col 50 of module twoPhaseSingleShard: 43
@!@!@ENDMSG 2221 @!@!@
@!@!@STARTMSG 2221:0 @!@!@
  ||||||||line 589, col 42 to line 589, col 55 of module twoPhaseSingleShard: 29
@!@!@ENDMSG 2221 @!@!@
@!@!@STARTMSG 2221:0 @!@!@
  |||||||line 590, col 42 to line 590, col 50 of module twoPhaseSingleShard: 1
@!@!@ENDMSG 2221 @!@!@
@!@!@STARTMSG 2221:0 @!@!@
  ||||||line 587, col 24 to line 587, col 41 of module twoPhaseSingleShard: 384
@!@!@ENDMSG 2221 @!@!@
@!@!@STARTMSG 2775:0 @!@!@
  |||||||line 58, col 5 to line 58, col 47 of module twoPhaseSingleShard: 384:4075
@!@!@ENDMSG 2775 @!@!@
@!@!@STARTMSG 2221:0 @!@!@
  ||||||||line 58, col 31 to line 58, col 45 of module twoPhaseSingleShard: 3691
@!@!@ENDMSG 2221 @!@!@
@!@!@STARTMSG 2221:0 @!@!@
  ||||||||line 58, col 13 to line 58, col 27 of module twoPhaseSingleShard: 384
@!@!@ENDMSG 2221 @!@!@
@!@!@STARTMSG 2221:0 @!@!@
  |||||||line 587, col 37 to line 587, col 40 of module twoPhaseSingleShard: 384
@!@!@ENDMSG 2221 @!@!@
@!@!@STARTMSG 2221:0 @!@!@
  line 604, col 16 to line 611, col 18 of module twoPhaseSingleShard: 383
@!@!@ENDMSG 2221 @!@!@
@!@!@STARTMSG 2221:0 @!@!@
  line 632, col 16 to line 637, col 52 of module twoPhaseSingleShard: 766
@!@!@ENDMSG 2221 @!@!@
@!@!@STARTMSG 2221:0 @!@!@
  |line 632, col 17 to line 637, col 52 of module twoPhaseSingleShard: 383
@!@!@ENDMSG 2221 @!@!@
@!@!@STARTMSG 2221:0 @!@!@
  line 638, col 16 to line 638, col 31 of module twoPhaseSingleShard: 383
@!@!@ENDMSG 2221 @!@!@
@!@!@STARTMSG 2221:0 @!@!@
  line 639, col 16 to line 639, col 195 of module twoPhaseSingleShard: 383
@!@!@ENDMSG 2221 @!@!@
@!@!@STARTMSG 2221:0 @!@!@
  line 640, col 18 to line 640, col 120 of module twoPhaseSingleShard: 11651
@!@!@ENDMSG 2221 @!@!@
@!@!@STARTMSG 2221:0 @!@!@
  |line 640, col 18 to line 640, col 66 of module twoPhaseSingleShard: 11651
@!@!@ENDMSG 2221 @!@!@
@!@!@STARTMSG 2221:0 @!@!@
  |line 640, col 71 to line 640, col 120 of module twoPhaseSingleShard: 2633
@!@!@ENDMSG 2221 @!@!@
@!@!@STARTMSG 2221:0 @!@!@
  line 595, col 16 to line 601, col 77 of module twoPhaseSingleShard: 9018
@!@!@ENDMSG 2221 @!@!@
@!@!@STARTMSG 2221:0 @!@!@
  line 602, col 16 to line 602, col 28 of module twoPhaseSingleShard: 708
@!@!@ENDMSG 2221 @!@!@
@!@!@STARTMSG 2221:0 @!@!@
  |line 602, col 17 to line 602, col 28 of module twoPhaseSingleShard: 708
@!@!@ENDMSG 2221 @!@!@
@!@!@STARTMSG 2221:0 @!@!@
  ||line 586, col 25 to line 586, col 52 of module twoPhaseSingleShard: 708
@!@!@ENDMSG 2221 @!@!@
@!@!@STARTMSG 2221:0 @!@!@
  |||line 586, col 25 to line 586, col 48 of module twoPhaseSingleShard: 708
@!@!@ENDMSG 2221 @!@!@
@!@!@STARTMSG 2221:0 @!@!@
  ||||line 586, col 37 to line 586, col 47 of module twoPhaseSingleShard: 708
@!@!@ENDMSG 2221 @!@!@
@!@!@STARTMSG 2221:0 @!@!@
  |||||line 581, col 24 to line 585, col 20 of module twoPhaseSingleShard: 708
@!@!@ENDMSG 2221 @!@!@
@!@!@STARTMSG 2221:0 @!@!@
  ||||||line 581, col 52 to line 584, col 50 of module twoPhaseSingleShard: 7409
@!@!@ENDMSG 2221 @!@!@
@!@!@STARTMSG 2221:0 @!@!@
  |||||||line 581, col 52 to line 583, col 55 of module twoPhaseSingleShard: 7409
@!@!@ENDMSG 2221 @!@!@
@!@!@STARTMSG 2221:0 @!@!@
  ||||||||line 581, col 52 to line 582, col 50 of module twoPhaseSingleShard: 7409
@!@!@ENDMSG 2221 @!@!@
@!@!@STARTMSG 2221:0 @!@!@
  |||||||||line 581, col 52 to line 581, col 73 of module twoPhaseSingleShard: 7409
@!@!@ENDMSG 2221 @!@!@
@!@!@STARTMSG 2221:0 @!@!@
  |||||||||line 582, col 42 to line 582, col 50 of module twoPhaseSingleShard: 2758
@!@!@ENDMSG 2221 @!@!@
@!@!@STARTMSG 2221:0 @!@!@
  ||||||||line 583, col 42 to line 583, col 55 of module twoPhaseSingleShard: 1340
@!@!@ENDMSG 2221 @!@!@
@!@!@STARTMSG 2221:0 @!@!@
  |||||||line 584, col 42 to line 584, col 50 of module twoPhaseSingleShard: 1230
@!@!@ENDMSG 2221 @!@!@
@!@!@STARTMSG 2221:0 @!@!@
  ||||||line 581, col 31 to line 581, col 48 of module twoPhaseSingleShard: 708
@!@!@ENDMSG 2221 @!@!@
@!@!@STARTMSG 2775:0 @!@!@
  |||||||line 58, col 5 to line 58, col 47 of module twoPhaseSingleShard: 708:8117
@!@!@ENDMSG 2775 @!@!@
@!@!@STARTMSG 2221:0 @!@!@
  ||||||||line 58, col 31 to line 58, col 45 of module twoPhaseSingleShard: 7409
@!@!@ENDMSG 2221 @!@!@
@!@!@STARTMSG 2221:0 @!@!@
  ||||||||line 58, col 13 to line 58, col 27 of module twoPhaseSingleShard: 708
@!@!@ENDMSG 2221 @!@!@
@!@!@STARTMSG 2221:0 @!@!@
  |||||||line 581, col 44 to line 581, col 47 of module twoPhaseSingleShard: 708
@!@!@ENDMSG 2221 @!@!@
@!@!@STARTMSG 2221:0 @!@!@
  line 72, col 12 to line 72, col 39 of module twoPhaseSingleShard: 0
@!@!@ENDMSG 2221 @!@!@
@!@!@STARTMSG 2221:0 @!@!@
  line 643, col 20 to line 643, col 35 of module twoPhaseSingleShard: 0
@!@!@ENDMSG 2221 @!@!@
@!@!@STARTMSG 2221:0 @!@!@
  line 644, col 20 to line 644, col 199 of module twoPhaseSingleShard: 0
@!@!@ENDMSG 2221 @!@!@
@!@!@STARTMSG 2221:0 @!@!@
  line 595, col 16 to line 601, col 77 of module twoPhaseSingleShard: 2633
@!@!@ENDMSG 2221 @!@!@
@!@!@STARTMSG 2221:0 @!@!@
  line 602, col 16 to line 602, col 28 of module twoPhaseSingleShard: 518
@!@!@ENDMSG 2221 @!@!@
@!@!@STARTMSG 2221:0 @!@!@
  |line 602, col 17 to line 602, col 28 of module twoPhaseSingleShard: 518
@!@!@ENDMSG 2221 @!@!@
@!@!@STARTMSG 2221:0 @!@!@
  ||line 586, col 25 to line 586, col 52 of module twoPhaseSingleShard: 518
@!@!@ENDMSG 2221 @!@!@
@!@!@STARTMSG 2221:0 @!@!@
  |||line 586, col 25 to line 586, col 48 of module twoPhaseSingleShard: 518
@!@!@ENDMSG 2221 @!@!@
@!@!@STARTMSG 2221:0 @!@!@
  ||||line 586, col 37 to line 586, col 47 of module twoPhaseSingleShard: 518
@!@!@ENDMSG 2221 @!@!@
@!@!@STARTMSG 2221:0 @!@!@
  |||||line 581, col 24 to line 585, col 20 of module twoPhaseSingleShard: 518
@!@!@ENDMSG 2221 @!@!@
@!@!@STARTMSG 2221:0 @!@!@
  ||||||line 581, col 52 to line 584, col 50 of module twoPhaseSingleShard: 4785
@!@!@ENDMSG 2221 @!@!@
@!@!@STARTMSG 2221:0 @!@!@
  |||||||line 581, col 52 to line 583, col 55 of module twoPhaseSingleShard: 4785
@!@!@ENDMSG 2221 @!@!@
@!@!@STARTMSG 2221:0 @!@!@
  ||||||||line 581, col 52 to line 582, col 50 of module twoPhaseSingleShard: 4785
@!@!@ENDMSG 2221 @!@!@
@!@!@STARTMSG 2221:0 @!@!@
  |||||||||line 581, col 52 to line 581, col 73 of module twoPhaseSingleShard: 4785
@!@!@ENDMSG 2221 @!@!@
@!@!@STARTMSG 2221:0 @!@!@
  |||||||||line 582, col 42 to line 582, col 50 of module twoPhaseSingleShard: 1733
@!@!@ENDMSG 2221 @!@!@
@!@!@STARTMSG 2221:0 @!@!@
  ||||||||line 583, col 42 to line 583, col 55 of module twoPhaseSingleShard: 1150
@!@!@ENDMSG 2221 @!@!@
@!@!@STARTMSG 2221:0 @!@!@
  |||||||line 584, col 42 to line 584, col 50 of module twoPhaseSingleShard: 670
@!@!@ENDMSG 2221 @!@!@
@!@!@STARTMSG 2221:0 @!@!@
  ||||||line 581, col 31 to line 581, col 48 of module twoPhaseSingleShard: 518
@!@!@ENDMSG 2221 @!@!@
@!@!@STARTMSG 2775:0 @!@!@
  |||||||line 58, col 5 to line 58, col 47 of module twoPhaseSingleShard: 518:5303
@!@!@ENDMSG 2775 @!@!@
@!@!@STARTMSG 2221:0 @!@!@
  ||||||||line 58, col 31 to line 58, col 45 of module twoPhaseSingleShard: 4785
@!@!@ENDMSG 2221 @!@!@
@!@!@STARTMSG 2221:0 @!@!@
  ||||||||line 58, col 13 to line 58, col 27 of module twoPhaseSingleShard: 518
@!@!@ENDMSG 2221 @!@!@
@!@!@STARTMSG 2221:0 @!@!@
  |||||||line 581, col 44 to line 581, col 47 of module twoPhaseSingleShard: 518
@!@!@ENDMSG 2221 @!@!@
@!@!@STARTMSG 2221:0 @!@!@
  line 72, col 12 to line 72, col 39 of module twoPhaseSingleShard: 0
@!@!@ENDMSG 2221 @!@!@
@!@!@STARTMSG 2221:0 @!@!@
  line 647, col 20 to line 647, col 35 of module twoPhaseSingleShard: 0
@!@!@ENDMSG 2221 @!@!@
@!@!@STARTMSG 2221:0 @!@!@
  line 648, col 20 to line 648, col 199 of module twoPhaseSingleShard: 0
@!@!@ENDMSG 2221 @!@!@
@!@!@STARTMSG 2221:0 @!@!@
  line 650, col 10 to line 650, col 115 of module twoPhaseSingleShard: 10152
@!@!@ENDMSG 2221 @!@!@
@!@!@STARTMSG 2221:0 @!@!@
  line 653, col 14 to line 653, col 53 of module twoPhaseSingleShard: 9717
@!@!@ENDMSG 2221 @!@!@
@!@!@STARTMSG 2221:0 @!@!@
  |line 653, col 15 to line 653, col 53 of module twoPhaseSingleShard: 9717
@!@!@ENDMSG 2221 @!@!@
@!@!@STARTMSG 2221:0 @!@!@
  ||line 249, col 26 to line 249, col 73 of module twoPhaseSingleShard: 9717
@!@!@ENDMSG 2221 @!@!@
@!@!@STARTMSG 2221:0 @!@!@
  |||line 249, col 51 to line 249, col 73 of module twoPhaseSingleShard: 4271
@!@!@ENDMSG 2221 @!@!@
@!@!@STARTMSG 2221:0 @!@!@
  |||line 249, col 35 to line 249, col 47 of module twoPhaseSingleShard: 9717
@!@!@ENDMSG 2221 @!@!@
@!@!@STARTMSG 2221:0 @!@!@
  ||line 245, col 22 to line 245, col 82 of module twoPhaseSingleShard: 4271
@!@!@ENDMSG 2221 @!@!@
@!@!@STARTMSG 2221:0 @!@!@
  |||line 245, col 23 to line 245, col 51 of module twoPhaseSingleShard: 7779
@!@!@ENDMSG 2221 @!@!@
@!@!@STARTMSG 2221:0 @!@!@
  |||line 245, col 62 to line 245, col 81 of module twoPhaseSingleShard: 4271
@!@!@ENDMSG 2221 @!@!@
@!@!@STARTMSG 2221:0 @!@!@
  ||line 246, col 21 to line 246, col 58 of module twoPhaseSingleShard: 9717
@!@!@ENDMSG 2221 @!@!@
@!@!@STARTMSG 2775:0 @!@!@
  ||line 248, col 24 to line 248, col 50 of module twoPhaseSingleShard: 9717:13988
@!@!@ENDMSG 2775 @!@!@
@!@!@STARTMSG 2221:0 @!@!@
  |||line 248, col 26 to line 248, col 29 of module twoPhaseSingleShard: 4271
@!@!@ENDMSG 2221 @!@!@
@!@!@STARTMSG 2221:0 @!@!@
  ||||line 247, col 15 to line 247, col 79 of module twoPhaseSingleShard: 4271
@!@!@ENDMSG 2221 @!@!@
@!@!@STARTMSG 2221:0 @!@!@
  |||||line 247, col 16 to line 247, col 46 of module twoPhaseSingleShard: 9305
@!@!@ENDMSG 2221 @!@!@
@!@!@STARTMSG 2221:0 @!@!@
  |||||line 247, col 56 to line 247, col 78 of module twoPhaseSingleShard: 4271
@!@!@ENDMSG 2221 @!@!@
@!@!@STARTMSG 2221:0 @!@!@
  ||||line 248, col 28 to line 248, col 28 of module twoPhaseSingleShard: 4271
@!@!@ENDMSG 2221 @!@!@
@!@!@STARTMSG 2221:0 @!@!@
  |||line 248, col 39 to line 248, col 48 of module twoPhaseSingleShard: 9717
@!@!@ENDMSG 2221 @!@!@
@!@!@STARTMSG 2221:0 @!@!@
  ||line 254, col 7 to line 254, col 21 of module twoPhaseSingleShard: 9717
@!@!@ENDMSG 2221 @!@!@
@!@!@STARTMSG 2221:0 @!@!@
  ||line 653, col 38 to line 653, col 38 of module twoPhaseSingleShard: 9717
@!@!@ENDMSG 2221 @!@!@
@!@!@STARTMSG 2221:0 @!@!@
  ||line 653, col 41 to line 653, col 52 of module twoPhaseSingleShard: 4271
@!@!@ENDMSG 2221 @!@!@
@!@!@STARTMSG 2221:0 @!@!@
  line 656, col 16 to line 658, col 177 of module twoPhaseSingleShard: 4764
@!@!@ENDMSG 2221 @!@!@
@!@!@STARTMSG 2221:0 @!@!@
  |line 656, col 43 to line 658, col 177 of module twoPhaseSingleShard: 5446
@!@!@ENDMSG 2221 @!@!@
@!@!@STARTMSG 2221:0 @!@!@
  line 659, col 16 to line 659, col 121 of module twoPhaseSingleShard: 4764
@!@!@ENDMSG 2221 @!@!@
@!@!@STARTMSG 2221:0 @!@!@
  |line 659, col 44 to line 659, col 121 of module twoPhaseSingleShard: 5446
@!@!@ENDMSG 2221 @!@!@
@!@!@STARTMSG 2221:0 @!@!@
  line 660, col 16 to line 660, col 28 of module twoPhaseSingleShard: 10210
@!@!@ENDMSG 2221 @!@!@
@!@!@STARTMSG 2221:0 @!@!@
  |line 660, col 17 to line 660, col 28 of module twoPhaseSingleShard: 5446
@!@!@ENDMSG 2221 @!@!@
@!@!@STARTMSG 2221:0 @!@!@
  ||line 586, col 25 to line 586, col 52 of module twoPhaseSingleShard: 5446
@!@!@ENDMSG 2221 @!@!@
@!@!@STARTMSG 2221:0 @!@!@
  |||line 586, col 25 to line 586, col 48 of module twoPhaseSingleShard: 5446
@!@!@ENDMSG 2221 @!@!@
@!@!@STARTMSG 2221:0 @!@!@
  ||||line 586, col 37 to line 586, col 47 of module twoPhaseSingleShard: 5446
@!@!@ENDMSG 2221 @!@!@
@!@!@STARTMSG 2221:0 @!@!@
  |||||line 581, col 24 to line 585, col 20 of module twoPhaseSingleShard: 5446
@!@!@ENDMSG 2221 @!@!@
@!@!@STARTMSG 2221:0 @!@!@
  ||||||line 581, col 52 to line 584, col 50 of module twoPhaseSingleShard: 52109
@!@!@ENDMSG 2221 @!@!@
@!@!@STARTMSG 2221:0 @!@!@
  |||||||line 581, col 52 to line 583, col 55 of module twoPhaseSingleShard: 52109
@!@!@ENDMSG 2221 @!@!@
@!@!@STARTMSG 2221:0 @!@!@
  ||||||||line 581, col 52 to line 582, col 50 of module twoPhaseSingleShard: 52109
@!@!@ENDMSG 2221 @!@!@
@!@!@STARTMSG 2221:0 @!@!@
  |||||||||line 581, col 52 to line 581, col 73 of module twoPhaseSingleShard: 52109
@!@!@ENDMSG 2221 @!@!@
@!@!@STARTMSG 2221:0 @!@!@
  |||||||||line 582, col 42 to line 582, col 50 of module twoPhaseSingleShard: 14643
@!@!@ENDMSG 2221 @!@!@
@!@!@STARTMSG 2221:0 @!@!@
  ||||||||line 583, col 42 to line 583, col 55 of module twoPhaseSingleShard: 8497
@!@!@ENDMSG 2221 @!@!@
@!@!@STARTMSG 2221:0 @!@!@
  |||||||line 584, col 42 to line 584, col 50 of module twoPhaseSingleShard: 6359
@!@!@ENDMSG 2221 @!@!@
@!@!@STARTMSG 2221:0 @!@!@
  ||||||line 581, col 31 to line 581, col 48 of module twoPhaseSingleShard: 5446
@!@!@ENDMSG 2221 @!@!@
@!@!@STARTMSG 2775:0 @!@!@
  |||||||line 58, col 5 to line 58, col 47 of module twoPhaseSingleShard: 5446:57555
@!@!@ENDMSG 2775 @!@!@
@!@!@STARTMSG 2221:0 @!@!@
  ||||||||line 58, col 31 to line 58, col 45 of module twoPhaseSingleShard: 52109
@!@!@ENDMSG 2221 @!@!@
@!@!@STARTMSG 2221:0 @!@!@
  ||||||||line 58, col 13 to line 58, col 27 of module twoPhaseSingleShard: 5446
@!@!@ENDMSG 2221 @!@!@
@!@!@STARTMSG 2221:0 @!@!@
  |||||||line 581, col 44 to line 581, col 47 of module twoPhaseSingleShard: 5446
@!@!@ENDMSG 2221 @!@!@
@!@!@STARTMSG 2221:0 @!@!@
  line 661, col 16 to line 661, col 27 of module twoPhaseSingleShard: 10210
@!@!@ENDMSG 2221 @!@!@
@!@!@STARTMSG 2221:0 @!@!@
  |line 661, col 17 to line 661, col 27 of module twoPhaseSingleShard: 5446
@!@!@ENDMSG 2221 @!@!@
@!@!@STARTMSG 2221:0 @!@!@
  ||line 592, col 24 to line 592, col 44 of module twoPhaseSingleShard: 5446
@!@!@ENDMSG 2221 @!@!@
@!@!@STARTMSG 2221:0 @!@!@
  |||line 592, col 24 to line 592, col 40 of module twoPhaseSingleShard: 5446
@!@!@ENDMSG 2221 @!@!@
@!@!@STARTMSG 2221:0 @!@!@
  ||||line 592, col 36 to line 592, col 39 of module twoPhaseSingleShard: 5446
@!@!@ENDMSG 2221 @!@!@
@!@!@STARTMSG 2221:0 @!@!@
  |||||line 587, col 17 to line 591, col 20 of module twoPhaseSingleShard: 5446
@!@!@ENDMSG 2221 @!@!@
@!@!@STARTMSG 2221:0 @!@!@
  ||||||line 587, col 45 to line 590, col 50 of module twoPhaseSingleShard: 52109
@!@!@ENDMSG 2221 @!@!@
@!@!@STARTMSG 2221:0 @!@!@
  |||||||line 587, col 45 to line 589, col 55 of module twoPhaseSingleShard: 52109
@!@!@ENDMSG 2221 @!@!@
@!@!@STARTMSG 2221:0 @!@!@
  ||||||||line 587, col 45 to line 588, col 50 of module twoPhaseSingleShard: 52109
@!@!@ENDMSG 2221 @!@!@
@!@!@STARTMSG 2221:0 @!@!@
  |||||||||line 587, col 45 to line 587, col 65 of module twoPhaseSingleShard: 52109
@!@!@ENDMSG 2221 @!@!@
@!@!@STARTMSG 2221:0 @!@!@
  |||||||||line 588, col 42 to line 588, col 50 of module twoPhaseSingleShard: 4951
@!@!@ENDMSG 2221 @!@!@
@!@!@STARTMSG 2221:0 @!@!@
  ||||||||line 589, col 42 to line 589, col 55 of module twoPhaseSingleShard: 3895
@!@!@ENDMSG 2221 @!@!@
@!@!@STARTMSG 2221:0 @!@!@
  |||||||line 590, col 42 to line 590, col 50 of module twoPhaseSingleShard: 3191
@!@!@ENDMSG 2221 @!@!@
@!@!@STARTMSG 2221:0 @!@!@
  ||||||line 587, col 24 to line 587, col 41 of module twoPhaseSingleShard: 5446
@!@!@ENDMSG 2221 @!@!@
@!@!@STARTMSG 2775:0 @!@!@
  |||||||line 58, col 5 to line 58, col 47 of module twoPhaseSingleShard: 5446:57555
@!@!@ENDMSG 2775 @!@!@
@!@!@STARTMSG 2221:0 @!@!@
  ||||||||line 58, col 31 to line 58, col 45 of module twoPhaseSingleShard: 52109
@!@!@ENDMSG 2221 @!@!@
@!@!@STARTMSG 2221:0 @!@!@
  ||||||||line 58, col 13 to line 58, col 27 of module twoPhaseSingleShard: 5446
@!@!@ENDMSG 2221 @!@!@
@!@!@STARTMSG 2221:0 @!@!@
  |||||||line 587, col 37 to line 587, col 40 of module twoPhaseSingleShard: 5446
@!@!@ENDMSG 2221 @!@!@
@!@!@STARTMSG 2221:0 @!@!@
  line 662, col 16 to line 662, col 39 of module twoPhaseSingleShard: 4764
@!@!@ENDMSG 2221 @!@!@
@!@!@STARTMSG 2221:0 @!@!@
  line 663, col 16 to line 663, col 31 of module twoPhaseSingleShard: 4764
@!@!@ENDMSG 2221 @!@!@
@!@!@STARTMSG 2221:0 @!@!@
  line 664, col 16 to line 665, col 90 of module twoPhaseSingleShard: 9528
@!@!@ENDMSG 2221 @!@!@
@!@!@STARTMSG 2221:0 @!@!@
  line 72, col 12 to line 72, col 39 of module twoPhaseSingleShard: 2795
@!@!@ENDMSG 2221 @!@!@
@!@!@STARTMSG 2221:0 @!@!@
  |line 72, col 20 to line 72, col 39 of module twoPhaseSingleShard: 4271
@!@!@ENDMSG 2221 @!@!@
@!@!@STARTMSG 2221:0 @!@!@
  ||line 61, col 5 to line 64, col 28 of module twoPhaseSingleShard: 4271
@!@!@ENDMSG 2221 @!@!@
@!@!@STARTMSG 2221:0 @!@!@
  |||line 61, col 8 to line 61, col 28 of module twoPhaseSingleShard: 4271
@!@!@ENDMSG 2221 @!@!@
@!@!@STARTMSG 2221:0 @!@!@
  |||line 62, col 9 to line 62, col 48 of module twoPhaseSingleShard: 1422
@!@!@ENDMSG 2221 @!@!@
@!@!@STARTMSG 2221:0 @!@!@
  |||line 64, col 9 to line 64, col 28 of module twoPhaseSingleShard: 2849
@!@!@ENDMSG 2221 @!@!@
@!@!@STARTMSG 2221:0 @!@!@
  ||line 72, col 32 to line 72, col 32 of module twoPhaseSingleShard: 4271
@!@!@ENDMSG 2221 @!@!@
@!@!@STARTMSG 2221:0 @!@!@
  ||line 72, col 35 to line 72, col 38 of module twoPhaseSingleShard: 4271
@!@!@ENDMSG 2221 @!@!@
@!@!@STARTMSG 2221:0 @!@!@
  line 615, col 18 to line 622, col 17 of module twoPhaseSingleShard: 4271
@!@!@ENDMSG 2221 @!@!@
@!@!@STARTMSG 2221:0 @!@!@
  |line 615, col 19 to line 615, col 34 of module twoPhaseSingleShard: 4271
@!@!@ENDMSG 2221 @!@!@
@!@!@STARTMSG 2221:0 @!@!@
  |line 616, col 20 to line 616, col 33 of module twoPhaseSingleShard: 4271
@!@!@ENDMSG 2221 @!@!@
@!@!@STARTMSG 2221:0 @!@!@
  |line 617, col 20 to line 617, col 28 of module twoPhaseSingleShard: 4271
@!@!@ENDMSG 2221 @!@!@
@!@!@STARTMSG 2221:0 @!@!@
  |line 618, col 20 to line 618, col 28 of module twoPhaseSingleShard: 4271
@!@!@ENDMSG 2221 @!@!@
@!@!@STARTMSG 2221:0 @!@!@
  |line 619, col 20 to line 619, col 40 of module twoPhaseSingleShard: 4271
@!@!@ENDMSG 2221 @!@!@
@!@!@STARTMSG 2221:0 @!@!@
  |line 620, col 20 to line 620, col 38 of module twoPhaseSingleShard: 4271
@!@!@ENDMSG 2221 @!@!@
@!@!@STARTMSG 2221:0 @!@!@
  |line 621, col 36 to line 621, col 53 of module twoPhaseSingleShard: 4271
@!@!@ENDMSG 2221 @!@!@
@!@!@STARTMSG 2221:0 @!@!@
  ||line 612, col 31 to line 612, col 149 of module twoPhaseSingleShard: 4271
@!@!@ENDMSG 2221 @!@!@
@!@!@STARTMSG 2221:0 @!@!@
  |||line 612, col 32 to line 612, col 126 of module twoPhaseSingleShard: 4271
@!@!@ENDMSG 2221 @!@!@
@!@!@STARTMSG 2221:0 @!@!@
  ||||line 612, col 32 to line 612, col 72 of module twoPhaseSingleShard: 4271
@!@!@ENDMSG 2221 @!@!@
@!@!@STARTMSG 2221:0 @!@!@
  ||||line 612, col 76 to line 612, col 126 of module twoPhaseSingleShard: 4271
@!@!@ENDMSG 2221 @!@!@
@!@!@STARTMSG 2221:0 @!@!@
  |||||line 570, col 3 to line 570, col 30 of module twoPhaseSingleShard: 4271
@!@!@ENDMSG 2221 @!@!@
@!@!@STARTMSG 2221:0 @!@!@
  ||||||line 570, col 9 to line 570, col 30 of module twoPhaseSingleShard: 4271
@!@!@ENDMSG 2221 @!@!@
@!@!@STARTMSG 2221:0 @!@!@
  |||||||line 570, col 10 to line 570, col 15 of module twoPhaseSingleShard: 564
@!@!@ENDMSG 2221 @!@!@
@!@!@STARTMSG 2221:0 @!@!@
  |||||||line 570, col 25 to line 570, col 29 of module twoPhaseSingleShard: 4271
@!@!@ENDMSG 2221 @!@!@
@!@!@STARTMSG 2221:0 @!@!@
  |||||line 612, col 84 to line 612, col 97 of module twoPhaseSingleShard: 4271
@!@!@ENDMSG 2221 @!@!@
@!@!@STARTMSG 2221:0 @!@!@
  |||||line 612, col 100 to line 612, col 125 of module twoPhaseSingleShard: 564
@!@!@ENDMSG 2221 @!@!@
@!@!@STARTMSG 2221:0 @!@!@
  |||line 612, col 136 to line 612, col 149 of module twoPhaseSingleShard: 4271
@!@!@ENDMSG 2221 @!@!@
@!@!@STARTMSG 2221:0 @!@!@
  line 669, col 16 to line 669, col 27 of module twoPhaseSingleShard: 7066
@!@!@ENDMSG 2221 @!@!@
@!@!@STARTMSG 2221:0 @!@!@
  |line 669, col 17 to line 669, col 27 of module twoPhaseSingleShard: 4271
@!@!@ENDMSG 2221 @!@!@
@!@!@STARTMSG 2221:0 @!@!@
  ||line 592, col 24 to line 592, col 44 of module twoPhaseSingleShard: 4271
@!@!@ENDMSG 2221 @!@!@
@!@!@STARTMSG 2221:0 @!@!@
  |||line 592, col 24 to line 592, col 40 of module twoPhaseSingleShard: 4271
@!@!@ENDMSG 2221 @!@!@
@!@!@STARTMSG 2221:0 @!@!@
  ||||line 592, col 36 to line 592, col 39 of module twoPhaseSingleShard: 4271
@!@!@ENDMSG 2221 @!@!@
@!@!@STARTMSG 2221:0 @!@!@
  |||||line 587, col 17 to line 591, col 20 of module twoPhaseSingleShard: 4271
@!@!@ENDMSG 2221 @!@!@
@!@!@STARTMSG 2221:0 @!@!@
  ||||||line 587, col 45 to line 590, col 50 of module twoPhaseSingleShard: 40852
@!@!@ENDMSG 2221 @!@!@
@!@!@STARTMSG 2221:0 @!@!@
  |||||||line 587, col 45 to line 589, col 55 of module twoPhaseSingleShard: 40852
@!@!@ENDMSG 2221 @!@!@
@!@!@STARTMSG 2221:0 @!@!@
  ||||||||line 587, col 45 to line 588, col 50 of module twoPhaseSingleShard: 40852
@!@!@ENDMSG 2221 @!@!@
@!@!@STARTMSG 2221:0 @!@!@
  |||||||||line 587, col 45 to line 587, col 65 of module twoPhaseSingleShard: 40852
@!@!@ENDMSG 2221 @!@!@
@!@!@STARTMSG 2221:0 @!@!@
  |||||||||line 588, col 42 to line 588, col 50 of module twoPhaseSingleShard: 4932
@!@!@ENDMSG 2221 @!@!@
@!@!@STARTMSG 2221:0 @!@!@
  ||||||||line 589, col 42 to line 589, col 55 of module twoPhaseSingleShard: 3611
@!@!@ENDMSG 2221 @!@!@
@!@!@STARTMSG 2221:0 @!@!@
  |||||||line 590, col 42 to line 590, col 50 of module twoPhaseSingleShard: 3255
@!@!@ENDMSG 2221 @!@!@
@!@!@STARTMSG 2221:0 @!@!@
  ||||||line 587, col 24 to line 587, col 41 of module twoPhaseSingleShard: 4271
@!@!@ENDMSG 2221 @!@!@
@!@!@STARTMSG 2775:0 @!@!@
  |||||||line 58, col 5 to line 58, col 47 of module twoPhaseSingleShard: 4271:45123
@!@!@ENDMSG 2775 @!@!@
@!@!@STARTMSG 2221:0 @!@!@
  ||||||||line 58, col 31 to line 58, col 45 of module twoPhaseSingleShard: 40852
@!@!@ENDMSG 2221 @!@!@
@!@!@STARTMSG 2221:0 @!@!@
  ||||||||line 58, col 13 to line 58, col 27 of module twoPhaseSingleShard: 4271
@!@!@ENDMSG 2221 @!@!@
@!@!@STARTMSG 2221:0 @!@!@
  |||||||line 587, col 37 to line 587, col 40 of module twoPhaseSingleShard: 4271
@!@!@ENDMSG 2221 @!@!@
@!@!@STARTMSG 2221:0 @!@!@
  line 670, col 16 to line 670, col 31 of module twoPhaseSingleShard: 2795
@!@!@ENDMSG 2221 @!@!@
@!@!@STARTMSG 2221:0 @!@!@
  line 671, col 16 to line 672, col 140 of module twoPhaseSingleShard: 5590
@!@!@ENDMSG 2221 @!@!@
@!@!@STARTMSG 2221:0 @!@!@
  line 674, col 13 to line 674, col 28 of module twoPhaseSingleShard: 293
@!@!@ENDMSG 2221 @!@!@
@!@!@STARTMSG 2221:0 @!@!@
  |line 674, col 21 to line 674, col 28 of module twoPhaseSingleShard: 435
@!@!@ENDMSG 2221 @!@!@
@!@!@STARTMSG 2221:0 @!@!@
  line 675, col 14 to line 675, col 190 of module twoPhaseSingleShard: 728
@!@!@ENDMSG 2221 @!@!@
@!@!@STARTMSG 2221:0 @!@!@
  |line 675, col 15 to line 675, col 190 of module twoPhaseSingleShard: 435
@!@!@ENDMSG 2221 @!@!@
@!@!@STARTMSG 2221:0 @!@!@
  line 676, col 14 to line 676, col 180 of module twoPhaseSingleShard: 293
@!@!@ENDMSG 2221 @!@!@
@!@!@STARTMSG 2221:0 @!@!@
  line 677, col 14 to line 677, col 194 of module twoPhaseSingleShard: 293
@!@!@ENDMSG 2221 @!@!@
@!@!@STARTMSG 2221:0 @!@!@
  line 1206, col 18 to line 1206, col 23 of module twoPhaseSingleShard: 30768
@!@!@ENDMSG 2221 @!@!@
@!@!@STARTMSG 2221:0 @!@!@
  line 1206, col 26 to line 1206, col 26 of module twoPhaseSingleShard: 30768
@!@!@ENDMSG 2221 @!@!@
@!@!@STARTMSG 2221:0 @!@!@
  line 1206, col 29 to line 1206, col 35 of module twoPhaseSingleShard: 30768
@!@!@ENDMSG 2221 @!@!@
@!@!@STARTMSG 2221:0 @!@!@
  line 1206, col 38 to line 1206, col 51 of module twoPhaseSingleShard: 10152
@!@!@ENDMSG 2221 @!@!@
@!@!@STARTMSG 2221:0 @!@!@
  line 1206, col 54 to line 1206, col 67 of module twoPhaseSingleShard: 4271
@!@!@ENDMSG 2221 @!@!@
@!@!@STARTMSG 2221:0 @!@!@
  line 1206, col 70 to line 1206, col 79 of module twoPhaseSingleShard: 30086
@!@!@ENDMSG 2221 @!@!@
@!@!@STARTMSG 2221:0 @!@!@
  line 1206, col 82 to line 1206, col 90 of module twoPhaseSingleShard: 30086
@!@!@ENDMSG 2221 @!@!@
@!@!@STARTMSG 2221:0 @!@!@
  line 1343, col 28 to line 1343, col 28 of module twoPhaseSingleShard: 30768
@!@!@ENDMSG 2221 @!@!@
@!@!@STARTMSG 2221:0 @!@!@
  line 1343, col 30 to line 1343, col 30 of module twoPhaseSingleShard: 173454
@!@!@ENDMSG 2221 @!@!@
@!@!@STARTMSG 2221:0 @!@!@
  line 1344, col 16 to line 1344, col 35 of module twoPhaseSingleShard: 8235
@!@!@ENDMSG 2221 @!@!@
@!@!@STARTMSG 2221:0 @!@!@
  line 1342, col 16 to line 1342, col 20 of module twoPhaseSingleShard: 6198
@!@!@ENDMSG 2221 @!@!@
@!@!@STARTMSG 2221:0 @!@!@
  line 1342, col 29 to line 1342, col 46 of module twoPhaseSingleShard: 6198
@!@!@ENDMSG 2221 @!@!@
@!@!@STARTMSG 2775:0 @!@!@
  |line 58, col 5 to line 58, col 47 of module twoPhaseSingleShard: 6198:64016
@!@!@ENDMSG 2775 @!@!@
@!@!@STARTMSG 2221:0 @!@!@
  ||line 58, col 31 to line 58, col 45 of module twoPhaseSingleShard: 57818
@!@!@ENDMSG 2221 @!@!@
@!@!@STARTMSG 2221:0 @!@!@
  ||line 58, col 13 to line 58, col 27 of module twoPhaseSingleShard: 6198
@!@!@ENDMSG 2221 @!@!@
@!@!@STARTMSG 2221:0 @!@!@
  |line 1342, col 42 to line 1342, col 45 of module twoPhaseSingleShard: 6198
@!@!@ENDMSG 2221 @!@!@
@!@!@STARTMSG 2772:0 @!@!@
<Next line 1341, col 3 to line 1341, col 6 of module twoPhaseSingleShard (1345 7 1347 35)>: 2304:5711
@!@!@ENDMSG 2772 @!@!@
@!@!@STARTMSG 2221:0 @!@!@
  line 1225, col 7 to line 1225, col 25 of module twoPhaseSingleShard: 179135
@!@!@ENDMSG 2221 @!@!@
@!@!@STARTMSG 2221:0 @!@!@
  |line 1225, col 7 to line 1225, col 14 of module twoPhaseSingleShard: 173424
@!@!@ENDMSG 2221 @!@!@
@!@!@STARTMSG 2221:0 @!@!@
  line 1226, col 7 to line 1226, col 39 of module twoPhaseSingleShard: 22511
@!@!@ENDMSG 2221 @!@!@
@!@!@STARTMSG 2221:0 @!@!@
  |line 1226, col 7 to line 1226, col 7 of module twoPhaseSingleShard: 16800
@!@!@ENDMSG 2221 @!@!@
@!@!@STARTMSG 2221:0 @!@!@
  |line 1226, col 13 to line 1226, col 39 of module twoPhaseSingleShard: 16800
@!@!@ENDMSG 2221 @!@!@
@!@!@STARTMSG 2221:0 @!@!@
  line 720, col 6 to line 720, col 49 of module twoPhaseSingleShard: 16800
@!@!@ENDMSG 2221 @!@!@
@!@!@STARTMSG 2221:0 @!@!@
  line 722, col 6 to line 722, col 45 of module twoPhaseSingleShard: 18098
@!@!@ENDMSG 2221 @!@!@
@!@!@STARTMSG 2221:0 @!@!@
  |line 722, col 6 to line 722, col 34 of module twoPhaseSingleShard: 13531
@!@!@ENDMSG 2221 @!@!@
@!@!@STARTMSG 2221:0 @!@!@
  line 723, col 6 to line 723, col 54 of module twoPhaseSingleShard: 18098
@!@!@ENDMSG 2221 @!@!@
@!@!@STARTMSG 2221:0 @!@!@
  |line 723, col 6 to line 723, col 11 of module twoPhaseSingleShard: 13531
@!@!@ENDMSG 2221 @!@!@
@!@!@STARTMSG 2221:0 @!@!@
  |line 723, col 17 to line 723, col 54 of module twoPhaseSingleShard: 13531
@!@!@ENDMSG 2221 @!@!@
@!@!@STARTMSG 2221:0 @!@!@
  line 726, col 6 to line 728, col 195 of module twoPhaseSingleShard: 4567
@!@!@ENDMSG 2221 @!@!@
@!@!@STARTMSG 2221:0 @!@!@
  line 729, col 6 to line 729, col 98 of module twoPhaseSingleShard: 4567
@!@!@ENDMSG 2221 @!@!@
@!@!@STARTMSG 2221:0 @!@!@
  |line 729, col 25 to line 729, col 98 of module twoPhaseSingleShard: 4567
@!@!@ENDMSG 2221 @!@!@
@!@!@STARTMSG 2221:0 @!@!@
  ||line 729, col 26 to line 729, col 40 of module twoPhaseSingleShard: 4567
@!@!@ENDMSG 2221 @!@!@
@!@!@STARTMSG 2221:0 @!@!@
  ||line 729, col 48 to line 729, col 97 of module twoPhaseSingleShard: 4567
@!@!@ENDMSG 2221 @!@!@
@!@!@STARTMSG 2221:0 @!@!@
  ||line 729, col 56 to line 729, col 97 of module twoPhaseSingleShard: 4567
@!@!@ENDMSG 2221 @!@!@
@!@!@STARTMSG 2221:0 @!@!@
  |||line 218, col 3 to line 218, col 33 of module twoPhaseSingleShard: 4567
@!@!@ENDMSG 2221 @!@!@
@!@!@STARTMSG 2221:0 @!@!@
  ||||line 214, col 5 to line 215, col 75 of module twoPhaseSingleShard: 15402
@!@!@ENDMSG 2221 @!@!@
@!@!@STARTMSG 2221:0 @!@!@
  |||||line 214, col 8 to line 214, col 17 of module twoPhaseSingleShard: 15402
@!@!@ENDMSG 2221 @!@!@
@!@!@STARTMSG 2221:0 @!@!@
  |||||line 214, col 24 to line 214, col 24 of module twoPhaseSingleShard: 4567
@!@!@ENDMSG 2221 @!@!@
@!@!@STARTMSG 2221:0 @!@!@
  |||||line 215, col 10 to line 215, col 75 of module twoPhaseSingleShard: 10835
@!@!@ENDMSG 2221 @!@!@
@!@!@STARTMSG 2221:0 @!@!@
  ||||||line 215, col 26 to line 215, col 34 of module twoPhaseSingleShard: 10835
@!@!@ENDMSG 2221 @!@!@
@!@!@STARTMSG 2221:0 @!@!@
  ||||||line 215, col 37 to line 215, col 42 of module twoPhaseSingleShard: 6268
@!@!@ENDMSG 2221 @!@!@
@!@!@STARTMSG 2221:0 @!@!@
  ||||||line 215, col 46 to line 215, col 74 of module twoPhaseSingleShard: 10835
@!@!@ENDMSG 2221 @!@!@
@!@!@STARTMSG 2221:0 @!@!@
  |||||||line 170, col 5 to line 210, col 9 of module twoPhaseSingleShard: 10835
@!@!@ENDMSG 2221 @!@!@
@!@!@STARTMSG 2221:0 @!@!@
  ||||||||line 170, col 8 to line 170, col 44 of module twoPhaseSingleShard: 10835
@!@!@ENDMSG 2221 @!@!@
@!@!@STARTMSG 2221:0 @!@!@
  ||||||||line 172, col 9 to line 208, col 39 of module twoPhaseSingleShard: 10835
@!@!@ENDMSG 2221 @!@!@
@!@!@STARTMSG 2221:0 @!@!@
  |||||||||line 172, col 14 to line 172, col 54 of module twoPhaseSingleShard: 10835
@!@!@ENDMSG 2221 @!@!@
@!@!@STARTMSG 2221:0 @!@!@
  ||||||||||line 172, col 14 to line 172, col 30 of module twoPhaseSingleShard: 10835
@!@!@ENDMSG 2221 @!@!@
@!@!@STARTMSG 2221:0 @!@!@
  ||||||||||line 172, col 35 to line 172, col 54 of module twoPhaseSingleShard: 7701
@!@!@ENDMSG 2221 @!@!@
@!@!@STARTMSG 2221:0 @!@!@
  |||||||||line 172, col 61 to line 172, col 119 of module twoPhaseSingleShard: 6268
@!@!@ENDMSG 2221 @!@!@
@!@!@STARTMSG 2221:0 @!@!@
  |||||||||line 173, col 12 to line 173, col 55 of module twoPhaseSingleShard: 4567
@!@!@ENDMSG 2221 @!@!@
@!@!@STARTMSG 2221:0 @!@!@
  ||||||||||line 173, col 12 to line 173, col 28 of module twoPhaseSingleShard: 4567
@!@!@ENDMSG 2221 @!@!@
@!@!@STARTMSG 2221:0 @!@!@
  ||||||||||line 173, col 33 to line 173, col 55 of module twoPhaseSingleShard: 1433
@!@!@ENDMSG 2221 @!@!@
@!@!@STARTMSG 2221:0 @!@!@
  |||||||||line 180, col 21 to line 180, col 57 of module twoPhaseSingleShard: 23
@!@!@ENDMSG 2221 @!@!@
@!@!@STARTMSG 2775:0 @!@!@
  |||||||||line 177, col 40 to line 177, col 86 of module twoPhaseSingleShard: 23:23
@!@!@ENDMSG 2775 @!@!@
@!@!@STARTMSG 2221:0 @!@!@
  |||||||||line 175, col 21 to line 175, col 129 of module twoPhaseSingleShard: 23
@!@!@ENDMSG 2221 @!@!@
@!@!@STARTMSG 2221:0 @!@!@
  |||||||||line 178, col 43 to line 178, col 92 of module twoPhaseSingleShard: 23
@!@!@ENDMSG 2221 @!@!@
@!@!@STARTMSG 2221:0 @!@!@
  |||||||||line 179, col 24 to line 179, col 130 of module twoPhaseSingleShard: 23
@!@!@ENDMSG 2221 @!@!@
@!@!@STARTMSG 2221:0 @!@!@
  |||||||||line 182, col 15 to line 184, col 20 of module twoPhaseSingleShard: 1433
@!@!@ENDMSG 2221 @!@!@
@!@!@STARTMSG 2221:0 @!@!@
  ||||||||||line 182, col 18 to line 182, col 72 of module twoPhaseSingleShard: 1433
@!@!@ENDMSG 2221 @!@!@
@!@!@STARTMSG 2221:0 @!@!@
  |||||||||||line 182, col 18 to line 182, col 68 of module twoPhaseSingleShard: 1433
@!@!@ENDMSG 2221 @!@!@
@!@!@STARTMSG 2221:0 @!@!@
  ||||||||||||line 182, col 30 to line 182, col 67 of module twoPhaseSingleShard: 1433
@!@!@ENDMSG 2221 @!@!@
@!@!@STARTMSG 2221:0 @!@!@
  |||||||||||||line 182, col 41 to line 182, col 66 of module twoPhaseSingleShard: 46
@!@!@ENDMSG 2221 @!@!@
@!@!@STARTMSG 2221:0 @!@!@
  |||||||||||||line 182, col 37 to line 182, col 37 of module twoPhaseSingleShard: 1433
@!@!@ENDMSG 2221 @!@!@
@!@!@STARTMSG 2221:0 @!@!@
  ||||||||||line 183, col 20 to line 183, col 21 of module twoPhaseSingleShard: 23
@!@!@ENDMSG 2221 @!@!@
@!@!@STARTMSG 2221:0 @!@!@
  ||||||||||line 184, col 20 to line 184, col 20 of module twoPhaseSingleShard: 1410
@!@!@ENDMSG 2221 @!@!@
@!@!@STARTMSG 2221:0 @!@!@
  |||||||||line 185, col 12 to line 185, col 52 of module twoPhaseSingleShard: 3134
@!@!@ENDMSG 2221 @!@!@
@!@!@STARTMSG 2775:0 @!@!@
  |||||||||line 194, col 9 to line 194, col 30 of module twoPhaseSingleShard: 3134:1400
@!@!@ENDMSG 2775 @!@!@
@!@!@STARTMSG 2221:0 @!@!@
  ||||||||||line 194, col 10 to line 194, col 19 of module twoPhaseSingleShard: 6268
@!@!@ENDMSG 2221 @!@!@
@!@!@STARTMSG 2221:0 @!@!@
  |||||||||||line 188, col 17 to line 192, col 26 of module twoPhaseSingleShard: 6268
@!@!@ENDMSG 2221 @!@!@
@!@!@STARTMSG 2221:0 @!@!@
  ||||||||||||line 188, col 20 to line 188, col 45 of module twoPhaseSingleShard: 6268
@!@!@ENDMSG 2221 @!@!@
@!@!@STARTMSG 2221:0 @!@!@
  ||||||||||||line 189, col 25 to line 189, col 96 of module twoPhaseSingleShard: 3134
@!@!@ENDMSG 2221 @!@!@
@!@!@STARTMSG 2221:0 @!@!@
  ||||||||||||line 192, col 26 to line 192, col 26 of module twoPhaseSingleShard: 3134
@!@!@ENDMSG 2221 @!@!@
@!@!@STARTMSG 2221:0 @!@!@
  |||||||||||line 194, col 18 to line 194, col 18 of module twoPhaseSingleShard: 6268
@!@!@ENDMSG 2221 @!@!@
@!@!@STARTMSG 2221:0 @!@!@
  ||||||||||line 194, col 29 to line 194, col 29 of module twoPhaseSingleShard: 3134
@!@!@ENDMSG 2221 @!@!@
@!@!@STARTMSG 2221:0 @!@!@
  |||||||line 215, col 54 to line 215, col 62 of module twoPhaseSingleShard: 10835
@!@!@ENDMSG 2221 @!@!@
@!@!@STARTMSG 2221:0 @!@!@
  |||||||line 215, col 65 to line 215, col 70 of module twoPhaseSingleShard: 10835
@!@!@ENDMSG 2221 @!@!@
@!@!@STARTMSG 2221:0 @!@!@
  |||||||line 215, col 73 to line 215, col 73 of module twoPhaseSingleShard: 10835
@!@!@ENDMSG 2221 @!@!@
@!@!@STARTMSG 2221:0 @!@!@
  ||||line 218, col 19 to line 218, col 21 of module twoPhaseSingleShard: 4567
@!@!@ENDMSG 2221 @!@!@
@!@!@STARTMSG 2221:0 @!@!@
  ||||line 218, col 24 to line 218, col 29 of module twoPhaseSingleShard: 4567
@!@!@ENDMSG 2221 @!@!@
@!@!@STARTMSG 2221:0 @!@!@
  ||||line 218, col 32 to line 218, col 32 of module twoPhaseSingleShard: 4567
@!@!@ENDMSG 2221 @!@!@
@!@!@STARTMSG 2221:0 @!@!@
  |||line 729, col 62 to line 729, col 73 of module twoPhaseSingleShard: 4567
@!@!@ENDMSG 2221 @!@!@
@!@!@STARTMSG 2221:0 @!@!@
  |||line 729, col 76 to line 729, col 76 of module twoPhaseSingleShard: 4567
@!@!@ENDMSG 2221 @!@!@
@!@!@STARTMSG 2221:0 @!@!@
  |||line 729, col 79 to line 729, col 96 of module twoPhaseSingleShard: 4567
@!@!@ENDMSG 2221 @!@!@
@!@!@STARTMSG 2221:0 @!@!@
  line 730, col 6 to line 735, col 37 of module twoPhaseSingleShard: 9134
@!@!@ENDMSG 2221 @!@!@
@!@!@STARTMSG 2221:0 @!@!@
  |line 730, col 7 to line 735, col 37 of module twoPhaseSingleShard: 4567
@!@!@ENDMSG 2221 @!@!@
@!@!@STARTMSG 2221:0 @!@!@
  line 736, col 6 to line 741, col 31 of module twoPhaseSingleShard: 4567
@!@!@ENDMSG 2221 @!@!@
@!@!@STARTMSG 2221:0 @!@!@
  line 743, col 6 to line 743, col 21 of module twoPhaseSingleShard: 4567
@!@!@ENDMSG 2221 @!@!@
@!@!@STARTMSG 2221:0 @!@!@
  line 744, col 6 to line 745, col 63 of module twoPhaseSingleShard: 4567
@!@!@ENDMSG 2221 @!@!@
@!@!@STARTMSG 2221:0 @!@!@
  line 707, col 7 to line 707, col 27 of module twoPhaseSingleShard: 1144
@!@!@ENDMSG 2221 @!@!@
@!@!@STARTMSG 2221:0 @!@!@
  |line 707, col 7 to line 707, col 23 of module twoPhaseSingleShard: 3269
@!@!@ENDMSG 2221 @!@!@
@!@!@STARTMSG 2221:0 @!@!@
  ||line 707, col 19 to line 707, col 22 of module twoPhaseSingleShard: 3269
@!@!@ENDMSG 2221 @!@!@
@!@!@STARTMSG 2221:0 @!@!@
  |||line 700, col 14 to line 704, col 20 of module twoPhaseSingleShard: 3269
@!@!@ENDMSG 2221 @!@!@
@!@!@STARTMSG 2221:0 @!@!@
  ||||line 700, col 42 to line 703, col 50 of module twoPhaseSingleShard: 31303
@!@!@ENDMSG 2221 @!@!@
@!@!@STARTMSG 2221:0 @!@!@
  |||||line 700, col 42 to line 702, col 61 of module twoPhaseSingleShard: 31303
@!@!@ENDMSG 2221 @!@!@
@!@!@STARTMSG 2221:0 @!@!@
  ||||||line 700, col 42 to line 701, col 52 of module twoPhaseSingleShard: 31303
@!@!@ENDMSG 2221 @!@!@
@!@!@STARTMSG 2221:0 @!@!@
  |||||||line 700, col 42 to line 700, col 62 of module twoPhaseSingleShard: 31303
@!@!@ENDMSG 2221 @!@!@
@!@!@STARTMSG 2221:0 @!@!@
  |||||||line 701, col 42 to line 701, col 52 of module twoPhaseSingleShard: 2293
@!@!@ENDMSG 2221 @!@!@
@!@!@STARTMSG 2221:0 @!@!@
  ||||||line 702, col 42 to line 702, col 61 of module twoPhaseSingleShard: 2125
@!@!@ENDMSG 2221 @!@!@
@!@!@STARTMSG 2221:0 @!@!@
  |||||line 703, col 42 to line 703, col 50 of module twoPhaseSingleShard: 2125
@!@!@ENDMSG 2221 @!@!@
@!@!@STARTMSG 2221:0 @!@!@
  ||||line 700, col 21 to line 700, col 38 of module twoPhaseSingleShard: 3269
@!@!@ENDMSG 2221 @!@!@
@!@!@STARTMSG 2775:0 @!@!@
  |||||line 58, col 5 to line 58, col 47 of module twoPhaseSingleShard: 3269:34572
@!@!@ENDMSG 2775 @!@!@
@!@!@STARTMSG 2221:0 @!@!@
  ||||||line 58, col 31 to line 58, col 45 of module twoPhaseSingleShard: 31303
@!@!@ENDMSG 2221 @!@!@
@!@!@STARTMSG 2221:0 @!@!@
  ||||||line 58, col 13 to line 58, col 27 of module twoPhaseSingleShard: 3269
@!@!@ENDMSG 2221 @!@!@
@!@!@STARTMSG 2221:0 @!@!@
  |||||line 700, col 34 to line 700, col 37 of module twoPhaseSingleShard: 3269
@!@!@ENDMSG 2221 @!@!@
@!@!@STARTMSG 2221:0 @!@!@
  line 708, col 7 to line 708, col 156 of module twoPhaseSingleShard: 1144
@!@!@ENDMSG 2221 @!@!@
@!@!@STARTMSG 2221:0 @!@!@
  line 709, col 7 to line 709, col 50 of module twoPhaseSingleShard: 1144
@!@!@ENDMSG 2221 @!@!@
@!@!@STARTMSG 2221:0 @!@!@
  line 747, col 20 to line 747, col 20 of module twoPhaseSingleShard: 3269
@!@!@ENDMSG 2221 @!@!@
@!@!@STARTMSG 2221:0 @!@!@
  line 747, col 23 to line 747, col 31 of module twoPhaseSingleShard: 3269
@!@!@ENDMSG 2221 @!@!@
@!@!@STARTMSG 2221:0 @!@!@
  line 747, col 34 to line 747, col 34 of module twoPhaseSingleShard: 1144
@!@!@ENDMSG 2221 @!@!@
@!@!@STARTMSG 2221:0 @!@!@
  line 747, col 38 to line 747, col 43 of module twoPhaseSingleShard: 3269
@!@!@ENDMSG 2221 @!@!@
@!@!@STARTMSG 2221:0 @!@!@
  line 748, col 8 to line 748, col 23 of module twoPhaseSingleShard: 1144
@!@!@ENDMSG 2221 @!@!@
@!@!@STARTMSG 2221:0 @!@!@
  line 749, col 8 to line 750, col 94 of module twoPhaseSingleShard: 2288
@!@!@ENDMSG 2221 @!@!@
@!@!@STARTMSG 2221:0 @!@!@
  line 1227, col 20 to line 1227, col 20 of module twoPhaseSingleShard: 16800
@!@!@ENDMSG 2221 @!@!@
@!@!@STARTMSG 2221:0 @!@!@
  line 1227, col 23 to line 1227, col 29 of module twoPhaseSingleShard: 14675
@!@!@ENDMSG 2221 @!@!@
@!@!@STARTMSG 2221:0 @!@!@
  line 1227, col 32 to line 1227, col 37 of module twoPhaseSingleShard: 16800
@!@!@ENDMSG 2221 @!@!@
@!@!@STARTMSG 2221:0 @!@!@
  line 1227, col 40 to line 1227, col 53 of module twoPhaseSingleShard: 4567
@!@!@ENDMSG 2221 @!@!@
@!@!@STARTMSG 2221:0 @!@!@
  line 1227, col 56 to line 1227, col 65 of module twoPhaseSingleShard: 4567
@!@!@ENDMSG 2221 @!@!@
@!@!@STARTMSG 2221:0 @!@!@
  line 1227, col 68 to line 1227, col 76 of module twoPhaseSingleShard: 16800
@!@!@ENDMSG 2221 @!@!@
@!@!@STARTMSG 2221:0 @!@!@
  line 1346, col 27 to line 1346, col 27 of module twoPhaseSingleShard: 16800
@!@!@ENDMSG 2221 @!@!@
@!@!@STARTMSG 2221:0 @!@!@
  line 1346, col 29 to line 1346, col 29 of module twoPhaseSingleShard: 173424
@!@!@ENDMSG 2221 @!@!@
@!@!@STARTMSG 2221:0 @!@!@
  line 1347, col 16 to line 1347, col 35 of module twoPhaseSingleShard: 5711
@!@!@ENDMSG 2221 @!@!@
@!@!@STARTMSG 2221:0 @!@!@
  line 1345, col 16 to line 1345, col 20 of module twoPhaseSingleShard: 6196
@!@!@ENDMSG 2221 @!@!@
@!@!@STARTMSG 2221:0 @!@!@
  line 1345, col 29 to line 1345, col 46 of module twoPhaseSingleShard: 6196
@!@!@ENDMSG 2221 @!@!@
@!@!@STARTMSG 2775:0 @!@!@
  |line 58, col 5 to line 58, col 47 of module twoPhaseSingleShard: 6196:64004
@!@!@ENDMSG 2775 @!@!@
@!@!@STARTMSG 2221:0 @!@!@
  ||line 58, col 31 to line 58, col 45 of module twoPhaseSingleShard: 57808
@!@!@ENDMSG 2221 @!@!@
@!@!@STARTMSG 2221:0 @!@!@
  ||line 58, col 13 to line 58, col 27 of module twoPhaseSingleShard: 6196
@!@!@ENDMSG 2221 @!@!@
@!@!@STARTMSG 2221:0 @!@!@
  |line 1345, col 42 to line 1345, col 45 of module twoPhaseSingleShard: 6196
@!@!@ENDMSG 2221 @!@!@
@!@!@STARTMSG 2772:0 @!@!@
<Next line 1341, col 3 to line 1341, col 6 of module twoPhaseSingleShard (1348 7 1350 39)>: 589:3409
@!@!@ENDMSG 2772 @!@!@
@!@!@STARTMSG 2221:0 @!@!@
  line 1211, col 7 to line 1211, col 27 of module twoPhaseSingleShard: 59367
@!@!@ENDMSG 2221 @!@!@
@!@!@STARTMSG 2221:0 @!@!@
  |line 1211, col 7 to line 1211, col 14 of module twoPhaseSingleShard: 57798
@!@!@ENDMSG 2221 @!@!@
@!@!@STARTMSG 2221:0 @!@!@
  line 1212, col 7 to line 1212, col 45 of module twoPhaseSingleShard: 19597
@!@!@ENDMSG 2221 @!@!@
@!@!@STARTMSG 2221:0 @!@!@
  |line 1212, col 7 to line 1212, col 13 of module twoPhaseSingleShard: 18028
@!@!@ENDMSG 2221 @!@!@
@!@!@STARTMSG 2221:0 @!@!@
  |line 1212, col 19 to line 1212, col 45 of module twoPhaseSingleShard: 18028
@!@!@ENDMSG 2221 @!@!@
@!@!@STARTMSG 2221:0 @!@!@
  line 925, col 8 to line 925, col 47 of module twoPhaseSingleShard: 19597
@!@!@ENDMSG 2221 @!@!@
@!@!@STARTMSG 2221:0 @!@!@
  |line 925, col 8 to line 925, col 36 of module twoPhaseSingleShard: 18028
@!@!@ENDMSG 2221 @!@!@
@!@!@STARTMSG 2221:0 @!@!@
  line 948, col 16 to line 948, col 148 of module twoPhaseSingleShard: 72109
@!@!@ENDMSG 2221 @!@!@
@!@!@STARTMSG 2221:0 @!@!@
  |line 948, col 16 to line 948, col 80 of module twoPhaseSingleShard: 72109
@!@!@ENDMSG 2221 @!@!@
@!@!@STARTMSG 2221:0 @!@!@
  |line 948, col 85 to line 948, col 148 of module twoPhaseSingleShard: 2696
@!@!@ENDMSG 2221 @!@!@
@!@!@STARTMSG 2221:0 @!@!@
  line 950, col 47 to line 950, col 56 of module twoPhaseSingleShard: 237866
@!@!@ENDMSG 2221 @!@!@
@!@!@STARTMSG 2221:0 @!@!@
  |line 950, col 47 to line 950, col 51 of module twoPhaseSingleShard: 232849
@!@!@ENDMSG 2221 @!@!@
@!@!@STARTMSG 2221:0 @!@!@
  |line 950, col 55 to line 950, col 56 of module twoPhaseSingleShard: 232849
@!@!@ENDMSG 2221 @!@!@
@!@!@STARTMSG 2221:0 @!@!@
  line 950, col 40 to line 950, col 43 of module twoPhaseSingleShard: 130521
@!@!@ENDMSG 2221 @!@!@
@!@!@STARTMSG 2775:0 @!@!@
  |line 929, col 21 to line 936, col 51 of module twoPhaseSingleShard: 130521:363370
@!@!@ENDMSG 2775 @!@!@
@!@!@STARTMSG 2221:0 @!@!@
  ||line 930, col 35 to line 936, col 50 of module twoPhaseSingleShard: 1239085
@!@!@ENDMSG 2221 @!@!@
@!@!@STARTMSG 2221:0 @!@!@
  |||line 930, col 38 to line 930, col 56 of module twoPhaseSingleShard: 1239085
@!@!@ENDMSG 2221 @!@!@
@!@!@STARTMSG 2221:0 @!@!@
  |||line 931, col 38 to line 931, col 46 of module twoPhaseSingleShard: 400439
@!@!@ENDMSG 2221 @!@!@
@!@!@STARTMSG 2221:0 @!@!@
  |||line 932, col 38 to line 932, col 51 of module twoPhaseSingleShard: 333912
@!@!@ENDMSG 2221 @!@!@
@!@!@STARTMSG 2221:0 @!@!@
  |||line 933, col 38 to line 933, col 56 of module twoPhaseSingleShard: 301515
@!@!@ENDMSG 2221 @!@!@
@!@!@STARTMSG 2221:0 @!@!@
  |||line 934, col 38 to line 934, col 58 of module twoPhaseSingleShard: 301515
@!@!@ENDMSG 2221 @!@!@
@!@!@STARTMSG 2221:0 @!@!@
  |||line 935, col 38 to line 935, col 102 of module twoPhaseSingleShard: 301515
@!@!@ENDMSG 2221 @!@!@
@!@!@STARTMSG 2221:0 @!@!@
  |||line 936, col 38 to line 936, col 50 of module twoPhaseSingleShard: 297359
@!@!@ENDMSG 2221 @!@!@
@!@!@STARTMSG 2221:0 @!@!@
  ||line 929, col 28 to line 929, col 45 of module twoPhaseSingleShard: 130521
@!@!@ENDMSG 2221 @!@!@
@!@!@STARTMSG 2775:0 @!@!@
  |||line 58, col 5 to line 58, col 47 of module twoPhaseSingleShard: 130521:1369606
@!@!@ENDMSG 2775 @!@!@
@!@!@STARTMSG 2221:0 @!@!@
  ||||line 58, col 31 to line 58, col 45 of module twoPhaseSingleShard: 1239085
@!@!@ENDMSG 2221 @!@!@
@!@!@STARTMSG 2221:0 @!@!@
  ||||line 58, col 13 to line 58, col 27 of module twoPhaseSingleShard: 130521
@!@!@ENDMSG 2221 @!@!@
@!@!@STARTMSG 2221:0 @!@!@
  |||line 929, col 41 to line 929, col 44 of module twoPhaseSingleShard: 130521
@!@!@ENDMSG 2221 @!@!@
@!@!@STARTMSG 2221:0 @!@!@
  line 950, col 26 to line 950, col 27 of module twoPhaseSingleShard: 70381
@!@!@ENDMSG 2221 @!@!@
@!@!@STARTMSG 2221:0 @!@!@
  line 448, col 10 to line 448, col 110 of module twoPhaseSingleShard: 0
@!@!@ENDMSG 2221 @!@!@
@!@!@STARTMSG 2221:0 @!@!@
  line 449, col 10 to line 449, col 43 of module twoPhaseSingleShard: 0
@!@!@ENDMSG 2221 @!@!@
@!@!@STARTMSG 2221:0 @!@!@
  line 430, col 11 to line 430, col 50 of module twoPhaseSingleShard: 34685
@!@!@ENDMSG 2221 @!@!@
@!@!@STARTMSG 2221:0 @!@!@
  |line 430, col 11 to line 430, col 39 of module twoPhaseSingleShard: 32349
@!@!@ENDMSG 2221 @!@!@
@!@!@STARTMSG 2221:0 @!@!@
  line 431, col 11 to line 438, col 17 of module twoPhaseSingleShard: 34685
@!@!@ENDMSG 2221 @!@!@
@!@!@STARTMSG 2221:0 @!@!@
  |line 431, col 12 to line 438, col 17 of module twoPhaseSingleShard: 32349
@!@!@ENDMSG 2221 @!@!@
@!@!@STARTMSG 2221:0 @!@!@
  line 439, col 10 to line 446, col 17 of module twoPhaseSingleShard: 4899
@!@!@ENDMSG 2221 @!@!@
@!@!@STARTMSG 2221:0 @!@!@
  |line 439, col 11 to line 446, col 17 of module twoPhaseSingleShard: 2563
@!@!@ENDMSG 2221 @!@!@
@!@!@STARTMSG 2221:0 @!@!@
  line 448, col 10 to line 448, col 110 of module twoPhaseSingleShard: 2336
@!@!@ENDMSG 2221 @!@!@
@!@!@STARTMSG 2221:0 @!@!@
  |line 448, col 29 to line 448, col 110 of module twoPhaseSingleShard: 2337
@!@!@ENDMSG 2221 @!@!@
@!@!@STARTMSG 2221:0 @!@!@
  ||line 448, col 30 to line 448, col 44 of module twoPhaseSingleShard: 2337
@!@!@ENDMSG 2221 @!@!@
@!@!@STARTMSG 2221:0 @!@!@
  ||line 448, col 52 to line 448, col 109 of module twoPhaseSingleShard: 2337
@!@!@ENDMSG 2221 @!@!@
@!@!@STARTMSG 2221:0 @!@!@
  ||line 448, col 60 to line 448, col 109 of module twoPhaseSingleShard: 2337
@!@!@ENDMSG 2221 @!@!@
@!@!@STARTMSG 2221:0 @!@!@
  |||line 218, col 3 to line 218, col 33 of module twoPhaseSingleShard: 2337
@!@!@ENDMSG 2221 @!@!@
@!@!@STARTMSG 2221:0 @!@!@
  ||||line 214, col 5 to line 215, col 75 of module twoPhaseSingleShard: 7470
@!@!@ENDMSG 2221 @!@!@
@!@!@STARTMSG 2221:0 @!@!@
  |||||line 214, col 8 to line 214, col 17 of module twoPhaseSingleShard: 7470
@!@!@ENDMSG 2221 @!@!@
@!@!@STARTMSG 2221:0 @!@!@
  |||||line 214, col 24 to line 214, col 24 of module twoPhaseSingleShard: 2337
@!@!@ENDMSG 2221 @!@!@
@!@!@STARTMSG 2221:0 @!@!@
  |||||line 215, col 10 to line 215, col 75 of module twoPhaseSingleShard: 5133
@!@!@ENDMSG 2221 @!@!@
@!@!@STARTMSG 2221:0 @!@!@
  ||||||line 215, col 26 to line 215, col 34 of module twoPhaseSingleShard: 5133
@!@!@ENDMSG 2221 @!@!@
@!@!@STARTMSG 2221:0 @!@!@
  ||||||line 215, col 37 to line 215, col 42 of module twoPhaseSingleShard: 2796
@!@!@ENDMSG 2221 @!@!@
@!@!@STARTMSG 2221:0 @!@!@
  ||||||line 215, col 46 to line 215, col 74 of module twoPhaseSingleShard: 5133
@!@!@ENDMSG 2221 @!@!@
@!@!@STARTMSG 2221:0 @!@!@
  |||||||line 170, col 5 to line 210, col 9 of module twoPhaseSingleShard: 5133
@!@!@ENDMSG 2221 @!@!@
@!@!@STARTMSG 2221:0 @!@!@
  ||||||||line 170, col 8 to line 170, col 44 of module twoPhaseSingleShard: 5133
@!@!@ENDMSG 2221 @!@!@
@!@!@STARTMSG 2221:0 @!@!@
  ||||||||line 172, col 9 to line 208, col 39 of module twoPhaseSingleShard: 5133
@!@!@ENDMSG 2221 @!@!@
@!@!@STARTMSG 2221:0 @!@!@
  |||||||||line 172, col 14 to line 172, col 54 of module twoPhaseSingleShard: 5133
@!@!@ENDMSG 2221 @!@!@
@!@!@STARTMSG 2221:0 @!@!@
  ||||||||||line 172, col 14 to line 172, col 30 of module twoPhaseSingleShard: 5133
@!@!@ENDMSG 2221 @!@!@
@!@!@STARTMSG 2221:0 @!@!@
  ||||||||||line 172, col 35 to line 172, col 54 of module twoPhaseSingleShard: 3735
@!@!@ENDMSG 2221 @!@!@
@!@!@STARTMSG 2221:0 @!@!@
  |||||||||line 172, col 61 to line 172, col 119 of module twoPhaseSingleShard: 2796
@!@!@ENDMSG 2221 @!@!@
@!@!@STARTMSG 2221:0 @!@!@
  |||||||||line 173, col 12 to line 173, col 55 of module twoPhaseSingleShard: 2337
@!@!@ENDMSG 2221 @!@!@
@!@!@STARTMSG 2221:0 @!@!@
  ||||||||||line 173, col 12 to line 173, col 28 of module twoPhaseSingleShard: 2337
@!@!@ENDMSG 2221 @!@!@
@!@!@STARTMSG 2221:0 @!@!@
  ||||||||||line 173, col 33 to line 173, col 55 of module twoPhaseSingleShard: 939
@!@!@ENDMSG 2221 @!@!@
@!@!@STARTMSG 2221:0 @!@!@
  |||||||||line 180, col 21 to line 180, col 57 of module twoPhaseSingleShard: 159
@!@!@ENDMSG 2221 @!@!@
@!@!@STARTMSG 2775:0 @!@!@
  |||||||||line 177, col 40 to line 177, col 86 of module twoPhaseSingleShard: 159:159
@!@!@ENDMSG 2775 @!@!@
@!@!@STARTMSG 2221:0 @!@!@
  |||||||||line 175, col 21 to line 175, col 129 of module twoPhaseSingleShard: 159
@!@!@ENDMSG 2221 @!@!@
@!@!@STARTMSG 2221:0 @!@!@
  |||||||||line 178, col 43 to line 178, col 92 of module twoPhaseSingleShard: 159
@!@!@ENDMSG 2221 @!@!@
@!@!@STARTMSG 2221:0 @!@!@
  |||||||||line 179, col 24 to line 179, col 130 of module twoPhaseSingleShard: 159
@!@!@ENDMSG 2221 @!@!@
@!@!@STARTMSG 2221:0 @!@!@
  |||||||||line 182, col 15 to line 184, col 20 of module twoPhaseSingleShard: 939
@!@!@ENDMSG 2221 @!@!@
@!@!@STARTMSG 2221:0 @!@!@
  ||||||||||line 182, col 18 to line 182, col 72 of module twoPhaseSingleShard: 939
@!@!@ENDMSG 2221 @!@!@
@!@!@STARTMSG 2221:0 @!@!@
  |||||||||||line 182, col 18 to line 182, col 68 of module twoPhaseSingleShard: 939
@!@!@ENDMSG 2221 @!@!@
@!@!@STARTMSG 2221:0 @!@!@
  ||||||||||||line 182, col 30 to line 182, col 67 of module twoPhaseSingleShard: 939
@!@!@ENDMSG 2221 @!@!@
@!@!@STARTMSG 2221:0 @!@!@
  |||||||||||||line 182, col 41 to line 182, col 66 of module twoPhaseSingleShard: 318
@!@!@ENDMSG 2221 @!@!@
@!@!@STARTMSG 2221:0 @!@!@
  |||||||||||||line 182, col 37 to line 182, col 37 of module twoPhaseSingleShard: 939
@!@!@ENDMSG 2221 @!@!@
@!@!@STARTMSG 2221:0 @!@!@
  ||||||||||line 183, col 20 to line 183, col 21 of module twoPhaseSingleShard: 159
@!@!@ENDMSG 2221 @!@!@
@!@!@STARTMSG 2221:0 @!@!@
  ||||||||||line 184, col 20 to line 184, col 20 of module twoPhaseSingleShard: 780
@!@!@ENDMSG 2221 @!@!@
@!@!@STARTMSG 2221:0 @!@!@
  |||||||||line 185, col 12 to line 185, col 52 of module twoPhaseSingleShard: 1398
@!@!@ENDMSG 2221 @!@!@
@!@!@STARTMSG 2775:0 @!@!@
  |||||||||line 194, col 9 to line 194, col 30 of module twoPhaseSingleShard: 1398:2208
@!@!@ENDMSG 2775 @!@!@
@!@!@STARTMSG 2221:0 @!@!@
  ||||||||||line 194, col 10 to line 194, col 19 of module twoPhaseSingleShard: 2796
@!@!@ENDMSG 2221 @!@!@
@!@!@STARTMSG 2221:0 @!@!@
  |||||||||||line 188, col 17 to line 192, col 26 of module twoPhaseSingleShard: 2796
@!@!@ENDMSG 2221 @!@!@
@!@!@STARTMSG 2221:0 @!@!@
  ||||||||||||line 188, col 20 to line 188, col 45 of module twoPhaseSingleShard: 2796
@!@!@ENDMSG 2221 @!@!@
@!@!@STARTMSG 2221:0 @!@!@
  ||||||||||||line 189, col 25 to line 189, col 96 of module twoPhaseSingleShard: 1398
@!@!@ENDMSG 2221 @!@!@
@!@!@STARTMSG 2221:0 @!@!@
  ||||||||||||line 192, col 26 to line 192, col 26 of module twoPhaseSingleShard: 1398
@!@!@ENDMSG 2221 @!@!@
@!@!@STARTMSG 2221:0 @!@!@
  |||||||||||line 194, col 18 to line 194, col 18 of module twoPhaseSingleShard: 2796
@!@!@ENDMSG 2221 @!@!@
@!@!@STARTMSG 2221:0 @!@!@
  ||||||||||line 194, col 29 to line 194, col 29 of module twoPhaseSingleShard: 1398
@!@!@ENDMSG 2221 @!@!@
@!@!@STARTMSG 2221:0 @!@!@
  |||||||line 215, col 54 to line 215, col 62 of module twoPhaseSingleShard: 5133
@!@!@ENDMSG 2221 @!@!@
@!@!@STARTMSG 2221:0 @!@!@
  |||||||line 215, col 65 to line 215, col 70 of module twoPhaseSingleShard: 5133
@!@!@ENDMSG 2221 @!@!@
@!@!@STARTMSG 2221:0 @!@!@
  |||||||line 215, col 73 to line 215, col 73 of module twoPhaseSingleShard: 5133
@!@!@ENDMSG 2221 @!@!@
@!@!@STARTMSG 2221:0 @!@!@
  ||||line 218, col 19 to line 218, col 21 of module twoPhaseSingleShard: 2337
@!@!@ENDMSG 2221 @!@!@
@!@!@STARTMSG 2221:0 @!@!@
  ||||line 218, col 24 to line 218, col 29 of module twoPhaseSingleShard: 2337
@!@!@ENDMSG 2221 @!@!@
@!@!@STARTMSG 2221:0 @!@!@
  ||||line 218, col 32 to line 218, col 32 of module twoPhaseSingleShard: 2337
@!@!@ENDMSG 2221 @!@!@
@!@!@STARTMSG 2221:0 @!@!@
  |||line 448, col 66 to line 448, col 85 of module twoPhaseSingleShard: 2337
@!@!@ENDMSG 2221 @!@!@
@!@!@STARTMSG 2221:0 @!@!@
  |||line 448, col 88 to line 448, col 88 of module twoPhaseSingleShard: 2337
@!@!@ENDMSG 2221 @!@!@
@!@!@STARTMSG 2221:0 @!@!@
  |||line 448, col 91 to line 448, col 108 of module twoPhaseSingleShard: 2337
@!@!@ENDMSG 2221 @!@!@
@!@!@STARTMSG 2221:0 @!@!@
  line 449, col 10 to line 449, col 43 of module twoPhaseSingleShard: 2336
@!@!@ENDMSG 2221 @!@!@
@!@!@STARTMSG 2221:0 @!@!@
  |line 449, col 18 to line 449, col 43 of module twoPhaseSingleShard: 2337
@!@!@ENDMSG 2221 @!@!@
@!@!@STARTMSG 2221:0 @!@!@
  line 455, col 9 to line 457, col 195 of module twoPhaseSingleShard: 2336
@!@!@ENDMSG 2221 @!@!@
@!@!@STARTMSG 2221:0 @!@!@
  |line 455, col 37 to line 457, col 195 of module twoPhaseSingleShard: 2337
@!@!@ENDMSG 2221 @!@!@
@!@!@STARTMSG 2221:0 @!@!@
  line 952, col 33 to line 952, col 38 of module twoPhaseSingleShard: 32349
@!@!@ENDMSG 2221 @!@!@
@!@!@STARTMSG 2221:0 @!@!@
  line 952, col 41 to line 952, col 41 of module twoPhaseSingleShard: 32349
@!@!@ENDMSG 2221 @!@!@
@!@!@STARTMSG 2221:0 @!@!@
  line 952, col 44 to line 952, col 53 of module twoPhaseSingleShard: 32349
@!@!@ENDMSG 2221 @!@!@
@!@!@STARTMSG 2221:0 @!@!@
  line 952, col 56 to line 952, col 64 of module twoPhaseSingleShard: 32349
@!@!@ENDMSG 2221 @!@!@
@!@!@STARTMSG 2221:0 @!@!@
  line 953, col 16 to line 953, col 31 of module twoPhaseSingleShard: 2336
@!@!@ENDMSG 2221 @!@!@
@!@!@STARTMSG 2221:0 @!@!@
  |line 953, col 24 to line 953, col 31 of module twoPhaseSingleShard: 2337
@!@!@ENDMSG 2221 @!@!@
@!@!@STARTMSG 2221:0 @!@!@
  line 954, col 16 to line 955, col 103 of module twoPhaseSingleShard: 2336
@!@!@ENDMSG 2221 @!@!@
@!@!@STARTMSG 2221:0 @!@!@
  line 957, col 16 to line 957, col 31 of module twoPhaseSingleShard: 1072
@!@!@ENDMSG 2221 @!@!@
@!@!@STARTMSG 2221:0 @!@!@
  |line 957, col 24 to line 957, col 31 of module twoPhaseSingleShard: 1728
@!@!@ENDMSG 2221 @!@!@
@!@!@STARTMSG 2221:0 @!@!@
  line 959, col 16 to line 959, col 55 of module twoPhaseSingleShard: 2800
@!@!@ENDMSG 2221 @!@!@
@!@!@STARTMSG 2221:0 @!@!@
  |line 959, col 16 to line 959, col 44 of module twoPhaseSingleShard: 1728
@!@!@ENDMSG 2221 @!@!@
@!@!@STARTMSG 2221:0 @!@!@
  line 960, col 16 to line 967, col 24 of module twoPhaseSingleShard: 2800
@!@!@ENDMSG 2221 @!@!@
@!@!@STARTMSG 2221:0 @!@!@
  |line 960, col 17 to line 967, col 24 of module twoPhaseSingleShard: 1728
@!@!@ENDMSG 2221 @!@!@
@!@!@STARTMSG 2221:0 @!@!@
  line 968, col 16 to line 975, col 22 of module twoPhaseSingleShard: 2800
@!@!@ENDMSG 2221 @!@!@
@!@!@STARTMSG 2221:0 @!@!@
  |line 968, col 17 to line 975, col 22 of module twoPhaseSingleShard: 1728
@!@!@ENDMSG 2221 @!@!@
@!@!@STARTMSG 2221:0 @!@!@
  line 978, col 16 to line 978, col 171 of module twoPhaseSingleShard: 2144
@!@!@ENDMSG 2221 @!@!@
@!@!@STARTMSG 2221:0 @!@!@
  |line 978, col 17 to line 978, col 171 of module twoPhaseSingleShard: 1072
@!@!@ENDMSG 2221 @!@!@
@!@!@STARTMSG 2221:0 @!@!@
  line 979, col 16 to line 979, col 53 of module twoPhaseSingleShard: 1072
@!@!@ENDMSG 2221 @!@!@
@!@!@STARTMSG 2221:0 @!@!@
  line 980, col 16 to line 980, col 59 of module twoPhaseSingleShard: 1072
@!@!@ENDMSG 2221 @!@!@
@!@!@STARTMSG 2221:0 @!@!@
  line 982, col 16 to line 982, col 185 of module twoPhaseSingleShard: 1072
@!@!@ENDMSG 2221 @!@!@
@!@!@STARTMSG 2221:0 @!@!@
  line 926, col 18 to line 926, col 34 of module twoPhaseSingleShard: 18028
@!@!@ENDMSG 2221 @!@!@
@!@!@STARTMSG 2775:0 @!@!@
  |line 161, col 24 to line 161, col 108 of module twoPhaseSingleShard: 18028:144222
@!@!@ENDMSG 2775 @!@!@
@!@!@STARTMSG 2221:0 @!@!@
  ||line 161, col 47 to line 161, col 107 of module twoPhaseSingleShard: 144222
@!@!@ENDMSG 2221 @!@!@
@!@!@STARTMSG 2775:0 @!@!@
  ||line 161, col 31 to line 161, col 43 of module twoPhaseSingleShard: 18028:228738
@!@!@ENDMSG 2775 @!@!@
@!@!@STARTMSG 2221:0 @!@!@
  |line 926, col 25 to line 926, col 33 of module twoPhaseSingleShard: 18028
@!@!@ENDMSG 2221 @!@!@
@!@!@STARTMSG 2221:0 @!@!@
  line 1213, col 26 to line 1213, col 31 of module twoPhaseSingleShard: 18028
@!@!@ENDMSG 2221 @!@!@
@!@!@STARTMSG 2221:0 @!@!@
  line 1213, col 34 to line 1213, col 40 of module twoPhaseSingleShard: 18028
@!@!@ENDMSG 2221 @!@!@
@!@!@STARTMSG 2221:0 @!@!@
  line 1213, col 43 to line 1213, col 45 of module twoPhaseSingleShard: 18028
@!@!@ENDMSG 2221 @!@!@
@!@!@STARTMSG 2221:0 @!@!@
  line 1349, col 29 to line 1349, col 29 of module twoPhaseSingleShard: 57798
@!@!@ENDMSG 2221 @!@!@
@!@!@STARTMSG 2221:0 @!@!@
  line 1350, col 16 to line 1350, col 39 of module twoPhaseSingleShard: 3409
@!@!@ENDMSG 2221 @!@!@
@!@!@STARTMSG 2221:0 @!@!@
  line 1348, col 16 to line 1348, col 33 of module twoPhaseSingleShard: 6195
@!@!@ENDMSG 2221 @!@!@
@!@!@STARTMSG 2775:0 @!@!@
  |line 58, col 5 to line 58, col 47 of module twoPhaseSingleShard: 6195:63993
@!@!@ENDMSG 2775 @!@!@
@!@!@STARTMSG 2221:0 @!@!@
  ||line 58, col 31 to line 58, col 45 of module twoPhaseSingleShard: 57803
@!@!@ENDMSG 2221 @!@!@
@!@!@STARTMSG 2221:0 @!@!@
  ||line 58, col 13 to line 58, col 27 of module twoPhaseSingleShard: 6195
@!@!@ENDMSG 2221 @!@!@
@!@!@STARTMSG 2221:0 @!@!@
  |line 1348, col 29 to line 1348, col 32 of module twoPhaseSingleShard: 6195
@!@!@ENDMSG 2221 @!@!@
@!@!@STARTMSG 2772:0 @!@!@
<Next line 1341, col 3 to line 1341, col 6 of module twoPhaseSingleShard (1351 7 1353 39)>: 105:254
@!@!@ENDMSG 2772 @!@!@
@!@!@STARTMSG 2221:0 @!@!@
  line 1217, col 7 to line 1217, col 26 of module twoPhaseSingleShard: 58030
@!@!@ENDMSG 2221 @!@!@
@!@!@STARTMSG 2221:0 @!@!@
  |line 1217, col 7 to line 1217, col 14 of module twoPhaseSingleShard: 57776
@!@!@ENDMSG 2221 @!@!@
@!@!@STARTMSG 2221:0 @!@!@
  line 1218, col 7 to line 1218, col 45 of module twoPhaseSingleShard: 4670
@!@!@ENDMSG 2221 @!@!@
@!@!@STARTMSG 2221:0 @!@!@
  |line 1218, col 7 to line 1218, col 13 of module twoPhaseSingleShard: 4416
@!@!@ENDMSG 2221 @!@!@
@!@!@STARTMSG 2221:0 @!@!@
  |line 1218, col 19 to line 1218, col 45 of module twoPhaseSingleShard: 4416
@!@!@ENDMSG 2221 @!@!@
@!@!@STARTMSG 2221:0 @!@!@
  line 994, col 8 to line 994, col 47 of module twoPhaseSingleShard: 4670
@!@!@ENDMSG 2221 @!@!@
@!@!@STARTMSG 2221:0 @!@!@
  |line 994, col 8 to line 994, col 36 of module twoPhaseSingleShard: 4416
@!@!@ENDMSG 2221 @!@!@
@!@!@STARTMSG 2221:0 @!@!@
  line 1007, col 47 to line 1007, col 56 of module twoPhaseSingleShard: 31777
@!@!@ENDMSG 2221 @!@!@
@!@!@STARTMSG 2221:0 @!@!@
  |line 1007, col 47 to line 1007, col 51 of module twoPhaseSingleShard: 31269
@!@!@ENDMSG 2221 @!@!@
@!@!@STARTMSG 2221:0 @!@!@
  |line 1007, col 55 to line 1007, col 56 of module twoPhaseSingleShard: 31269
@!@!@ENDMSG 2221 @!@!@
@!@!@STARTMSG 2221:0 @!@!@
  line 1007, col 40 to line 1007, col 43 of module twoPhaseSingleShard: 26583
@!@!@ENDMSG 2221 @!@!@
@!@!@STARTMSG 2775:0 @!@!@
  |line 998, col 21 to line 1004, col 51 of module twoPhaseSingleShard: 26583:57852
@!@!@ENDMSG 2775 @!@!@
@!@!@STARTMSG 2221:0 @!@!@
  ||line 999, col 35 to line 1004, col 50 of module twoPhaseSingleShard: 263652
@!@!@ENDMSG 2221 @!@!@
@!@!@STARTMSG 2221:0 @!@!@
  |||line 999, col 38 to line 999, col 55 of module twoPhaseSingleShard: 263652
@!@!@ENDMSG 2221 @!@!@
@!@!@STARTMSG 2221:0 @!@!@
  |||line 1000, col 38 to line 1000, col 46 of module twoPhaseSingleShard: 45271
@!@!@ENDMSG 2221 @!@!@
@!@!@STARTMSG 2221:0 @!@!@
  |||line 1001, col 38 to line 1001, col 51 of module twoPhaseSingleShard: 41320
@!@!@ENDMSG 2221 @!@!@
@!@!@STARTMSG 2221:0 @!@!@
  |||line 1002, col 38 to line 1002, col 56 of module twoPhaseSingleShard: 39295
@!@!@ENDMSG 2221 @!@!@
@!@!@STARTMSG 2221:0 @!@!@
  |||line 1003, col 38 to line 1003, col 58 of module twoPhaseSingleShard: 39295
@!@!@ENDMSG 2221 @!@!@
@!@!@STARTMSG 2221:0 @!@!@
  |||line 1004, col 38 to line 1004, col 50 of module twoPhaseSingleShard: 39295
@!@!@ENDMSG 2221 @!@!@
@!@!@STARTMSG 2221:0 @!@!@
  ||line 998, col 28 to line 998, col 45 of module twoPhaseSingleShard: 26583
@!@!@ENDMSG 2221 @!@!@
@!@!@STARTMSG 2775:0 @!@!@
  |||line 58, col 5 to line 58, col 47 of module twoPhaseSingleShard: 26583:290235
@!@!@ENDMSG 2775 @!@!@
@!@!@STARTMSG 2221:0 @!@!@
  ||||line 58, col 31 to line 58, col 45 of module twoPhaseSingleShard: 263652
@!@!@ENDMSG 2221 @!@!@
@!@!@STARTMSG 2221:0 @!@!@
  ||||line 58, col 13 to line 58, col 27 of module twoPhaseSingleShard: 26583
@!@!@ENDMSG 2221 @!@!@
@!@!@STARTMSG 2221:0 @!@!@
  |||line 998, col 41 to line 998, col 44 of module twoPhaseSingleShard: 26583
@!@!@ENDMSG 2221 @!@!@
@!@!@STARTMSG 2221:0 @!@!@
  line 1007, col 26 to line 1007, col 27 of module twoPhaseSingleShard: 17664
@!@!@ENDMSG 2221 @!@!@
@!@!@STARTMSG 2221:0 @!@!@
  line 542, col 10 to line 542, col 49 of module twoPhaseSingleShard: 2230
@!@!@ENDMSG 2221 @!@!@
@!@!@STARTMSG 2221:0 @!@!@
  |line 542, col 10 to line 542, col 38 of module twoPhaseSingleShard: 1976
@!@!@ENDMSG 2221 @!@!@
@!@!@STARTMSG 2221:0 @!@!@
  line 543, col 10 to line 550, col 18 of module twoPhaseSingleShard: 2230
@!@!@ENDMSG 2221 @!@!@
@!@!@STARTMSG 2221:0 @!@!@
  |line 543, col 11 to line 550, col 18 of module twoPhaseSingleShard: 1976
@!@!@ENDMSG 2221 @!@!@
@!@!@STARTMSG 2221:0 @!@!@
  line 551, col 10 to line 558, col 9 of module twoPhaseSingleShard: 254
@!@!@ENDMSG 2221 @!@!@
@!@!@STARTMSG 2221:0 @!@!@
  line 1009, col 32 to line 1009, col 37 of module twoPhaseSingleShard: 1976
@!@!@ENDMSG 2221 @!@!@
@!@!@STARTMSG 2221:0 @!@!@
  line 1009, col 40 to line 1009, col 40 of module twoPhaseSingleShard: 1976
@!@!@ENDMSG 2221 @!@!@
@!@!@STARTMSG 2221:0 @!@!@
  line 1009, col 43 to line 1009, col 52 of module twoPhaseSingleShard: 1976
@!@!@ENDMSG 2221 @!@!@
@!@!@STARTMSG 2221:0 @!@!@
  line 1009, col 55 to line 1009, col 63 of module twoPhaseSingleShard: 1976
@!@!@ENDMSG 2221 @!@!@
@!@!@STARTMSG 2221:0 @!@!@
  line 1010, col 16 to line 1010, col 31 of module twoPhaseSingleShard: 254
@!@!@ENDMSG 2221 @!@!@
@!@!@STARTMSG 2221:0 @!@!@
  line 1011, col 9 to line 1012, col 136 of module twoPhaseSingleShard: 508
@!@!@ENDMSG 2221 @!@!@
@!@!@STARTMSG 2221:0 @!@!@
  line 995, col 18 to line 995, col 34 of module twoPhaseSingleShard: 4416
@!@!@ENDMSG 2221 @!@!@
@!@!@STARTMSG 2775:0 @!@!@
  |line 161, col 24 to line 161, col 108 of module twoPhaseSingleShard: 4416:35328
@!@!@ENDMSG 2775 @!@!@
@!@!@STARTMSG 2221:0 @!@!@
  ||line 161, col 47 to line 161, col 107 of module twoPhaseSingleShard: 35328
@!@!@ENDMSG 2221 @!@!@
@!@!@STARTMSG 2775:0 @!@!@
  ||line 161, col 31 to line 161, col 43 of module twoPhaseSingleShard: 4416:57408
@!@!@ENDMSG 2775 @!@!@
@!@!@STARTMSG 2221:0 @!@!@
  |line 995, col 25 to line 995, col 33 of module twoPhaseSingleShard: 4416
@!@!@ENDMSG 2221 @!@!@
@!@!@STARTMSG 2221:0 @!@!@
  line 1219, col 25 to line 1219, col 30 of module twoPhaseSingleShard: 4416
@!@!@ENDMSG 2221 @!@!@
@!@!@STARTMSG 2221:0 @!@!@
  line 1219, col 33 to line 1219, col 39 of module twoPhaseSingleShard: 4416
@!@!@ENDMSG 2221 @!@!@
@!@!@STARTMSG 2221:0 @!@!@
  line 1219, col 42 to line 1219, col 44 of module twoPhaseSingleShard: 4416
@!@!@ENDMSG 2221 @!@!@
@!@!@STARTMSG 2221:0 @!@!@
  line 1352, col 28 to line 1352, col 28 of module twoPhaseSingleShard: 57776
@!@!@ENDMSG 2221 @!@!@
@!@!@STARTMSG 2221:0 @!@!@
  line 1353, col 16 to line 1353, col 39 of module twoPhaseSingleShard: 254
@!@!@ENDMSG 2221 @!@!@
@!@!@STARTMSG 2221:0 @!@!@
  line 1351, col 16 to line 1351, col 33 of module twoPhaseSingleShard: 6192
@!@!@ENDMSG 2221 @!@!@
@!@!@STARTMSG 2775:0 @!@!@
  |line 58, col 5 to line 58, col 47 of module twoPhaseSingleShard: 6192:63968
@!@!@ENDMSG 2775 @!@!@
@!@!@STARTMSG 2221:0 @!@!@
  ||line 58, col 31 to line 58, col 45 of module twoPhaseSingleShard: 57776
@!@!@ENDMSG 2221 @!@!@
@!@!@STARTMSG 2221:0 @!@!@
  ||line 58, col 13 to line 58, col 27 of module twoPhaseSingleShard: 6192
@!@!@ENDMSG 2221 @!@!@
@!@!@STARTMSG 2221:0 @!@!@
  |line 1351, col 29 to line 1351, col 32 of module twoPhaseSingleShard: 6192
@!@!@ENDMSG 2221 @!@!@
@!@!@STARTMSG 2772:0 @!@!@
<Next line 1341, col 3 to line 1341, col 6 of module twoPhaseSingleShard (1354 7 1356 35)>: 820:1165
@!@!@ENDMSG 2772 @!@!@
@!@!@STARTMSG 2221:0 @!@!@
  line 1231, col 6 to line 1231, col 23 of module twoPhaseSingleShard: 174493
@!@!@ENDMSG 2221 @!@!@
@!@!@STARTMSG 2221:0 @!@!@
  |line 1231, col 6 to line 1231, col 13 of module twoPhaseSingleShard: 173328
@!@!@ENDMSG 2221 @!@!@
@!@!@STARTMSG 2221:0 @!@!@
  line 1232, col 6 to line 1232, col 38 of module twoPhaseSingleShard: 8266
@!@!@ENDMSG 2221 @!@!@
@!@!@STARTMSG 2221:0 @!@!@
  |line 1232, col 6 to line 1232, col 6 of module twoPhaseSingleShard: 7101
@!@!@ENDMSG 2221 @!@!@
@!@!@STARTMSG 2221:0 @!@!@
  |line 1232, col 12 to line 1232, col 38 of module twoPhaseSingleShard: 7101
@!@!@ENDMSG 2221 @!@!@
@!@!@STARTMSG 2221:0 @!@!@
  line 684, col 7 to line 684, col 46 of module twoPhaseSingleShard: 8266
@!@!@ENDMSG 2221 @!@!@
@!@!@STARTMSG 2221:0 @!@!@
  |line 684, col 7 to line 684, col 35 of module twoPhaseSingleShard: 7101
@!@!@ENDMSG 2221 @!@!@
@!@!@STARTMSG 2221:0 @!@!@
  line 685, col 7 to line 685, col 55 of module twoPhaseSingleShard: 8206
@!@!@ENDMSG 2221 @!@!@
@!@!@STARTMSG 2221:0 @!@!@
  |line 685, col 7 to line 685, col 12 of module twoPhaseSingleShard: 7041
@!@!@ENDMSG 2221 @!@!@
@!@!@STARTMSG 2221:0 @!@!@
  |line 685, col 18 to line 685, col 55 of module twoPhaseSingleShard: 7041
@!@!@ENDMSG 2221 @!@!@
@!@!@STARTMSG 2221:0 @!@!@
  line 686, col 8 to line 686, col 58 of module twoPhaseSingleShard: 2330
@!@!@ENDMSG 2221 @!@!@
@!@!@STARTMSG 2221:0 @!@!@
  |line 686, col 10 to line 686, col 57 of module twoPhaseSingleShard: 1165
@!@!@ENDMSG 2221 @!@!@
@!@!@STARTMSG 2221:0 @!@!@
  line 687, col 7 to line 688, col 140 of module twoPhaseSingleShard: 1165
@!@!@ENDMSG 2221 @!@!@
@!@!@STARTMSG 2221:0 @!@!@
  line 689, col 7 to line 689, col 22 of module twoPhaseSingleShard: 1165
@!@!@ENDMSG 2221 @!@!@
@!@!@STARTMSG 2221:0 @!@!@
  line 691, col 7 to line 692, col 64 of module twoPhaseSingleShard: 2330
@!@!@ENDMSG 2221 @!@!@
@!@!@STARTMSG 2221:0 @!@!@
  line 1233, col 18 to line 1233, col 18 of module twoPhaseSingleShard: 7041
@!@!@ENDMSG 2221 @!@!@
@!@!@STARTMSG 2221:0 @!@!@
  line 1233, col 21 to line 1233, col 27 of module twoPhaseSingleShard: 7101
@!@!@ENDMSG 2221 @!@!@
@!@!@STARTMSG 2221:0 @!@!@
  line 1233, col 30 to line 1233, col 35 of module twoPhaseSingleShard: 7101
@!@!@ENDMSG 2221 @!@!@
@!@!@STARTMSG 2221:0 @!@!@
  line 1233, col 54 to line 1233, col 62 of module twoPhaseSingleShard: 7101
@!@!@ENDMSG 2221 @!@!@
@!@!@STARTMSG 2221:0 @!@!@
  line 1355, col 26 to line 1355, col 26 of module twoPhaseSingleShard: 7101
@!@!@ENDMSG 2221 @!@!@
@!@!@STARTMSG 2221:0 @!@!@
  line 1355, col 28 to line 1355, col 28 of module twoPhaseSingleShard: 173328
@!@!@ENDMSG 2221 @!@!@
@!@!@STARTMSG 2221:0 @!@!@
  line 1356, col 16 to line 1356, col 35 of module twoPhaseSingleShard: 1165
@!@!@ENDMSG 2221 @!@!@
@!@!@STARTMSG 2221:0 @!@!@
  line 1354, col 16 to line 1354, col 20 of module twoPhaseSingleShard: 6192
@!@!@ENDMSG 2221 @!@!@
@!@!@STARTMSG 2221:0 @!@!@
  line 1354, col 29 to line 1354, col 46 of module twoPhaseSingleShard: 6192
@!@!@ENDMSG 2221 @!@!@
@!@!@STARTMSG 2775:0 @!@!@
  |line 58, col 5 to line 58, col 47 of module twoPhaseSingleShard: 6192:63968
@!@!@ENDMSG 2775 @!@!@
@!@!@STARTMSG 2221:0 @!@!@
  ||line 58, col 31 to line 58, col 45 of module twoPhaseSingleShard: 57776
@!@!@ENDMSG 2221 @!@!@
@!@!@STARTMSG 2221:0 @!@!@
  ||line 58, col 13 to line 58, col 27 of module twoPhaseSingleShard: 6192
@!@!@ENDMSG 2221 @!@!@
@!@!@STARTMSG 2221:0 @!@!@
  |line 1354, col 42 to line 1354, col 45 of module twoPhaseSingleShard: 6192
@!@!@ENDMSG 2221 @!@!@
@!@!@STARTMSG 2772:0 @!@!@
<Next line 1341, col 3 to line 1341, col 6 of module twoPhaseSingleShard (1358 13 1359 35)>: 12:1470
@!@!@ENDMSG 2772 @!@!@
@!@!@STARTMSG 2221:0 @!@!@
  line 1240, col 8 to line 1240, col 35 of module twoPhaseSingleShard: 1470
@!@!@ENDMSG 2221 @!@!@
@!@!@STARTMSG 2221:0 @!@!@
  |line 1240, col 8 to line 1240, col 31 of module twoPhaseSingleShard: 18573
@!@!@ENDMSG 2221 @!@!@
@!@!@STARTMSG 2221:0 @!@!@
  line 1241, col 8 to line 1241, col 82 of module twoPhaseSingleShard: 2940
@!@!@ENDMSG 2221 @!@!@
@!@!@STARTMSG 2221:0 @!@!@
  |line 1241, col 8 to line 1241, col 8 of module twoPhaseSingleShard: 1470
@!@!@ENDMSG 2221 @!@!@
@!@!@STARTMSG 2221:0 @!@!@
  |line 1241, col 14 to line 1241, col 82 of module twoPhaseSingleShard: 1470
@!@!@ENDMSG 2221 @!@!@
@!@!@STARTMSG 2221:0 @!@!@
  line 1242, col 8 to line 1242, col 66 of module twoPhaseSingleShard: 1470
@!@!@ENDMSG 2221 @!@!@
@!@!@STARTMSG 2221:0 @!@!@
  line 1243, col 8 to line 1243, col 96 of module twoPhaseSingleShard: 1470
@!@!@ENDMSG 2221 @!@!@
@!@!@STARTMSG 2221:0 @!@!@
  line 1244, col 8 to line 1244, col 55 of module twoPhaseSingleShard: 1470
@!@!@ENDMSG 2221 @!@!@
@!@!@STARTMSG 2221:0 @!@!@
  line 1245, col 8 to line 1246, col 67 of module twoPhaseSingleShard: 2940
@!@!@ENDMSG 2221 @!@!@
@!@!@STARTMSG 2221:0 @!@!@
  line 1358, col 30 to line 1358, col 30 of module twoPhaseSingleShard: 1470
@!@!@ENDMSG 2221 @!@!@
@!@!@STARTMSG 2221:0 @!@!@
  line 1359, col 16 to line 1359, col 35 of module twoPhaseSingleShard: 1470
@!@!@ENDMSG 2221 @!@!@
@!@!@STARTMSG 2772:0 @!@!@
<Next line 1341, col 3 to line 1341, col 6 of module twoPhaseSingleShard (1361 13 1362 35)>: 569:1639
@!@!@ENDMSG 2772 @!@!@
@!@!@STARTMSG 2221:0 @!@!@
  line 1255, col 12 to line 1255, col 37 of module twoPhaseSingleShard: 1639
@!@!@ENDMSG 2221 @!@!@
@!@!@STARTMSG 2221:0 @!@!@
  |line 1255, col 12 to line 1255, col 33 of module twoPhaseSingleShard: 18567
@!@!@ENDMSG 2221 @!@!@
@!@!@STARTMSG 2221:0 @!@!@
  line 356, col 12 to line 356, col 55 of module twoPhaseSingleShard: 1639
@!@!@ENDMSG 2221 @!@!@
@!@!@STARTMSG 2221:0 @!@!@
  line 72, col 12 to line 72, col 39 of module twoPhaseSingleShard: 0
@!@!@ENDMSG 2221 @!@!@
@!@!@STARTMSG 2221:0 @!@!@
  line 381, col 16 to line 381, col 55 of module twoPhaseSingleShard: 2744
@!@!@ENDMSG 2221 @!@!@
@!@!@STARTMSG 2221:0 @!@!@
  |line 381, col 17 to line 381, col 55 of module twoPhaseSingleShard: 1639
@!@!@ENDMSG 2221 @!@!@
@!@!@STARTMSG 2221:0 @!@!@
  ||line 249, col 26 to line 249, col 73 of module twoPhaseSingleShard: 1639
@!@!@ENDMSG 2221 @!@!@
@!@!@STARTMSG 2221:0 @!@!@
  |||line 249, col 51 to line 249, col 73 of module twoPhaseSingleShard: 534
@!@!@ENDMSG 2221 @!@!@
@!@!@STARTMSG 2221:0 @!@!@
  |||line 249, col 35 to line 249, col 47 of module twoPhaseSingleShard: 1639
@!@!@ENDMSG 2221 @!@!@
@!@!@STARTMSG 2221:0 @!@!@
  ||line 245, col 22 to line 245, col 82 of module twoPhaseSingleShard: 534
@!@!@ENDMSG 2221 @!@!@
@!@!@STARTMSG 2221:0 @!@!@
  |||line 245, col 23 to line 245, col 51 of module twoPhaseSingleShard: 1050
@!@!@ENDMSG 2221 @!@!@
@!@!@STARTMSG 2221:0 @!@!@
  |||line 245, col 62 to line 245, col 81 of module twoPhaseSingleShard: 534
@!@!@ENDMSG 2221 @!@!@
@!@!@STARTMSG 2221:0 @!@!@
  ||line 246, col 21 to line 246, col 58 of module twoPhaseSingleShard: 1639
@!@!@ENDMSG 2221 @!@!@
@!@!@STARTMSG 2775:0 @!@!@
  ||line 248, col 24 to line 248, col 50 of module twoPhaseSingleShard: 1639:2173
@!@!@ENDMSG 2775 @!@!@
@!@!@STARTMSG 2221:0 @!@!@
  |||line 248, col 26 to line 248, col 29 of module twoPhaseSingleShard: 534
@!@!@ENDMSG 2221 @!@!@
@!@!@STARTMSG 2221:0 @!@!@
  ||||line 247, col 15 to line 247, col 79 of module twoPhaseSingleShard: 534
@!@!@ENDMSG 2221 @!@!@
@!@!@STARTMSG 2221:0 @!@!@
  |||||line 247, col 16 to line 247, col 46 of module twoPhaseSingleShard: 1086
@!@!@ENDMSG 2221 @!@!@
@!@!@STARTMSG 2221:0 @!@!@
  |||||line 247, col 56 to line 247, col 78 of module twoPhaseSingleShard: 534
@!@!@ENDMSG 2221 @!@!@
@!@!@STARTMSG 2221:0 @!@!@
  ||||line 248, col 28 to line 248, col 28 of module twoPhaseSingleShard: 534
@!@!@ENDMSG 2221 @!@!@
@!@!@STARTMSG 2221:0 @!@!@
  |||line 248, col 39 to line 248, col 48 of module twoPhaseSingleShard: 1639
@!@!@ENDMSG 2221 @!@!@
@!@!@STARTMSG 2221:0 @!@!@
  ||line 254, col 7 to line 254, col 21 of module twoPhaseSingleShard: 1639
@!@!@ENDMSG 2221 @!@!@
@!@!@STARTMSG 2221:0 @!@!@
  ||line 381, col 40 to line 381, col 40 of module twoPhaseSingleShard: 1639
@!@!@ENDMSG 2221 @!@!@
@!@!@STARTMSG 2221:0 @!@!@
  ||line 381, col 43 to line 381, col 54 of module twoPhaseSingleShard: 534
@!@!@ENDMSG 2221 @!@!@
@!@!@STARTMSG 2221:0 @!@!@
  line 382, col 16 to line 382, col 41 of module twoPhaseSingleShard: 1105
@!@!@ENDMSG 2221 @!@!@
@!@!@STARTMSG 2221:0 @!@!@
  line 383, col 16 to line 383, col 150 of module twoPhaseSingleShard: 1105
@!@!@ENDMSG 2221 @!@!@
@!@!@STARTMSG 2221:0 @!@!@
  line 384, col 16 to line 384, col 112 of module twoPhaseSingleShard: 1105
@!@!@ENDMSG 2221 @!@!@
@!@!@STARTMSG 2221:0 @!@!@
  line 249, col 51 to line 249, col 73 of module twoPhaseSingleShard: 1068
@!@!@ENDMSG 2221 @!@!@
@!@!@STARTMSG 2221:0 @!@!@
  |line 249, col 51 to line 249, col 68 of module twoPhaseSingleShard: 534
@!@!@ENDMSG 2221 @!@!@
@!@!@STARTMSG 2221:0 @!@!@
  ||line 249, col 51 to line 249, col 61 of module twoPhaseSingleShard: 534
@!@!@ENDMSG 2221 @!@!@
@!@!@STARTMSG 2221:0 @!@!@
  |||line 245, col 22 to line 245, col 82 of module twoPhaseSingleShard: 534
@!@!@ENDMSG 2221 @!@!@
@!@!@STARTMSG 2221:0 @!@!@
  ||||line 245, col 23 to line 245, col 51 of module twoPhaseSingleShard: 1050
@!@!@ENDMSG 2221 @!@!@
@!@!@STARTMSG 2221:0 @!@!@
  ||||line 245, col 62 to line 245, col 81 of module twoPhaseSingleShard: 534
@!@!@ENDMSG 2221 @!@!@
@!@!@STARTMSG 2221:0 @!@!@
  ||line 249, col 68 to line 249, col 68 of module twoPhaseSingleShard: 534
@!@!@ENDMSG 2221 @!@!@
@!@!@STARTMSG 2221:0 @!@!@
  |line 249, col 72 to line 249, col 73 of module twoPhaseSingleShard: 534
@!@!@ENDMSG 2221 @!@!@
@!@!@STARTMSG 2221:0 @!@!@
  line 249, col 35 to line 249, col 47 of module twoPhaseSingleShard: 1639
@!@!@ENDMSG 2221 @!@!@
@!@!@STARTMSG 2775:0 @!@!@
  |line 248, col 24 to line 248, col 50 of module twoPhaseSingleShard: 1639:2173
@!@!@ENDMSG 2775 @!@!@
@!@!@STARTMSG 2221:0 @!@!@
  ||line 248, col 26 to line 248, col 29 of module twoPhaseSingleShard: 534
@!@!@ENDMSG 2221 @!@!@
@!@!@STARTMSG 2221:0 @!@!@
  |||line 247, col 15 to line 247, col 79 of module twoPhaseSingleShard: 534
@!@!@ENDMSG 2221 @!@!@
@!@!@STARTMSG 2221:0 @!@!@
  ||||line 247, col 16 to line 247, col 46 of module twoPhaseSingleShard: 1086
@!@!@ENDMSG 2221 @!@!@
@!@!@STARTMSG 2221:0 @!@!@
  ||||line 247, col 56 to line 247, col 78 of module twoPhaseSingleShard: 534
@!@!@ENDMSG 2221 @!@!@
@!@!@STARTMSG 2221:0 @!@!@
  |||line 248, col 28 to line 248, col 28 of module twoPhaseSingleShard: 534
@!@!@ENDMSG 2221 @!@!@
@!@!@STARTMSG 2221:0 @!@!@
  ||line 248, col 39 to line 248, col 48 of module twoPhaseSingleShard: 1639
@!@!@ENDMSG 2221 @!@!@
@!@!@STARTMSG 2221:0 @!@!@
  line 387, col 39 to line 387, col 39 of module twoPhaseSingleShard: 1639
@!@!@ENDMSG 2221 @!@!@
@!@!@STARTMSG 2221:0 @!@!@
  line 387, col 42 to line 387, col 53 of module twoPhaseSingleShard: 534
@!@!@ENDMSG 2221 @!@!@
@!@!@STARTMSG 2221:0 @!@!@
  line 388, col 16 to line 388, col 50 of module twoPhaseSingleShard: 534
@!@!@ENDMSG 2221 @!@!@
@!@!@STARTMSG 2221:0 @!@!@
  line 389, col 16 to line 389, col 150 of module twoPhaseSingleShard: 534
@!@!@ENDMSG 2221 @!@!@
@!@!@STARTMSG 2221:0 @!@!@
  line 390, col 16 to line 390, col 111 of module twoPhaseSingleShard: 534
@!@!@ENDMSG 2221 @!@!@
@!@!@STARTMSG 2221:0 @!@!@
  line 1257, col 46 to line 1257, col 58 of module twoPhaseSingleShard: 1639
@!@!@ENDMSG 2221 @!@!@
@!@!@STARTMSG 2221:0 @!@!@
  line 1257, col 61 to line 1257, col 61 of module twoPhaseSingleShard: 1639
@!@!@ENDMSG 2221 @!@!@
@!@!@STARTMSG 2221:0 @!@!@
  line 1257, col 64 to line 1257, col 90 of module twoPhaseSingleShard: 1639
@!@!@ENDMSG 2221 @!@!@
@!@!@STARTMSG 2221:0 @!@!@
  line 1257, col 93 to line 1257, col 95 of module twoPhaseSingleShard: 1639
@!@!@ENDMSG 2221 @!@!@
@!@!@STARTMSG 2221:0 @!@!@
  line 1258, col 12 to line 1258, col 83 of module twoPhaseSingleShard: 1639
@!@!@ENDMSG 2221 @!@!@
@!@!@STARTMSG 2221:0 @!@!@
  line 1260, col 11 to line 1261, col 74 of module twoPhaseSingleShard: 1639
@!@!@ENDMSG 2221 @!@!@
@!@!@STARTMSG 2221:0 @!@!@
  line 1361, col 30 to line 1361, col 30 of module twoPhaseSingleShard: 18567
@!@!@ENDMSG 2221 @!@!@
@!@!@STARTMSG 2221:0 @!@!@
  line 1362, col 16 to line 1362, col 35 of module twoPhaseSingleShard: 1639
@!@!@ENDMSG 2221 @!@!@
@!@!@STARTMSG 2772:0 @!@!@
<Next line 1341, col 3 to line 1341, col 6 of module twoPhaseSingleShard (1384 7 1386 35)>: 5593:8320
@!@!@ENDMSG 2772 @!@!@
@!@!@STARTMSG 2221:0 @!@!@
  line 1266, col 8 to line 1266, col 31 of module twoPhaseSingleShard: 181630
@!@!@ENDMSG 2221 @!@!@
@!@!@STARTMSG 2221:0 @!@!@
  |line 1266, col 8 to line 1266, col 19 of module twoPhaseSingleShard: 173310
@!@!@ENDMSG 2221 @!@!@
@!@!@STARTMSG 2221:0 @!@!@
  line 1267, col 8 to line 1267, col 44 of module twoPhaseSingleShard: 20626
@!@!@ENDMSG 2221 @!@!@
@!@!@STARTMSG 2221:0 @!@!@
  |line 1267, col 8 to line 1267, col 8 of module twoPhaseSingleShard: 12306
@!@!@ENDMSG 2221 @!@!@
@!@!@STARTMSG 2221:0 @!@!@
  |line 1267, col 14 to line 1267, col 44 of module twoPhaseSingleShard: 12306
@!@!@ENDMSG 2221 @!@!@
@!@!@STARTMSG 2221:0 @!@!@
  line 810, col 9 to line 810, col 29 of module twoPhaseSingleShard: 8320
@!@!@ENDMSG 2221 @!@!@
@!@!@STARTMSG 2221:0 @!@!@
  |line 810, col 9 to line 810, col 25 of module twoPhaseSingleShard: 12306
@!@!@ENDMSG 2221 @!@!@
@!@!@STARTMSG 2221:0 @!@!@
  ||line 810, col 21 to line 810, col 24 of module twoPhaseSingleShard: 12306
@!@!@ENDMSG 2221 @!@!@
@!@!@STARTMSG 2221:0 @!@!@
  |||line 796, col 12 to line 800, col 20 of module twoPhaseSingleShard: 12306
@!@!@ENDMSG 2221 @!@!@
@!@!@STARTMSG 2221:0 @!@!@
  ||||line 796, col 40 to line 799, col 50 of module twoPhaseSingleShard: 119088
@!@!@ENDMSG 2221 @!@!@
@!@!@STARTMSG 2221:0 @!@!@
  |||||line 796, col 40 to line 798, col 58 of module twoPhaseSingleShard: 119088
@!@!@ENDMSG 2221 @!@!@
@!@!@STARTMSG 2221:0 @!@!@
  ||||||line 796, col 40 to line 797, col 50 of module twoPhaseSingleShard: 119088
@!@!@ENDMSG 2221 @!@!@
@!@!@STARTMSG 2221:0 @!@!@
  |||||||line 796, col 40 to line 796, col 68 of module twoPhaseSingleShard: 119088
@!@!@ENDMSG 2221 @!@!@
@!@!@STARTMSG 2221:0 @!@!@
  |||||||line 797, col 42 to line 797, col 50 of module twoPhaseSingleShard: 11976
@!@!@ENDMSG 2221 @!@!@
@!@!@STARTMSG 2221:0 @!@!@
  ||||||line 798, col 42 to line 798, col 58 of module twoPhaseSingleShard: 11976
@!@!@ENDMSG 2221 @!@!@
@!@!@STARTMSG 2221:0 @!@!@
  |||||line 799, col 42 to line 799, col 50 of module twoPhaseSingleShard: 11958
@!@!@ENDMSG 2221 @!@!@
@!@!@STARTMSG 2221:0 @!@!@
  ||||line 796, col 19 to line 796, col 36 of module twoPhaseSingleShard: 12306
@!@!@ENDMSG 2221 @!@!@
@!@!@STARTMSG 2775:0 @!@!@
  |||||line 58, col 5 to line 58, col 47 of module twoPhaseSingleShard: 12306:131394
@!@!@ENDMSG 2775 @!@!@
@!@!@STARTMSG 2221:0 @!@!@
  ||||||line 58, col 31 to line 58, col 45 of module twoPhaseSingleShard: 119088
@!@!@ENDMSG 2221 @!@!@
@!@!@STARTMSG 2221:0 @!@!@
  ||||||line 58, col 13 to line 58, col 27 of module twoPhaseSingleShard: 12306
@!@!@ENDMSG 2221 @!@!@
@!@!@STARTMSG 2221:0 @!@!@
  |||||line 796, col 32 to line 796, col 35 of module twoPhaseSingleShard: 12306
@!@!@ENDMSG 2221 @!@!@
@!@!@STARTMSG 2221:0 @!@!@
  line 72, col 12 to line 72, col 39 of module twoPhaseSingleShard: 8320
@!@!@ENDMSG 2221 @!@!@
@!@!@STARTMSG 2221:0 @!@!@
  line 811, col 15 to line 816, col 52 of module twoPhaseSingleShard: 8320
@!@!@ENDMSG 2221 @!@!@
@!@!@STARTMSG 2221:0 @!@!@
  |line 812, col 20 to line 812, col 28 of module twoPhaseSingleShard: 8320
@!@!@ENDMSG 2221 @!@!@
@!@!@STARTMSG 2221:0 @!@!@
  |line 813, col 20 to line 813, col 28 of module twoPhaseSingleShard: 8320
@!@!@ENDMSG 2221 @!@!@
@!@!@STARTMSG 2221:0 @!@!@
  |line 814, col 37 to line 814, col 104 of module twoPhaseSingleShard: 8320
@!@!@ENDMSG 2221 @!@!@
@!@!@STARTMSG 2221:0 @!@!@
  ||line 761, col 3 to line 770, col 9 of module twoPhaseSingleShard: 12515
@!@!@ENDMSG 2221 @!@!@
@!@!@STARTMSG 2221:0 @!@!@
  |||line 761, col 6 to line 761, col 45 of module twoPhaseSingleShard: 12515
@!@!@ENDMSG 2221 @!@!@
@!@!@STARTMSG 2221:0 @!@!@
  |||line 763, col 7 to line 768, col 65 of module twoPhaseSingleShard: 12515
@!@!@ENDMSG 2221 @!@!@
@!@!@STARTMSG 2221:0 @!@!@
  ||||line 763, col 10 to line 763, col 23 of module twoPhaseSingleShard: 12515
@!@!@ENDMSG 2221 @!@!@
@!@!@STARTMSG 2221:0 @!@!@
  ||||line 763, col 30 to line 763, col 33 of module twoPhaseSingleShard: 8320
@!@!@ENDMSG 2221 @!@!@
@!@!@STARTMSG 2221:0 @!@!@
  ||||line 767, col 19 to line 767, col 35 of module twoPhaseSingleShard: 4195
@!@!@ENDMSG 2221 @!@!@
@!@!@STARTMSG 2775:0 @!@!@
  ||||line 766, col 20 to line 766, col 89 of module twoPhaseSingleShard: 4195:8390
@!@!@ENDMSG 2775 @!@!@
@!@!@STARTMSG 2221:0 @!@!@
  |||||line 766, col 40 to line 766, col 87 of module twoPhaseSingleShard: 4200
@!@!@ENDMSG 2221 @!@!@
@!@!@STARTMSG 2221:0 @!@!@
  ||||||line 766, col 65 to line 766, col 87 of module twoPhaseSingleShard: 10
@!@!@ENDMSG 2221 @!@!@
@!@!@STARTMSG 2221:0 @!@!@
  ||||||line 766, col 54 to line 766, col 61 of module twoPhaseSingleShard: 4200
@!@!@ENDMSG 2221 @!@!@
@!@!@STARTMSG 2221:0 @!@!@
  |||||line 766, col 28 to line 766, col 36 of module twoPhaseSingleShard: 4195
@!@!@ENDMSG 2221 @!@!@
@!@!@STARTMSG 2221:0 @!@!@
  ||||line 768, col 12 to line 768, col 65 of module twoPhaseSingleShard: 4195
@!@!@ENDMSG 2221 @!@!@
@!@!@STARTMSG 2221:0 @!@!@
  |||||line 757, col 5 to line 757, col 24 of module twoPhaseSingleShard: 4195
@!@!@ENDMSG 2221 @!@!@
@!@!@STARTMSG 2221:0 @!@!@
  |||||line 768, col 27 to line 768, col 31 of module twoPhaseSingleShard: 4195
@!@!@ENDMSG 2221 @!@!@
@!@!@STARTMSG 2221:0 @!@!@
  |||||line 768, col 33 to line 768, col 64 of module twoPhaseSingleShard: 4195
@!@!@ENDMSG 2221 @!@!@
@!@!@STARTMSG 2221:0 @!@!@
  ||||||line 768, col 42 to line 768, col 46 of module twoPhaseSingleShard: 5
@!@!@ENDMSG 2221 @!@!@
@!@!@STARTMSG 2221:0 @!@!@
  ||||||line 768, col 49 to line 768, col 52 of module twoPhaseSingleShard: 4195
@!@!@ENDMSG 2221 @!@!@
@!@!@STARTMSG 2221:0 @!@!@
  ||||||line 768, col 55 to line 768, col 63 of module twoPhaseSingleShard: 4195
@!@!@ENDMSG 2221 @!@!@
@!@!@STARTMSG 2221:0 @!@!@
  ||line 814, col 46 to line 814, col 71 of module twoPhaseSingleShard: 4190
@!@!@ENDMSG 2221 @!@!@
@!@!@STARTMSG 2221:0 @!@!@
  ||line 814, col 74 to line 814, col 99 of module twoPhaseSingleShard: 8320
@!@!@ENDMSG 2221 @!@!@
@!@!@STARTMSG 2221:0 @!@!@
  |||line 814, col 81 to line 814, col 99 of module twoPhaseSingleShard: 8320
@!@!@ENDMSG 2221 @!@!@
@!@!@STARTMSG 2221:0 @!@!@
  ||||line 795, col 27 to line 795, col 101 of module twoPhaseSingleShard: 8320
@!@!@ENDMSG 2221 @!@!@
@!@!@STARTMSG 2221:0 @!@!@
  |||||line 793, col 19 to line 793, col 58 of module twoPhaseSingleShard: 8320
@!@!@ENDMSG 2221 @!@!@
@!@!@STARTMSG 2221:0 @!@!@
  ||||||line 113, col 3 to line 113, col 57 of module twoPhaseSingleShard: 8320
@!@!@ENDMSG 2221 @!@!@
@!@!@STARTMSG 2775:0 @!@!@
  |||||||line 113, col 9 to line 113, col 57 of module twoPhaseSingleShard: 8320:12515
@!@!@ENDMSG 2775 @!@!@
@!@!@STARTMSG 2221:0 @!@!@
  ||||||||line 113, col 10 to line 113, col 37 of module twoPhaseSingleShard: 8320
@!@!@ENDMSG 2221 @!@!@
@!@!@STARTMSG 2221:0 @!@!@
  |||||||||line 106, col 3 to line 110, col 12 of module twoPhaseSingleShard: 12515
@!@!@ENDMSG 2221 @!@!@
@!@!@STARTMSG 2221:0 @!@!@
  ||||||||||line 106, col 6 to line 106, col 43 of module twoPhaseSingleShard: 12515
@!@!@ENDMSG 2221 @!@!@
@!@!@STARTMSG 2221:0 @!@!@
  ||||||||||line 108, col 23 to line 108, col 30 of module twoPhaseSingleShard: 12515
@!@!@ENDMSG 2221 @!@!@
@!@!@STARTMSG 2221:0 @!@!@
  ||||||||||line 109, col 10 to line 109, col 82 of module twoPhaseSingleShard: 12515
@!@!@ENDMSG 2221 @!@!@
@!@!@STARTMSG 2221:0 @!@!@
  |||||||||||line 109, col 10 to line 109, col 17 of module twoPhaseSingleShard: 12515
@!@!@ENDMSG 2221 @!@!@
@!@!@STARTMSG 2221:0 @!@!@
  |||||||||||line 109, col 24 to line 109, col 82 of module twoPhaseSingleShard: 12515
@!@!@ENDMSG 2221 @!@!@
@!@!@STARTMSG 2775:0 @!@!@
  ||||||||||||line 109, col 30 to line 109, col 82 of module twoPhaseSingleShard: 12515:4200
@!@!@ENDMSG 2775 @!@!@
@!@!@STARTMSG 2221:0 @!@!@
  |||||||||||||line 109, col 31 to line 109, col 63 of module twoPhaseSingleShard: 4195
@!@!@ENDMSG 2221 @!@!@
@!@!@STARTMSG 2221:0 @!@!@
  |||||||||||||line 109, col 74 to line 109, col 81 of module twoPhaseSingleShard: 12515
@!@!@ENDMSG 2221 @!@!@
@!@!@STARTMSG 2221:0 @!@!@
  |||||||||line 113, col 22 to line 113, col 26 of module twoPhaseSingleShard: 8320
@!@!@ENDMSG 2221 @!@!@
@!@!@STARTMSG 2221:0 @!@!@
  |||||||||line 113, col 29 to line 113, col 33 of module twoPhaseSingleShard: 8320
@!@!@ENDMSG 2221 @!@!@
@!@!@STARTMSG 2221:0 @!@!@
  ||||||||line 113, col 51 to line 113, col 56 of module twoPhaseSingleShard: 8320
@!@!@ENDMSG 2221 @!@!@
@!@!@STARTMSG 2221:0 @!@!@
  ||||||line 793, col 34 to line 793, col 45 of module twoPhaseSingleShard: 8320
@!@!@ENDMSG 2221 @!@!@
@!@!@STARTMSG 2221:0 @!@!@
  ||||||line 793, col 48 to line 793, col 57 of module twoPhaseSingleShard: 8320
@!@!@ENDMSG 2221 @!@!@
@!@!@STARTMSG 2775:0 @!@!@
  |||||line 794, col 10 to line 794, col 34 of module twoPhaseSingleShard: 8320:4195
@!@!@ENDMSG 2775 @!@!@
@!@!@STARTMSG 2221:0 @!@!@
  |||||line 795, col 36 to line 795, col 50 of module twoPhaseSingleShard: 8320
@!@!@ENDMSG 2221 @!@!@
@!@!@STARTMSG 2221:0 @!@!@
  |||||line 795, col 53 to line 795, col 78 of module twoPhaseSingleShard: 4190
@!@!@ENDMSG 2221 @!@!@
@!@!@STARTMSG 2221:0 @!@!@
  |||||line 795, col 81 to line 795, col 100 of module twoPhaseSingleShard: 8320
@!@!@ENDMSG 2221 @!@!@
@!@!@STARTMSG 2221:0 @!@!@
  ||||||line 790, col 23 to line 790, col 101 of module twoPhaseSingleShard: 8320
@!@!@ENDMSG 2221 @!@!@
@!@!@STARTMSG 2221:0 @!@!@
  |||||||line 790, col 30 to line 790, col 44 of module twoPhaseSingleShard: 8320
@!@!@ENDMSG 2221 @!@!@
@!@!@STARTMSG 2221:0 @!@!@
  ||||||||line 788, col 23 to line 788, col 52 of module twoPhaseSingleShard: 8320
@!@!@ENDMSG 2221 @!@!@
@!@!@STARTMSG 2221:0 @!@!@
  |||||||||line 788, col 23 to line 788, col 34 of module twoPhaseSingleShard: 8320
@!@!@ENDMSG 2221 @!@!@
@!@!@STARTMSG 2221:0 @!@!@
  ||||||||||line 786, col 20 to line 786, col 76 of module twoPhaseSingleShard: 8320
@!@!@ENDMSG 2221 @!@!@
@!@!@STARTMSG 2775:0 @!@!@
  |||||||||||line 786, col 26 to line 786, col 76 of module twoPhaseSingleShard: 8320:8320
@!@!@ENDMSG 2775 @!@!@
@!@!@STARTMSG 2221:0 @!@!@
  ||||||||||||line 786, col 27 to line 786, col 54 of module twoPhaseSingleShard: 4190
@!@!@ENDMSG 2221 @!@!@
@!@!@STARTMSG 2221:0 @!@!@
  |||||||||||||line 96, col 5 to line 100, col 14 of module twoPhaseSingleShard: 8385
@!@!@ENDMSG 2221 @!@!@
@!@!@STARTMSG 2221:0 @!@!@
  ||||||||||||||line 96, col 8 to line 96, col 46 of module twoPhaseSingleShard: 8385
@!@!@ENDMSG 2221 @!@!@
@!@!@STARTMSG 2221:0 @!@!@
  ||||||||||||||line 98, col 9 to line 99, col 102 of module twoPhaseSingleShard: 8385
@!@!@ENDMSG 2221 @!@!@
@!@!@STARTMSG 2221:0 @!@!@
  |||||||||||||||line 98, col 12 to line 98, col 29 of module twoPhaseSingleShard: 8385
@!@!@ENDMSG 2221 @!@!@
@!@!@STARTMSG 2221:0 @!@!@
  |||||||||||||||line 98, col 36 to line 98, col 37 of module twoPhaseSingleShard: 4190
@!@!@ENDMSG 2221 @!@!@
@!@!@STARTMSG 2221:0 @!@!@
  |||||||||||||||line 99, col 14 to line 99, col 102 of module twoPhaseSingleShard: 4195
@!@!@ENDMSG 2221 @!@!@
@!@!@STARTMSG 2221:0 @!@!@
  |||||||||||||line 786, col 40 to line 786, col 40 of module twoPhaseSingleShard: 4190
@!@!@ENDMSG 2221 @!@!@
@!@!@STARTMSG 2221:0 @!@!@
  |||||||||||||line 786, col 43 to line 786, col 50 of module twoPhaseSingleShard: 4190
@!@!@ENDMSG 2221 @!@!@
@!@!@STARTMSG 2221:0 @!@!@
  ||||||||||||line 786, col 64 to line 786, col 75 of module twoPhaseSingleShard: 8320
@!@!@ENDMSG 2221 @!@!@
@!@!@STARTMSG 2221:0 @!@!@
  |||||||||line 788, col 41 to line 788, col 52 of module twoPhaseSingleShard: 8320
@!@!@ENDMSG 2221 @!@!@
@!@!@STARTMSG 2221:0 @!@!@
  ||||||line 791, col 16 to line 791, col 53 of module twoPhaseSingleShard: 8320
@!@!@ENDMSG 2221 @!@!@
@!@!@STARTMSG 2221:0 @!@!@
  |line 815, col 20 to line 815, col 35 of module twoPhaseSingleShard: 8320
@!@!@ENDMSG 2221 @!@!@
@!@!@STARTMSG 2221:0 @!@!@
  |line 816, col 33 to line 816, col 51 of module twoPhaseSingleShard: 8320
@!@!@ENDMSG 2221 @!@!@
@!@!@STARTMSG 2221:0 @!@!@
  ||line 795, col 27 to line 795, col 101 of module twoPhaseSingleShard: 8320
@!@!@ENDMSG 2221 @!@!@
@!@!@STARTMSG 2221:0 @!@!@
  |||line 793, col 19 to line 793, col 58 of module twoPhaseSingleShard: 8320
@!@!@ENDMSG 2221 @!@!@
@!@!@STARTMSG 2221:0 @!@!@
  ||||line 113, col 3 to line 113, col 57 of module twoPhaseSingleShard: 8320
@!@!@ENDMSG 2221 @!@!@
@!@!@STARTMSG 2775:0 @!@!@
  |||||line 113, col 9 to line 113, col 57 of module twoPhaseSingleShard: 8320:12515
@!@!@ENDMSG 2775 @!@!@
@!@!@STARTMSG 2221:0 @!@!@
  ||||||line 113, col 10 to line 113, col 37 of module twoPhaseSingleShard: 8320
@!@!@ENDMSG 2221 @!@!@
@!@!@STARTMSG 2221:0 @!@!@
  |||||||line 106, col 3 to line 110, col 12 of module twoPhaseSingleShard: 12515
@!@!@ENDMSG 2221 @!@!@
@!@!@STARTMSG 2221:0 @!@!@
  ||||||||line 106, col 6 to line 106, col 43 of module twoPhaseSingleShard: 12515
@!@!@ENDMSG 2221 @!@!@
@!@!@STARTMSG 2221:0 @!@!@
  ||||||||line 108, col 23 to line 108, col 30 of module twoPhaseSingleShard: 12515
@!@!@ENDMSG 2221 @!@!@
@!@!@STARTMSG 2221:0 @!@!@
  ||||||||line 109, col 10 to line 109, col 82 of module twoPhaseSingleShard: 12515
@!@!@ENDMSG 2221 @!@!@
@!@!@STARTMSG 2221:0 @!@!@
  |||||||||line 109, col 10 to line 109, col 17 of module twoPhaseSingleShard: 12515
@!@!@ENDMSG 2221 @!@!@
@!@!@STARTMSG 2221:0 @!@!@
  |||||||||line 109, col 24 to line 109, col 82 of module twoPhaseSingleShard: 12515
@!@!@ENDMSG 2221 @!@!@
@!@!@STARTMSG 2775:0 @!@!@
  ||||||||||line 109, col 30 to line 109, col 82 of module twoPhaseSingleShard: 12515:4200
@!@!@ENDMSG 2775 @!@!@
@!@!@STARTMSG 2221:0 @!@!@
  |||||||||||line 109, col 31 to line 109, col 63 of module twoPhaseSingleShard: 4195
@!@!@ENDMSG 2221 @!@!@
@!@!@STARTMSG 2221:0 @!@!@
  |||||||||||line 109, col 74 to line 109, col 81 of module twoPhaseSingleShard: 12515
@!@!@ENDMSG 2221 @!@!@
@!@!@STARTMSG 2221:0 @!@!@
  |||||||line 113, col 22 to line 113, col 26 of module twoPhaseSingleShard: 8320
@!@!@ENDMSG 2221 @!@!@
@!@!@STARTMSG 2221:0 @!@!@
  |||||||line 113, col 29 to line 113, col 33 of module twoPhaseSingleShard: 8320
@!@!@ENDMSG 2221 @!@!@
@!@!@STARTMSG 2221:0 @!@!@
  ||||||line 113, col 51 to line 113, col 56 of module twoPhaseSingleShard: 8320
@!@!@ENDMSG 2221 @!@!@
@!@!@STARTMSG 2221:0 @!@!@
  ||||line 793, col 34 to line 793, col 45 of module twoPhaseSingleShard: 8320
@!@!@ENDMSG 2221 @!@!@
@!@!@STARTMSG 2221:0 @!@!@
  ||||line 793, col 48 to line 793, col 57 of module twoPhaseSingleShard: 8320
@!@!@ENDMSG 2221 @!@!@
@!@!@STARTMSG 2775:0 @!@!@
  |||line 794, col 10 to line 794, col 34 of module twoPhaseSingleShard: 8320:4195
@!@!@ENDMSG 2775 @!@!@
@!@!@STARTMSG 2221:0 @!@!@
  |||line 795, col 36 to line 795, col 50 of module twoPhaseSingleShard: 8320
@!@!@ENDMSG 2221 @!@!@
@!@!@STARTMSG 2221:0 @!@!@
  |||line 795, col 53 to line 795, col 78 of module twoPhaseSingleShard: 4190
@!@!@ENDMSG 2221 @!@!@
@!@!@STARTMSG 2221:0 @!@!@
  |||line 795, col 81 to line 795, col 100 of module twoPhaseSingleShard: 8320
@!@!@ENDMSG 2221 @!@!@
@!@!@STARTMSG 2221:0 @!@!@
  ||||line 790, col 23 to line 790, col 101 of module twoPhaseSingleShard: 8320
@!@!@ENDMSG 2221 @!@!@
@!@!@STARTMSG 2221:0 @!@!@
  |||||line 790, col 30 to line 790, col 44 of module twoPhaseSingleShard: 8320
@!@!@ENDMSG 2221 @!@!@
@!@!@STARTMSG 2221:0 @!@!@
  ||||||line 788, col 23 to line 788, col 52 of module twoPhaseSingleShard: 8320
@!@!@ENDMSG 2221 @!@!@
@!@!@STARTMSG 2221:0 @!@!@
  |||||||line 788, col 23 to line 788, col 34 of module twoPhaseSingleShard: 8320
@!@!@ENDMSG 2221 @!@!@
@!@!@STARTMSG 2221:0 @!@!@
  ||||||||line 786, col 20 to line 786, col 76 of module twoPhaseSingleShard: 8320
@!@!@ENDMSG 2221 @!@!@
@!@!@STARTMSG 2775:0 @!@!@
  |||||||||line 786, col 26 to line 786, col 76 of module twoPhaseSingleShard: 8320:8320
@!@!@ENDMSG 2775 @!@!@
@!@!@STARTMSG 2221:0 @!@!@
  ||||||||||line 786, col 27 to line 786, col 54 of module twoPhaseSingleShard: 4190
@!@!@ENDMSG 2221 @!@!@
@!@!@STARTMSG 2221:0 @!@!@
  |||||||||||line 96, col 5 to line 100, col 14 of module twoPhaseSingleShard: 8385
@!@!@ENDMSG 2221 @!@!@
@!@!@STARTMSG 2221:0 @!@!@
  ||||||||||||line 96, col 8 to line 96, col 46 of module twoPhaseSingleShard: 8385
@!@!@ENDMSG 2221 @!@!@
@!@!@STARTMSG 2221:0 @!@!@
  ||||||||||||line 98, col 9 to line 99, col 102 of module twoPhaseSingleShard: 8385
@!@!@ENDMSG 2221 @!@!@
@!@!@STARTMSG 2221:0 @!@!@
  |||||||||||||line 98, col 12 to line 98, col 29 of module twoPhaseSingleShard: 8385
@!@!@ENDMSG 2221 @!@!@
@!@!@STARTMSG 2221:0 @!@!@
  |||||||||||||line 98, col 36 to line 98, col 37 of module twoPhaseSingleShard: 4190
@!@!@ENDMSG 2221 @!@!@
@!@!@STARTMSG 2221:0 @!@!@
  |||||||||||||line 99, col 14 to line 99, col 102 of module twoPhaseSingleShard: 4195
@!@!@ENDMSG 2221 @!@!@
@!@!@STARTMSG 2221:0 @!@!@
  |||||||||||line 786, col 40 to line 786, col 40 of module twoPhaseSingleShard: 4190
@!@!@ENDMSG 2221 @!@!@
@!@!@STARTMSG 2221:0 @!@!@
  |||||||||||line 786, col 43 to line 786, col 50 of module twoPhaseSingleShard: 4190
@!@!@ENDMSG 2221 @!@!@
@!@!@STARTMSG 2221:0 @!@!@
  ||||||||||line 786, col 64 to line 786, col 75 of module twoPhaseSingleShard: 8320
@!@!@ENDMSG 2221 @!@!@
@!@!@STARTMSG 2221:0 @!@!@
  |||||||line 788, col 41 to line 788, col 52 of module twoPhaseSingleShard: 8320
@!@!@ENDMSG 2221 @!@!@
@!@!@STARTMSG 2221:0 @!@!@
  ||||line 791, col 16 to line 791, col 53 of module twoPhaseSingleShard: 8320
@!@!@ENDMSG 2221 @!@!@
@!@!@STARTMSG 2221:0 @!@!@
  line 1268, col 21 to line 1268, col 21 of module twoPhaseSingleShard: 12306
@!@!@ENDMSG 2221 @!@!@
@!@!@STARTMSG 2221:0 @!@!@
  line 1268, col 24 to line 1268, col 34 of module twoPhaseSingleShard: 12306
@!@!@ENDMSG 2221 @!@!@
@!@!@STARTMSG 2221:0 @!@!@
  line 1268, col 52 to line 1268, col 92 of module twoPhaseSingleShard: 8320
@!@!@ENDMSG 2221 @!@!@
@!@!@STARTMSG 2221:0 @!@!@
  line 1268, col 95 to line 1268, col 113 of module twoPhaseSingleShard: 8320
@!@!@ENDMSG 2221 @!@!@
@!@!@STARTMSG 2221:0 @!@!@
  line 1268, col 116 to line 1268, col 125 of module twoPhaseSingleShard: 12306
@!@!@ENDMSG 2221 @!@!@
@!@!@STARTMSG 2221:0 @!@!@
  line 1269, col 8 to line 1269, col 23 of module twoPhaseSingleShard: 8320
@!@!@ENDMSG 2221 @!@!@
@!@!@STARTMSG 2221:0 @!@!@
  line 1270, col 8 to line 1270, col 188 of module twoPhaseSingleShard: 8320
@!@!@ENDMSG 2221 @!@!@
@!@!@STARTMSG 2221:0 @!@!@
  line 1385, col 28 to line 1385, col 28 of module twoPhaseSingleShard: 12306
@!@!@ENDMSG 2221 @!@!@
@!@!@STARTMSG 2221:0 @!@!@
  line 1385, col 31 to line 1385, col 31 of module twoPhaseSingleShard: 173310
@!@!@ENDMSG 2221 @!@!@
@!@!@STARTMSG 2221:0 @!@!@
  line 1386, col 16 to line 1386, col 35 of module twoPhaseSingleShard: 8320
@!@!@ENDMSG 2221 @!@!@
@!@!@STARTMSG 2221:0 @!@!@
  line 1384, col 16 to line 1384, col 20 of module twoPhaseSingleShard: 6188
@!@!@ENDMSG 2221 @!@!@
@!@!@STARTMSG 2221:0 @!@!@
  line 1384, col 29 to line 1384, col 46 of module twoPhaseSingleShard: 6188
@!@!@ENDMSG 2221 @!@!@
@!@!@STARTMSG 2775:0 @!@!@
  |line 58, col 5 to line 58, col 47 of module twoPhaseSingleShard: 6188:63958
@!@!@ENDMSG 2775 @!@!@
@!@!@STARTMSG 2221:0 @!@!@
  ||line 58, col 31 to line 58, col 45 of module twoPhaseSingleShard: 57770
@!@!@ENDMSG 2221 @!@!@
@!@!@STARTMSG 2221:0 @!@!@
  ||line 58, col 13 to line 58, col 27 of module twoPhaseSingleShard: 6188
@!@!@ENDMSG 2221 @!@!@
@!@!@STARTMSG 2221:0 @!@!@
  |line 1384, col 42 to line 1384, col 45 of module twoPhaseSingleShard: 6188
@!@!@ENDMSG 2221 @!@!@
@!@!@STARTMSG 2772:0 @!@!@
<Next line 1341, col 3 to line 1341, col 6 of module twoPhaseSingleShard (1387 7 1389 35)>: 1141:1151
@!@!@ENDMSG 2772 @!@!@
@!@!@STARTMSG 2221:0 @!@!@
  line 1276, col 8 to line 1276, col 39 of module twoPhaseSingleShard: 174434
@!@!@ENDMSG 2221 @!@!@
@!@!@STARTMSG 2221:0 @!@!@
  |line 1276, col 8 to line 1276, col 19 of module twoPhaseSingleShard: 173283
@!@!@ENDMSG 2221 @!@!@
@!@!@STARTMSG 2221:0 @!@!@
  line 1277, col 8 to line 1277, col 22 of module twoPhaseSingleShard: 13109
@!@!@ENDMSG 2221 @!@!@
@!@!@STARTMSG 2221:0 @!@!@
  |line 1277, col 8 to line 1277, col 8 of module twoPhaseSingleShard: 11958
@!@!@ENDMSG 2221 @!@!@
@!@!@STARTMSG 2221:0 @!@!@
  |line 1277, col 12 to line 1277, col 22 of module twoPhaseSingleShard: 11958
@!@!@ENDMSG 2221 @!@!@
@!@!@STARTMSG 2221:0 @!@!@
  line 1278, col 8 to line 1278, col 22 of module twoPhaseSingleShard: 5137
@!@!@ENDMSG 2221 @!@!@
@!@!@STARTMSG 2221:0 @!@!@
  |line 1278, col 8 to line 1278, col 8 of module twoPhaseSingleShard: 3986
@!@!@ENDMSG 2221 @!@!@
@!@!@STARTMSG 2221:0 @!@!@
  |line 1278, col 12 to line 1278, col 22 of module twoPhaseSingleShard: 3986
@!@!@ENDMSG 2221 @!@!@
@!@!@STARTMSG 2221:0 @!@!@
  line 853, col 9 to line 853, col 35 of module twoPhaseSingleShard: 2791
@!@!@ENDMSG 2221 @!@!@
@!@!@STARTMSG 2221:0 @!@!@
  |line 853, col 9 to line 853, col 30 of module twoPhaseSingleShard: 2791
@!@!@ENDMSG 2221 @!@!@
@!@!@STARTMSG 2221:0 @!@!@
  ||line 838, col 31 to line 838, col 71 of module twoPhaseSingleShard: 2791
@!@!@ENDMSG 2221 @!@!@
@!@!@STARTMSG 2221:0 @!@!@
  |||line 276, col 5 to line 276, col 91 of module twoPhaseSingleShard: 2791
@!@!@ENDMSG 2221 @!@!@
@!@!@STARTMSG 2221:0 @!@!@
  ||||line 276, col 55 to line 276, col 90 of module twoPhaseSingleShard: 531
@!@!@ENDMSG 2221 @!@!@
@!@!@STARTMSG 2221:0 @!@!@
  ||||line 276, col 13 to line 276, col 51 of module twoPhaseSingleShard: 2791
@!@!@ENDMSG 2221 @!@!@
@!@!@STARTMSG 2775:0 @!@!@
  |||||line 272, col 5 to line 272, col 81 of module twoPhaseSingleShard: 2791:3322
@!@!@ENDMSG 2775 @!@!@
@!@!@STARTMSG 2221:0 @!@!@
  ||||||line 272, col 54 to line 272, col 80 of module twoPhaseSingleShard: 920
@!@!@ENDMSG 2221 @!@!@
@!@!@STARTMSG 2221:0 @!@!@
  |||||||line 263, col 29 to line 263, col 74 of module twoPhaseSingleShard: 920
@!@!@ENDMSG 2221 @!@!@
@!@!@STARTMSG 2221:0 @!@!@
  ||||||||line 263, col 54 to line 263, col 74 of module twoPhaseSingleShard: 531
@!@!@ENDMSG 2221 @!@!@
@!@!@STARTMSG 2221:0 @!@!@
  ||||||||line 263, col 38 to line 263, col 50 of module twoPhaseSingleShard: 920
@!@!@ENDMSG 2221 @!@!@
@!@!@STARTMSG 2221:0 @!@!@
  |||||||line 262, col 22 to line 262, col 98 of module twoPhaseSingleShard: 531
@!@!@ENDMSG 2221 @!@!@
@!@!@STARTMSG 2221:0 @!@!@
  ||||||||line 262, col 23 to line 262, col 59 of module twoPhaseSingleShard: 1147
@!@!@ENDMSG 2221 @!@!@
@!@!@STARTMSG 2221:0 @!@!@
  ||||||||line 262, col 70 to line 262, col 97 of module twoPhaseSingleShard: 531
@!@!@ENDMSG 2221 @!@!@
@!@!@STARTMSG 2775:0 @!@!@
  |||||||line 261, col 26 to line 261, col 65 of module twoPhaseSingleShard: 920:1451
@!@!@ENDMSG 2775 @!@!@
@!@!@STARTMSG 2221:0 @!@!@
  ||||||||line 261, col 28 to line 261, col 31 of module twoPhaseSingleShard: 531
@!@!@ENDMSG 2221 @!@!@
@!@!@STARTMSG 2221:0 @!@!@
  |||||||||line 260, col 17 to line 260, col 81 of module twoPhaseSingleShard: 531
@!@!@ENDMSG 2221 @!@!@
@!@!@STARTMSG 2221:0 @!@!@
  ||||||||||line 260, col 18 to line 260, col 48 of module twoPhaseSingleShard: 1293
@!@!@ENDMSG 2221 @!@!@
@!@!@STARTMSG 2221:0 @!@!@
  ||||||||||line 260, col 58 to line 260, col 80 of module twoPhaseSingleShard: 531
@!@!@ENDMSG 2221 @!@!@
@!@!@STARTMSG 2221:0 @!@!@
  |||||||||line 261, col 30 to line 261, col 30 of module twoPhaseSingleShard: 531
@!@!@ENDMSG 2221 @!@!@
@!@!@STARTMSG 2221:0 @!@!@
  ||||||||line 261, col 41 to line 261, col 63 of module twoPhaseSingleShard: 920
@!@!@ENDMSG 2221 @!@!@
@!@!@STARTMSG 2775:0 @!@!@
  |||||||||line 92, col 18 to line 92, col 42 of module twoPhaseSingleShard: 920:1451
@!@!@ENDMSG 2775 @!@!@
@!@!@STARTMSG 2221:0 @!@!@
  ||||||||||line 92, col 20 to line 92, col 23 of module twoPhaseSingleShard: 531
@!@!@ENDMSG 2221 @!@!@
@!@!@STARTMSG 2221:0 @!@!@
  ||||||||||line 92, col 33 to line 92, col 40 of module twoPhaseSingleShard: 920
@!@!@ENDMSG 2221 @!@!@
@!@!@STARTMSG 2221:0 @!@!@
  |||||||||line 261, col 52 to line 261, col 62 of module twoPhaseSingleShard: 920
@!@!@ENDMSG 2221 @!@!@
@!@!@STARTMSG 2221:0 @!@!@
  |||||||line 265, col 9 to line 265, col 23 of module twoPhaseSingleShard: 920
@!@!@ENDMSG 2221 @!@!@
@!@!@STARTMSG 2221:0 @!@!@
  |||||||line 272, col 65 to line 272, col 66 of module twoPhaseSingleShard: 531
@!@!@ENDMSG 2221 @!@!@
@!@!@STARTMSG 2221:0 @!@!@
  |||||||line 272, col 69 to line 272, col 79 of module twoPhaseSingleShard: 920
@!@!@ENDMSG 2221 @!@!@
@!@!@STARTMSG 2221:0 @!@!@
  ||||||line 272, col 13 to line 272, col 50 of module twoPhaseSingleShard: 2791
@!@!@ENDMSG 2221 @!@!@
@!@!@STARTMSG 2221:0 @!@!@
  |||||line 276, col 37 to line 276, col 37 of module twoPhaseSingleShard: 2791
@!@!@ENDMSG 2221 @!@!@
@!@!@STARTMSG 2221:0 @!@!@
  |||||line 276, col 40 to line 276, col 50 of module twoPhaseSingleShard: 920
@!@!@ENDMSG 2221 @!@!@
@!@!@STARTMSG 2221:0 @!@!@
  |||line 838, col 46 to line 838, col 46 of module twoPhaseSingleShard: 2791
@!@!@ENDMSG 2221 @!@!@
@!@!@STARTMSG 2221:0 @!@!@
  |||line 838, col 49 to line 838, col 67 of module twoPhaseSingleShard: 920
@!@!@ENDMSG 2221 @!@!@
@!@!@STARTMSG 2221:0 @!@!@
  |line 853, col 34 to line 853, col 35 of module twoPhaseSingleShard: 2791
@!@!@ENDMSG 2221 @!@!@
@!@!@STARTMSG 2221:0 @!@!@
  line 855, col 9 to line 855, col 92 of module twoPhaseSingleShard: 344
@!@!@ENDMSG 2221 @!@!@
@!@!@STARTMSG 2221:0 @!@!@
  |line 855, col 11 to line 855, col 91 of module twoPhaseSingleShard: 193
@!@!@ENDMSG 2221 @!@!@
@!@!@STARTMSG 2221:0 @!@!@
  line 856, col 9 to line 856, col 124 of module twoPhaseSingleShard: 151
@!@!@ENDMSG 2221 @!@!@
@!@!@STARTMSG 2221:0 @!@!@
  line 857, col 9 to line 860, col 122 of module twoPhaseSingleShard: 151
@!@!@ENDMSG 2221 @!@!@
@!@!@STARTMSG 2221:0 @!@!@
  |line 857, col 36 to line 860, col 122 of module twoPhaseSingleShard: 151
@!@!@ENDMSG 2221 @!@!@
@!@!@STARTMSG 2221:0 @!@!@
  ||line 857, col 37 to line 857, col 59 of module twoPhaseSingleShard: 151
@!@!@ENDMSG 2221 @!@!@
@!@!@STARTMSG 2221:0 @!@!@
  ||line 857, col 68 to line 857, col 102 of module twoPhaseSingleShard: 151
@!@!@ENDMSG 2221 @!@!@
@!@!@STARTMSG 2221:0 @!@!@
  ||line 858, col 68 to line 858, col 136 of module twoPhaseSingleShard: 151
@!@!@ENDMSG 2221 @!@!@
@!@!@STARTMSG 2221:0 @!@!@
  ||line 858, col 86 to line 858, col 136 of module twoPhaseSingleShard: 151
@!@!@ENDMSG 2221 @!@!@
@!@!@STARTMSG 2221:0 @!@!@
  |||line 858, col 87 to line 858, col 105 of module twoPhaseSingleShard: 151
@!@!@ENDMSG 2221 @!@!@
@!@!@STARTMSG 2221:0 @!@!@
  |||line 858, col 115 to line 858, col 136 of module twoPhaseSingleShard: 151
@!@!@ENDMSG 2221 @!@!@
@!@!@STARTMSG 2221:0 @!@!@
  ||||line 838, col 31 to line 838, col 71 of module twoPhaseSingleShard: 151
@!@!@ENDMSG 2221 @!@!@
@!@!@STARTMSG 2221:0 @!@!@
  |||||line 276, col 5 to line 276, col 91 of module twoPhaseSingleShard: 151
@!@!@ENDMSG 2221 @!@!@
@!@!@STARTMSG 2221:0 @!@!@
  ||||||line 276, col 55 to line 276, col 90 of module twoPhaseSingleShard: 151
@!@!@ENDMSG 2221 @!@!@
@!@!@STARTMSG 2221:0 @!@!@
  ||||||line 276, col 13 to line 276, col 51 of module twoPhaseSingleShard: 151
@!@!@ENDMSG 2221 @!@!@
@!@!@STARTMSG 2775:0 @!@!@
  |||||||line 272, col 5 to line 272, col 81 of module twoPhaseSingleShard: 151:302
@!@!@ENDMSG 2775 @!@!@
@!@!@STARTMSG 2221:0 @!@!@
  ||||||||line 272, col 54 to line 272, col 80 of module twoPhaseSingleShard: 151
@!@!@ENDMSG 2221 @!@!@
@!@!@STARTMSG 2221:0 @!@!@
  |||||||||line 263, col 29 to line 263, col 74 of module twoPhaseSingleShard: 151
@!@!@ENDMSG 2221 @!@!@
@!@!@STARTMSG 2221:0 @!@!@
  |||||||||line 262, col 22 to line 262, col 98 of module twoPhaseSingleShard: 151
@!@!@ENDMSG 2221 @!@!@
@!@!@STARTMSG 2221:0 @!@!@
  ||||||||||line 262, col 23 to line 262, col 59 of module twoPhaseSingleShard: 271
@!@!@ENDMSG 2221 @!@!@
@!@!@STARTMSG 2221:0 @!@!@
  ||||||||||line 262, col 70 to line 262, col 97 of module twoPhaseSingleShard: 151
@!@!@ENDMSG 2221 @!@!@
@!@!@STARTMSG 2775:0 @!@!@
  |||||||||line 261, col 26 to line 261, col 65 of module twoPhaseSingleShard: 151:302
@!@!@ENDMSG 2775 @!@!@
@!@!@STARTMSG 2221:0 @!@!@
  ||||||||||line 261, col 28 to line 261, col 31 of module twoPhaseSingleShard: 151
@!@!@ENDMSG 2221 @!@!@
@!@!@STARTMSG 2221:0 @!@!@
  |||||||||||line 260, col 17 to line 260, col 81 of module twoPhaseSingleShard: 151
@!@!@ENDMSG 2221 @!@!@
@!@!@STARTMSG 2221:0 @!@!@
  ||||||||||||line 260, col 18 to line 260, col 48 of module twoPhaseSingleShard: 333
@!@!@ENDMSG 2221 @!@!@
@!@!@STARTMSG 2221:0 @!@!@
  ||||||||||||line 260, col 58 to line 260, col 80 of module twoPhaseSingleShard: 151
@!@!@ENDMSG 2221 @!@!@
@!@!@STARTMSG 2221:0 @!@!@
  |||||||||||line 261, col 30 to line 261, col 30 of module twoPhaseSingleShard: 151
@!@!@ENDMSG 2221 @!@!@
@!@!@STARTMSG 2221:0 @!@!@
  ||||||||||line 261, col 41 to line 261, col 63 of module twoPhaseSingleShard: 151
@!@!@ENDMSG 2221 @!@!@
@!@!@STARTMSG 2221:0 @!@!@
  |||||||||line 265, col 9 to line 265, col 23 of module twoPhaseSingleShard: 151
@!@!@ENDMSG 2221 @!@!@
@!@!@STARTMSG 2221:0 @!@!@
  |||||||||line 272, col 65 to line 272, col 66 of module twoPhaseSingleShard: 151
@!@!@ENDMSG 2221 @!@!@
@!@!@STARTMSG 2221:0 @!@!@
  |||||||||line 272, col 69 to line 272, col 79 of module twoPhaseSingleShard: 151
@!@!@ENDMSG 2221 @!@!@
@!@!@STARTMSG 2221:0 @!@!@
  ||||||||line 272, col 13 to line 272, col 50 of module twoPhaseSingleShard: 151
@!@!@ENDMSG 2221 @!@!@
@!@!@STARTMSG 2221:0 @!@!@
  |||||||line 276, col 37 to line 276, col 37 of module twoPhaseSingleShard: 151
@!@!@ENDMSG 2221 @!@!@
@!@!@STARTMSG 2221:0 @!@!@
  |||||||line 276, col 40 to line 276, col 50 of module twoPhaseSingleShard: 151
@!@!@ENDMSG 2221 @!@!@
@!@!@STARTMSG 2221:0 @!@!@
  |||||line 838, col 46 to line 838, col 46 of module twoPhaseSingleShard: 151
@!@!@ENDMSG 2221 @!@!@
@!@!@STARTMSG 2221:0 @!@!@
  |||||line 838, col 49 to line 838, col 67 of module twoPhaseSingleShard: 151
@!@!@ENDMSG 2221 @!@!@
@!@!@STARTMSG 2221:0 @!@!@
  ||line 859, col 68 to line 859, col 99 of module twoPhaseSingleShard: 151
@!@!@ENDMSG 2221 @!@!@
@!@!@STARTMSG 2221:0 @!@!@
  ||line 860, col 68 to line 860, col 121 of module twoPhaseSingleShard: 151
@!@!@ENDMSG 2221 @!@!@
@!@!@STARTMSG 2221:0 @!@!@
  line 861, col 9 to line 861, col 117 of module twoPhaseSingleShard: 151
@!@!@ENDMSG 2221 @!@!@
@!@!@STARTMSG 2221:0 @!@!@
  |line 861, col 28 to line 861, col 117 of module twoPhaseSingleShard: 151
@!@!@ENDMSG 2221 @!@!@
@!@!@STARTMSG 2221:0 @!@!@
  ||line 861, col 29 to line 861, col 43 of module twoPhaseSingleShard: 151
@!@!@ENDMSG 2221 @!@!@
@!@!@STARTMSG 2221:0 @!@!@
  ||line 861, col 52 to line 861, col 116 of module twoPhaseSingleShard: 151
@!@!@ENDMSG 2221 @!@!@
@!@!@STARTMSG 2221:0 @!@!@
  ||line 861, col 59 to line 861, col 116 of module twoPhaseSingleShard: 151
@!@!@ENDMSG 2221 @!@!@
@!@!@STARTMSG 2221:0 @!@!@
  |||line 234, col 5 to line 234, col 38 of module twoPhaseSingleShard: 151
@!@!@ENDMSG 2221 @!@!@
@!@!@STARTMSG 2221:0 @!@!@
  ||||line 224, col 5 to line 229, col 13 of module twoPhaseSingleShard: 302
@!@!@ENDMSG 2221 @!@!@
@!@!@STARTMSG 2221:0 @!@!@
  |||||line 224, col 8 to line 224, col 41 of module twoPhaseSingleShard: 302
@!@!@ENDMSG 2221 @!@!@
@!@!@STARTMSG 2221:0 @!@!@
  |||||line 226, col 9 to line 227, col 118 of module twoPhaseSingleShard: 302
@!@!@ENDMSG 2221 @!@!@
@!@!@STARTMSG 2221:0 @!@!@
  ||||||line 226, col 12 to line 226, col 28 of module twoPhaseSingleShard: 302
@!@!@ENDMSG 2221 @!@!@
@!@!@STARTMSG 2221:0 @!@!@
  ||||||line 226, col 35 to line 226, col 35 of module twoPhaseSingleShard: 151
@!@!@ENDMSG 2221 @!@!@
@!@!@STARTMSG 2221:0 @!@!@
  ||||||line 227, col 14 to line 227, col 118 of module twoPhaseSingleShard: 151
@!@!@ENDMSG 2221 @!@!@
@!@!@STARTMSG 2221:0 @!@!@
  |||||||line 227, col 23 to line 227, col 38 of module twoPhaseSingleShard: 151
@!@!@ENDMSG 2221 @!@!@
@!@!@STARTMSG 2221:0 @!@!@
  |||||||line 227, col 49 to line 227, col 106 of module twoPhaseSingleShard: 151
@!@!@ENDMSG 2221 @!@!@
@!@!@STARTMSG 2221:0 @!@!@
  ||||||||line 214, col 5 to line 215, col 75 of module twoPhaseSingleShard: 484
@!@!@ENDMSG 2221 @!@!@
@!@!@STARTMSG 2221:0 @!@!@
  |||||||||line 214, col 8 to line 214, col 17 of module twoPhaseSingleShard: 484
@!@!@ENDMSG 2221 @!@!@
@!@!@STARTMSG 2221:0 @!@!@
  |||||||||line 214, col 24 to line 214, col 24 of module twoPhaseSingleShard: 151
@!@!@ENDMSG 2221 @!@!@
@!@!@STARTMSG 2221:0 @!@!@
  |||||||||line 215, col 10 to line 215, col 75 of module twoPhaseSingleShard: 333
@!@!@ENDMSG 2221 @!@!@
@!@!@STARTMSG 2221:0 @!@!@
  ||||||||||line 215, col 26 to line 215, col 34 of module twoPhaseSingleShard: 333
@!@!@ENDMSG 2221 @!@!@
@!@!@STARTMSG 2221:0 @!@!@
  ||||||||||line 215, col 37 to line 215, col 42 of module twoPhaseSingleShard: 182
@!@!@ENDMSG 2221 @!@!@
@!@!@STARTMSG 2221:0 @!@!@
  ||||||||||line 215, col 46 to line 215, col 74 of module twoPhaseSingleShard: 333
@!@!@ENDMSG 2221 @!@!@
@!@!@STARTMSG 2221:0 @!@!@
  |||||||||||line 170, col 5 to line 210, col 9 of module twoPhaseSingleShard: 333
@!@!@ENDMSG 2221 @!@!@
@!@!@STARTMSG 2221:0 @!@!@
  ||||||||||||line 170, col 8 to line 170, col 44 of module twoPhaseSingleShard: 333
@!@!@ENDMSG 2221 @!@!@
@!@!@STARTMSG 2221:0 @!@!@
  ||||||||||||line 172, col 9 to line 208, col 39 of module twoPhaseSingleShard: 333
@!@!@ENDMSG 2221 @!@!@
@!@!@STARTMSG 2221:0 @!@!@
  |||||||||||||line 172, col 14 to line 172, col 54 of module twoPhaseSingleShard: 333
@!@!@ENDMSG 2221 @!@!@
@!@!@STARTMSG 2221:0 @!@!@
  ||||||||||||||line 172, col 14 to line 172, col 30 of module twoPhaseSingleShard: 333
@!@!@ENDMSG 2221 @!@!@
@!@!@STARTMSG 2221:0 @!@!@
  ||||||||||||||line 172, col 35 to line 172, col 54 of module twoPhaseSingleShard: 242
@!@!@ENDMSG 2221 @!@!@
@!@!@STARTMSG 2221:0 @!@!@
  |||||||||||||line 172, col 61 to line 172, col 119 of module twoPhaseSingleShard: 182
@!@!@ENDMSG 2221 @!@!@
@!@!@STARTMSG 2221:0 @!@!@
  |||||||||||||line 173, col 12 to line 173, col 55 of module twoPhaseSingleShard: 151
@!@!@ENDMSG 2221 @!@!@
@!@!@STARTMSG 2221:0 @!@!@
  ||||||||||||||line 173, col 12 to line 173, col 28 of module twoPhaseSingleShard: 151
@!@!@ENDMSG 2221 @!@!@
@!@!@STARTMSG 2221:0 @!@!@
  ||||||||||||||line 173, col 33 to line 173, col 55 of module twoPhaseSingleShard: 60
@!@!@ENDMSG 2221 @!@!@
@!@!@STARTMSG 2221:0 @!@!@
  |||||||||||||line 182, col 15 to line 184, col 20 of module twoPhaseSingleShard: 60
@!@!@ENDMSG 2221 @!@!@
@!@!@STARTMSG 2221:0 @!@!@
  |||||||||||||line 185, col 12 to line 185, col 52 of module twoPhaseSingleShard: 91
@!@!@ENDMSG 2221 @!@!@
@!@!@STARTMSG 2775:0 @!@!@
  |||||||||||||line 194, col 9 to line 194, col 30 of module twoPhaseSingleShard: 91:24
@!@!@ENDMSG 2775 @!@!@
@!@!@STARTMSG 2221:0 @!@!@
  ||||||||||||||line 194, col 10 to line 194, col 19 of module twoPhaseSingleShard: 182
@!@!@ENDMSG 2221 @!@!@
@!@!@STARTMSG 2221:0 @!@!@
  |||||||||||||||line 188, col 17 to line 192, col 26 of module twoPhaseSingleShard: 182
@!@!@ENDMSG 2221 @!@!@
@!@!@STARTMSG 2221:0 @!@!@
  ||||||||||||||||line 188, col 20 to line 188, col 45 of module twoPhaseSingleShard: 182
@!@!@ENDMSG 2221 @!@!@
@!@!@STARTMSG 2221:0 @!@!@
  ||||||||||||||||line 189, col 25 to line 189, col 96 of module twoPhaseSingleShard: 91
@!@!@ENDMSG 2221 @!@!@
@!@!@STARTMSG 2221:0 @!@!@
  ||||||||||||||||line 192, col 26 to line 192, col 26 of module twoPhaseSingleShard: 91
@!@!@ENDMSG 2221 @!@!@
@!@!@STARTMSG 2221:0 @!@!@
  |||||||||||||||line 194, col 18 to line 194, col 18 of module twoPhaseSingleShard: 182
@!@!@ENDMSG 2221 @!@!@
@!@!@STARTMSG 2221:0 @!@!@
  ||||||||||||||line 194, col 29 to line 194, col 29 of module twoPhaseSingleShard: 91
@!@!@ENDMSG 2221 @!@!@
@!@!@STARTMSG 2221:0 @!@!@
  |||||||||||line 215, col 54 to line 215, col 62 of module twoPhaseSingleShard: 333
@!@!@ENDMSG 2221 @!@!@
@!@!@STARTMSG 2221:0 @!@!@
  |||||||||||line 215, col 65 to line 215, col 70 of module twoPhaseSingleShard: 333
@!@!@ENDMSG 2221 @!@!@
@!@!@STARTMSG 2221:0 @!@!@
  |||||||||||line 215, col 73 to line 215, col 73 of module twoPhaseSingleShard: 333
@!@!@ENDMSG 2221 @!@!@
@!@!@STARTMSG 2221:0 @!@!@
  ||||||||line 227, col 65 to line 227, col 94 of module twoPhaseSingleShard: 151
@!@!@ENDMSG 2221 @!@!@
@!@!@STARTMSG 2221:0 @!@!@
  ||||||||line 227, col 97 to line 227, col 102 of module twoPhaseSingleShard: 151
@!@!@ENDMSG 2221 @!@!@
@!@!@STARTMSG 2221:0 @!@!@
  ||||||||line 227, col 105 to line 227, col 105 of module twoPhaseSingleShard: 151
@!@!@ENDMSG 2221 @!@!@
@!@!@STARTMSG 2221:0 @!@!@
  |||||||line 227, col 109 to line 227, col 117 of module twoPhaseSingleShard: 151
@!@!@ENDMSG 2221 @!@!@
@!@!@STARTMSG 2221:0 @!@!@
  ||||line 234, col 14 to line 234, col 23 of module twoPhaseSingleShard: 151
@!@!@ENDMSG 2221 @!@!@
@!@!@STARTMSG 2221:0 @!@!@
  ||||line 234, col 26 to line 234, col 31 of module twoPhaseSingleShard: 151
@!@!@ENDMSG 2221 @!@!@
@!@!@STARTMSG 2221:0 @!@!@
  ||||line 234, col 34 to line 234, col 34 of module twoPhaseSingleShard: 151
@!@!@ENDMSG 2221 @!@!@
@!@!@STARTMSG 2221:0 @!@!@
  |||line 861, col 74 to line 861, col 92 of module twoPhaseSingleShard: 151
@!@!@ENDMSG 2221 @!@!@
@!@!@STARTMSG 2221:0 @!@!@
  |||line 861, col 95 to line 861, col 95 of module twoPhaseSingleShard: 151
@!@!@ENDMSG 2221 @!@!@
@!@!@STARTMSG 2221:0 @!@!@
  |||line 861, col 98 to line 861, col 115 of module twoPhaseSingleShard: 151
@!@!@ENDMSG 2221 @!@!@
@!@!@STARTMSG 2221:0 @!@!@
  line 863, col 9 to line 863, col 86 of module twoPhaseSingleShard: 302
@!@!@ENDMSG 2221 @!@!@
@!@!@STARTMSG 2221:0 @!@!@
  |line 863, col 10 to line 863, col 86 of module twoPhaseSingleShard: 151
@!@!@ENDMSG 2221 @!@!@
@!@!@STARTMSG 2221:0 @!@!@
  line 864, col 9 to line 864, col 41 of module twoPhaseSingleShard: 151
@!@!@ENDMSG 2221 @!@!@
@!@!@STARTMSG 2221:0 @!@!@
  |line 864, col 17 to line 864, col 41 of module twoPhaseSingleShard: 151
@!@!@ENDMSG 2221 @!@!@
@!@!@STARTMSG 2221:0 @!@!@
  ||line 864, col 17 to line 864, col 20 of module twoPhaseSingleShard: 151
@!@!@ENDMSG 2221 @!@!@
@!@!@STARTMSG 2221:0 @!@!@
  ||line 864, col 25 to line 864, col 41 of module twoPhaseSingleShard: 151
@!@!@ENDMSG 2221 @!@!@
@!@!@STARTMSG 2775:0 @!@!@
  |||line 849, col 26 to line 849, col 56 of module twoPhaseSingleShard: 151:302
@!@!@ENDMSG 2775 @!@!@
@!@!@STARTMSG 2221:0 @!@!@
  ||||line 849, col 34 to line 849, col 48 of module twoPhaseSingleShard: 151
@!@!@ENDMSG 2221 @!@!@
@!@!@STARTMSG 2221:0 @!@!@
  |||||line 848, col 25 to line 848, col 107 of module twoPhaseSingleShard: 151
@!@!@ENDMSG 2221 @!@!@
@!@!@STARTMSG 2775:0 @!@!@
  ||||||line 848, col 30 to line 848, col 107 of module twoPhaseSingleShard: 151:453
@!@!@ENDMSG 2775 @!@!@
@!@!@STARTMSG 2221:0 @!@!@
  |||||||line 848, col 31 to line 848, col 93 of module twoPhaseSingleShard: 151
@!@!@ENDMSG 2221 @!@!@
@!@!@STARTMSG 2221:0 @!@!@
  |||||||line 848, col 96 to line 848, col 106 of module twoPhaseSingleShard: 151
@!@!@ENDMSG 2221 @!@!@
@!@!@STARTMSG 2221:0 @!@!@
  ||||||||line 839, col 20 to line 847, col 46 of module twoPhaseSingleShard: 151
@!@!@ENDMSG 2221 @!@!@
@!@!@STARTMSG 2221:0 @!@!@
  |||||||||line 839, col 21 to line 846, col 17 of module twoPhaseSingleShard: 151
@!@!@ENDMSG 2221 @!@!@
@!@!@STARTMSG 2221:0 @!@!@
  |||||||||line 847, col 24 to line 847, col 45 of module twoPhaseSingleShard: 151
@!@!@ENDMSG 2221 @!@!@
@!@!@STARTMSG 2221:0 @!@!@
  ||||||||||line 838, col 31 to line 838, col 71 of module twoPhaseSingleShard: 151
@!@!@ENDMSG 2221 @!@!@
@!@!@STARTMSG 2775:0 @!@!@
  |||||||||||line 276, col 5 to line 276, col 91 of module twoPhaseSingleShard: 151:302
@!@!@ENDMSG 2775 @!@!@
@!@!@STARTMSG 2221:0 @!@!@
  ||||||||||||line 276, col 55 to line 276, col 90 of module twoPhaseSingleShard: 151
@!@!@ENDMSG 2221 @!@!@
@!@!@STARTMSG 2221:0 @!@!@
  ||||||||||||line 276, col 13 to line 276, col 51 of module twoPhaseSingleShard: 151
@!@!@ENDMSG 2221 @!@!@
@!@!@STARTMSG 2775:0 @!@!@
  |||||||||||||line 272, col 5 to line 272, col 81 of module twoPhaseSingleShard: 151:302
@!@!@ENDMSG 2775 @!@!@
@!@!@STARTMSG 2221:0 @!@!@
  ||||||||||||||line 272, col 54 to line 272, col 80 of module twoPhaseSingleShard: 151
@!@!@ENDMSG 2221 @!@!@
@!@!@STARTMSG 2221:0 @!@!@
  |||||||||||||||line 263, col 29 to line 263, col 74 of module twoPhaseSingleShard: 151
@!@!@ENDMSG 2221 @!@!@
@!@!@STARTMSG 2221:0 @!@!@
  |||||||||||||||line 262, col 22 to line 262, col 98 of module twoPhaseSingleShard: 151
@!@!@ENDMSG 2221 @!@!@
@!@!@STARTMSG 2221:0 @!@!@
  ||||||||||||||||line 262, col 23 to line 262, col 59 of module twoPhaseSingleShard: 271
@!@!@ENDMSG 2221 @!@!@
@!@!@STARTMSG 2221:0 @!@!@
  ||||||||||||||||line 262, col 70 to line 262, col 97 of module twoPhaseSingleShard: 151
@!@!@ENDMSG 2221 @!@!@
@!@!@STARTMSG 2775:0 @!@!@
  |||||||||||||||line 261, col 26 to line 261, col 65 of module twoPhaseSingleShard: 151:302
@!@!@ENDMSG 2775 @!@!@
@!@!@STARTMSG 2221:0 @!@!@
  ||||||||||||||||line 261, col 28 to line 261, col 31 of module twoPhaseSingleShard: 151
@!@!@ENDMSG 2221 @!@!@
@!@!@STARTMSG 2221:0 @!@!@
  |||||||||||||||||line 260, col 17 to line 260, col 81 of module twoPhaseSingleShard: 151
@!@!@ENDMSG 2221 @!@!@
@!@!@STARTMSG 2221:0 @!@!@
  ||||||||||||||||||line 260, col 18 to line 260, col 48 of module twoPhaseSingleShard: 333
@!@!@ENDMSG 2221 @!@!@
@!@!@STARTMSG 2221:0 @!@!@
  ||||||||||||||||||line 260, col 58 to line 260, col 80 of module twoPhaseSingleShard: 151
@!@!@ENDMSG 2221 @!@!@
@!@!@STARTMSG 2221:0 @!@!@
  |||||||||||||||||line 261, col 30 to line 261, col 30 of module twoPhaseSingleShard: 151
@!@!@ENDMSG 2221 @!@!@
@!@!@STARTMSG 2221:0 @!@!@
  ||||||||||||||||line 261, col 41 to line 261, col 63 of module twoPhaseSingleShard: 151
@!@!@ENDMSG 2221 @!@!@
@!@!@STARTMSG 2221:0 @!@!@
  |||||||||||||||line 265, col 9 to line 265, col 23 of module twoPhaseSingleShard: 151
@!@!@ENDMSG 2221 @!@!@
@!@!@STARTMSG 2221:0 @!@!@
  |||||||||||||||line 272, col 65 to line 272, col 66 of module twoPhaseSingleShard: 151
@!@!@ENDMSG 2221 @!@!@
@!@!@STARTMSG 2221:0 @!@!@
  |||||||||||||||line 272, col 69 to line 272, col 79 of module twoPhaseSingleShard: 151
@!@!@ENDMSG 2221 @!@!@
@!@!@STARTMSG 2221:0 @!@!@
  ||||||||||||||line 272, col 13 to line 272, col 50 of module twoPhaseSingleShard: 151
@!@!@ENDMSG 2221 @!@!@
@!@!@STARTMSG 2221:0 @!@!@
  |||||||||||||line 276, col 37 to line 276, col 37 of module twoPhaseSingleShard: 151
@!@!@ENDMSG 2221 @!@!@
@!@!@STARTMSG 2221:0 @!@!@
  |||||||||||||line 276, col 40 to line 276, col 50 of module twoPhaseSingleShard: 151
@!@!@ENDMSG 2221 @!@!@
@!@!@STARTMSG 2221:0 @!@!@
  |||||||||||line 838, col 46 to line 838, col 46 of module twoPhaseSingleShard: 151
@!@!@ENDMSG 2221 @!@!@
@!@!@STARTMSG 2221:0 @!@!@
  |||||||||||line 838, col 49 to line 838, col 67 of module twoPhaseSingleShard: 151
@!@!@ENDMSG 2221 @!@!@
@!@!@STARTMSG 2221:0 @!@!@
  line 866, col 9 to line 866, col 92 of module twoPhaseSingleShard: 3598
@!@!@ENDMSG 2221 @!@!@
@!@!@STARTMSG 2221:0 @!@!@
  |line 866, col 11 to line 866, col 91 of module twoPhaseSingleShard: 2598
@!@!@ENDMSG 2221 @!@!@
@!@!@STARTMSG 2221:0 @!@!@
  ||line 866, col 11 to line 866, col 41 of module twoPhaseSingleShard: 2598
@!@!@ENDMSG 2221 @!@!@
@!@!@STARTMSG 2775:0 @!@!@
  |||line 92, col 18 to line 92, col 42 of module twoPhaseSingleShard: 2598:3204
@!@!@ENDMSG 2775 @!@!@
@!@!@STARTMSG 2221:0 @!@!@
  ||||line 92, col 20 to line 92, col 23 of module twoPhaseSingleShard: 1606
@!@!@ENDMSG 2221 @!@!@
@!@!@STARTMSG 2221:0 @!@!@
  ||||line 92, col 33 to line 92, col 40 of module twoPhaseSingleShard: 2598
@!@!@ENDMSG 2221 @!@!@
@!@!@STARTMSG 2221:0 @!@!@
  |||line 866, col 22 to line 866, col 40 of module twoPhaseSingleShard: 2598
@!@!@ENDMSG 2221 @!@!@
@!@!@STARTMSG 2221:0 @!@!@
  ||line 866, col 53 to line 866, col 91 of module twoPhaseSingleShard: 2598
@!@!@ENDMSG 2221 @!@!@
@!@!@STARTMSG 2221:0 @!@!@
  line 867, col 9 to line 867, col 124 of module twoPhaseSingleShard: 1000
@!@!@ENDMSG 2221 @!@!@
@!@!@STARTMSG 2221:0 @!@!@
  line 868, col 9 to line 871, col 122 of module twoPhaseSingleShard: 1000
@!@!@ENDMSG 2221 @!@!@
@!@!@STARTMSG 2221:0 @!@!@
  line 872, col 9 to line 872, col 117 of module twoPhaseSingleShard: 1000
@!@!@ENDMSG 2221 @!@!@
@!@!@STARTMSG 2221:0 @!@!@
  |line 872, col 28 to line 872, col 117 of module twoPhaseSingleShard: 1000
@!@!@ENDMSG 2221 @!@!@
@!@!@STARTMSG 2221:0 @!@!@
  ||line 872, col 29 to line 872, col 43 of module twoPhaseSingleShard: 1000
@!@!@ENDMSG 2221 @!@!@
@!@!@STARTMSG 2221:0 @!@!@
  ||line 872, col 52 to line 872, col 116 of module twoPhaseSingleShard: 1000
@!@!@ENDMSG 2221 @!@!@
@!@!@STARTMSG 2221:0 @!@!@
  ||line 872, col 59 to line 872, col 116 of module twoPhaseSingleShard: 1000
@!@!@ENDMSG 2221 @!@!@
@!@!@STARTMSG 2221:0 @!@!@
  |||line 234, col 5 to line 234, col 38 of module twoPhaseSingleShard: 1000
@!@!@ENDMSG 2221 @!@!@
@!@!@STARTMSG 2221:0 @!@!@
  ||||line 224, col 5 to line 229, col 13 of module twoPhaseSingleShard: 2000
@!@!@ENDMSG 2221 @!@!@
@!@!@STARTMSG 2221:0 @!@!@
  |||||line 224, col 8 to line 224, col 41 of module twoPhaseSingleShard: 2000
@!@!@ENDMSG 2221 @!@!@
@!@!@STARTMSG 2221:0 @!@!@
  |||||line 226, col 9 to line 227, col 118 of module twoPhaseSingleShard: 2000
@!@!@ENDMSG 2221 @!@!@
@!@!@STARTMSG 2221:0 @!@!@
  ||||||line 226, col 12 to line 226, col 28 of module twoPhaseSingleShard: 2000
@!@!@ENDMSG 2221 @!@!@
@!@!@STARTMSG 2221:0 @!@!@
  ||||||line 226, col 35 to line 226, col 35 of module twoPhaseSingleShard: 1000
@!@!@ENDMSG 2221 @!@!@
@!@!@STARTMSG 2221:0 @!@!@
  ||||||line 227, col 14 to line 227, col 118 of module twoPhaseSingleShard: 1000
@!@!@ENDMSG 2221 @!@!@
@!@!@STARTMSG 2221:0 @!@!@
  |||||||line 227, col 23 to line 227, col 38 of module twoPhaseSingleShard: 1000
@!@!@ENDMSG 2221 @!@!@
@!@!@STARTMSG 2221:0 @!@!@
  |||||||line 227, col 49 to line 227, col 106 of module twoPhaseSingleShard: 1000
@!@!@ENDMSG 2221 @!@!@
@!@!@STARTMSG 2221:0 @!@!@
  ||||||||line 214, col 5 to line 215, col 75 of module twoPhaseSingleShard: 3472
@!@!@ENDMSG 2221 @!@!@
@!@!@STARTMSG 2221:0 @!@!@
  |||||||||line 214, col 8 to line 214, col 17 of module twoPhaseSingleShard: 3472
@!@!@ENDMSG 2221 @!@!@
@!@!@STARTMSG 2221:0 @!@!@
  |||||||||line 214, col 24 to line 214, col 24 of module twoPhaseSingleShard: 1000
@!@!@ENDMSG 2221 @!@!@
@!@!@STARTMSG 2221:0 @!@!@
  |||||||||line 215, col 10 to line 215, col 75 of module twoPhaseSingleShard: 2472
@!@!@ENDMSG 2221 @!@!@
@!@!@STARTMSG 2221:0 @!@!@
  ||||||||||line 215, col 26 to line 215, col 34 of module twoPhaseSingleShard: 2472
@!@!@ENDMSG 2221 @!@!@
@!@!@STARTMSG 2221:0 @!@!@
  ||||||||||line 215, col 37 to line 215, col 42 of module twoPhaseSingleShard: 1472
@!@!@ENDMSG 2221 @!@!@
@!@!@STARTMSG 2221:0 @!@!@
  ||||||||||line 215, col 46 to line 215, col 74 of module twoPhaseSingleShard: 2472
@!@!@ENDMSG 2221 @!@!@
@!@!@STARTMSG 2221:0 @!@!@
  |||||||||||line 170, col 5 to line 210, col 9 of module twoPhaseSingleShard: 2472
@!@!@ENDMSG 2221 @!@!@
@!@!@STARTMSG 2221:0 @!@!@
  ||||||||||||line 170, col 8 to line 170, col 44 of module twoPhaseSingleShard: 2472
@!@!@ENDMSG 2221 @!@!@
@!@!@STARTMSG 2221:0 @!@!@
  ||||||||||||line 172, col 9 to line 208, col 39 of module twoPhaseSingleShard: 2472
@!@!@ENDMSG 2221 @!@!@
@!@!@STARTMSG 2221:0 @!@!@
  |||||||||||||line 172, col 14 to line 172, col 54 of module twoPhaseSingleShard: 2472
@!@!@ENDMSG 2221 @!@!@
@!@!@STARTMSG 2221:0 @!@!@
  ||||||||||||||line 172, col 14 to line 172, col 30 of module twoPhaseSingleShard: 2472
@!@!@ENDMSG 2221 @!@!@
@!@!@STARTMSG 2221:0 @!@!@
  ||||||||||||||line 172, col 35 to line 172, col 54 of module twoPhaseSingleShard: 1736
@!@!@ENDMSG 2221 @!@!@
@!@!@STARTMSG 2221:0 @!@!@
  |||||||||||||line 172, col 61 to line 172, col 119 of module twoPhaseSingleShard: 1472
@!@!@ENDMSG 2221 @!@!@
@!@!@STARTMSG 2221:0 @!@!@
  |||||||||||||line 173, col 12 to line 173, col 55 of module twoPhaseSingleShard: 1000
@!@!@ENDMSG 2221 @!@!@
@!@!@STARTMSG 2221:0 @!@!@
  ||||||||||||||line 173, col 12 to line 173, col 28 of module twoPhaseSingleShard: 1000
@!@!@ENDMSG 2221 @!@!@
@!@!@STARTMSG 2221:0 @!@!@
  ||||||||||||||line 173, col 33 to line 173, col 55 of module twoPhaseSingleShard: 264
@!@!@ENDMSG 2221 @!@!@
@!@!@STARTMSG 2221:0 @!@!@
  |||||||||||||line 182, col 15 to line 184, col 20 of module twoPhaseSingleShard: 264
@!@!@ENDMSG 2221 @!@!@
@!@!@STARTMSG 2221:0 @!@!@
  |||||||||||||line 185, col 12 to line 185, col 52 of module twoPhaseSingleShard: 736
@!@!@ENDMSG 2221 @!@!@
@!@!@STARTMSG 2775:0 @!@!@
  |||||||||||||line 194, col 9 to line 194, col 30 of module twoPhaseSingleShard: 736:56
@!@!@ENDMSG 2775 @!@!@
@!@!@STARTMSG 2221:0 @!@!@
  ||||||||||||||line 194, col 10 to line 194, col 19 of module twoPhaseSingleShard: 1472
@!@!@ENDMSG 2221 @!@!@
@!@!@STARTMSG 2221:0 @!@!@
  |||||||||||||||line 188, col 17 to line 192, col 26 of module twoPhaseSingleShard: 1472
@!@!@ENDMSG 2221 @!@!@
@!@!@STARTMSG 2221:0 @!@!@
  ||||||||||||||||line 188, col 20 to line 188, col 45 of module twoPhaseSingleShard: 1472
@!@!@ENDMSG 2221 @!@!@
@!@!@STARTMSG 2221:0 @!@!@
  ||||||||||||||||line 189, col 25 to line 189, col 96 of module twoPhaseSingleShard: 736
@!@!@ENDMSG 2221 @!@!@
@!@!@STARTMSG 2221:0 @!@!@
  ||||||||||||||||line 192, col 26 to line 192, col 26 of module twoPhaseSingleShard: 736
@!@!@ENDMSG 2221 @!@!@
@!@!@STARTMSG 2221:0 @!@!@
  |||||||||||||||line 194, col 18 to line 194, col 18 of module twoPhaseSingleShard: 1472
@!@!@ENDMSG 2221 @!@!@
@!@!@STARTMSG 2221:0 @!@!@
  ||||||||||||||line 194, col 29 to line 194, col 29 of module twoPhaseSingleShard: 736
@!@!@ENDMSG 2221 @!@!@
@!@!@STARTMSG 2221:0 @!@!@
  |||||||||||line 215, col 54 to line 215, col 62 of module twoPhaseSingleShard: 2472
@!@!@ENDMSG 2221 @!@!@
@!@!@STARTMSG 2221:0 @!@!@
  |||||||||||line 215, col 65 to line 215, col 70 of module twoPhaseSingleShard: 2472
@!@!@ENDMSG 2221 @!@!@
@!@!@STARTMSG 2221:0 @!@!@
  |||||||||||line 215, col 73 to line 215, col 73 of module twoPhaseSingleShard: 2472
@!@!@ENDMSG 2221 @!@!@
@!@!@STARTMSG 2221:0 @!@!@
  ||||||||line 227, col 65 to line 227, col 94 of module twoPhaseSingleShard: 1000
@!@!@ENDMSG 2221 @!@!@
@!@!@STARTMSG 2221:0 @!@!@
  ||||||||line 227, col 97 to line 227, col 102 of module twoPhaseSingleShard: 1000
@!@!@ENDMSG 2221 @!@!@
@!@!@STARTMSG 2221:0 @!@!@
  ||||||||line 227, col 105 to line 227, col 105 of module twoPhaseSingleShard: 1000
@!@!@ENDMSG 2221 @!@!@
@!@!@STARTMSG 2221:0 @!@!@
  |||||||line 227, col 109 to line 227, col 117 of module twoPhaseSingleShard: 1000
@!@!@ENDMSG 2221 @!@!@
@!@!@STARTMSG 2221:0 @!@!@
  ||||line 234, col 14 to line 234, col 23 of module twoPhaseSingleShard: 1000
@!@!@ENDMSG 2221 @!@!@
@!@!@STARTMSG 2221:0 @!@!@
  ||||line 234, col 26 to line 234, col 31 of module twoPhaseSingleShard: 1000
@!@!@ENDMSG 2221 @!@!@
@!@!@STARTMSG 2221:0 @!@!@
  ||||line 234, col 34 to line 234, col 34 of module twoPhaseSingleShard: 1000
@!@!@ENDMSG 2221 @!@!@
@!@!@STARTMSG 2221:0 @!@!@
  |||line 872, col 74 to line 872, col 92 of module twoPhaseSingleShard: 1000
@!@!@ENDMSG 2221 @!@!@
@!@!@STARTMSG 2221:0 @!@!@
  |||line 872, col 95 to line 872, col 95 of module twoPhaseSingleShard: 1000
@!@!@ENDMSG 2221 @!@!@
@!@!@STARTMSG 2221:0 @!@!@
  |||line 872, col 98 to line 872, col 115 of module twoPhaseSingleShard: 1000
@!@!@ENDMSG 2221 @!@!@
@!@!@STARTMSG 2221:0 @!@!@
  line 874, col 9 to line 874, col 86 of module twoPhaseSingleShard: 2000
@!@!@ENDMSG 2221 @!@!@
@!@!@STARTMSG 2221:0 @!@!@
  |line 874, col 10 to line 874, col 86 of module twoPhaseSingleShard: 1000
@!@!@ENDMSG 2221 @!@!@
@!@!@STARTMSG 2221:0 @!@!@
  line 875, col 9 to line 875, col 75 of module twoPhaseSingleShard: 1000
@!@!@ENDMSG 2221 @!@!@
@!@!@STARTMSG 2221:0 @!@!@
  line 1279, col 29 to line 1279, col 29 of module twoPhaseSingleShard: 2791
@!@!@ENDMSG 2221 @!@!@
@!@!@STARTMSG 2221:0 @!@!@
  line 1279, col 32 to line 1279, col 42 of module twoPhaseSingleShard: 1151
@!@!@ENDMSG 2221 @!@!@
@!@!@STARTMSG 2221:0 @!@!@
  line 1279, col 45 to line 1279, col 60 of module twoPhaseSingleShard: 1151
@!@!@ENDMSG 2221 @!@!@
@!@!@STARTMSG 2221:0 @!@!@
  line 1279, col 64 to line 1279, col 83 of module twoPhaseSingleShard: 2791
@!@!@ENDMSG 2221 @!@!@
@!@!@STARTMSG 2221:0 @!@!@
  line 1279, col 86 to line 1279, col 95 of module twoPhaseSingleShard: 1151
@!@!@ENDMSG 2221 @!@!@
@!@!@STARTMSG 2221:0 @!@!@
  line 1280, col 8 to line 1280, col 23 of module twoPhaseSingleShard: 1151
@!@!@ENDMSG 2221 @!@!@
@!@!@STARTMSG 2221:0 @!@!@
  line 1281, col 8 to line 1281, col 121 of module twoPhaseSingleShard: 1151
@!@!@ENDMSG 2221 @!@!@
@!@!@STARTMSG 2221:0 @!@!@
  line 1388, col 36 to line 1388, col 36 of module twoPhaseSingleShard: 11958
@!@!@ENDMSG 2221 @!@!@
@!@!@STARTMSG 2221:0 @!@!@
  line 1388, col 39 to line 1388, col 39 of module twoPhaseSingleShard: 173283
@!@!@ENDMSG 2221 @!@!@
@!@!@STARTMSG 2221:0 @!@!@
  line 1389, col 16 to line 1389, col 35 of module twoPhaseSingleShard: 1151
@!@!@ENDMSG 2221 @!@!@
@!@!@STARTMSG 2221:0 @!@!@
  line 1387, col 16 to line 1387, col 20 of module twoPhaseSingleShard: 6187
@!@!@ENDMSG 2221 @!@!@
@!@!@STARTMSG 2221:0 @!@!@
  line 1387, col 29 to line 1387, col 46 of module twoPhaseSingleShard: 6187
@!@!@ENDMSG 2221 @!@!@
@!@!@STARTMSG 2775:0 @!@!@
  |line 58, col 5 to line 58, col 47 of module twoPhaseSingleShard: 6187:63948
@!@!@ENDMSG 2775 @!@!@
@!@!@STARTMSG 2221:0 @!@!@
  ||line 58, col 31 to line 58, col 45 of module twoPhaseSingleShard: 57761
@!@!@ENDMSG 2221 @!@!@
@!@!@STARTMSG 2221:0 @!@!@
  ||line 58, col 13 to line 58, col 27 of module twoPhaseSingleShard: 6187
@!@!@ENDMSG 2221 @!@!@
@!@!@STARTMSG 2221:0 @!@!@
  |line 1387, col 42 to line 1387, col 45 of module twoPhaseSingleShard: 6187
@!@!@ENDMSG 2221 @!@!@
@!@!@STARTMSG 2772:0 @!@!@
<Next line 1341, col 3 to line 1341, col 6 of module twoPhaseSingleShard (1392 7 1392 45)>: 0:0
@!@!@ENDMSG 2772 @!@!@
@!@!@STARTMSG 2221:0 @!@!@
  line 1303, col 7 to line 1303, col 27 of module twoPhaseSingleShard: 57751
@!@!@ENDMSG 2221 @!@!@
@!@!@STARTMSG 2221:0 @!@!@
  line 1304, col 7 to line 1304, col 36 of module twoPhaseSingleShard: 0
@!@!@ENDMSG 2221 @!@!@
@!@!@STARTMSG 2221:0 @!@!@
  line 1306, col 7 to line 1306, col 38 of module twoPhaseSingleShard: 0
@!@!@ENDMSG 2221 @!@!@
@!@!@STARTMSG 2221:0 @!@!@
  line 1307, col 7 to line 1307, col 22 of module twoPhaseSingleShard: 0
@!@!@ENDMSG 2221 @!@!@
@!@!@STARTMSG 2221:0 @!@!@
  line 1308, col 7 to line 1309, col 92 of module twoPhaseSingleShard: 0
@!@!@ENDMSG 2221 @!@!@
@!@!@STARTMSG 2221:0 @!@!@
  line 1392, col 44 to line 1392, col 44 of module twoPhaseSingleShard: 57751
@!@!@ENDMSG 2221 @!@!@
@!@!@STARTMSG 2221:0 @!@!@
  line 1392, col 16 to line 1392, col 33 of module twoPhaseSingleShard: 6186
@!@!@ENDMSG 2221 @!@!@
@!@!@STARTMSG 2775:0 @!@!@
  |line 58, col 5 to line 58, col 47 of module twoPhaseSingleShard: 6186:63937
@!@!@ENDMSG 2775 @!@!@
@!@!@STARTMSG 2221:0 @!@!@
  ||line 58, col 31 to line 58, col 45 of module twoPhaseSingleShard: 57751
@!@!@ENDMSG 2221 @!@!@
@!@!@STARTMSG 2221:0 @!@!@
  ||line 58, col 13 to line 58, col 27 of module twoPhaseSingleShard: 6186
@!@!@ENDMSG 2221 @!@!@
@!@!@STARTMSG 2221:0 @!@!@
  |line 1392, col 29 to line 1392, col 32 of module twoPhaseSingleShard: 6186
@!@!@ENDMSG 2221 @!@!@
@!@!@STARTMSG 2774:0 @!@!@
<LeadingEdgeInvariant line 1417, col 3 to line 1417, col 22 of module twoPhaseSingleShard>
@!@!@ENDMSG 2774 @!@!@
@!@!@STARTMSG 2221:0 @!@!@
  line 1422, col 3 to line 1424, col 45 of module twoPhaseSingleShard: 13353
@!@!@ENDMSG 2221 @!@!@
@!@!@STARTMSG 2221:0 @!@!@
  |line 1423, col 5 to line 1424, col 45 of module twoPhaseSingleShard: 120177
@!@!@ENDMSG 2221 @!@!@
@!@!@STARTMSG 2221:0 @!@!@
  ||line 1423, col 5 to line 1423, col 91 of module twoPhaseSingleShard: 120177
@!@!@ENDMSG 2221 @!@!@
@!@!@STARTMSG 2221:0 @!@!@
  ||line 1424, col 7 to line 1424, col 45 of module twoPhaseSingleShard: 75055
@!@!@ENDMSG 2221 @!@!@
@!@!@STARTMSG 2221:0 @!@!@
  |line 1422, col 17 to line 1422, col 21 of module twoPhaseSingleShard: 13353
@!@!@ENDMSG 2221 @!@!@
@!@!@STARTMSG 2774:0 @!@!@
<DependencyInvariant line 1426, col 3 to line 1426, col 21 of module twoPhaseSingleShard>
@!@!@ENDMSG 2774 @!@!@
@!@!@STARTMSG 2775:0 @!@!@
  line 1428, col 14 to line 1428, col 72 of module twoPhaseSingleShard: 13353:1201770
@!@!@ENDMSG 2775 @!@!@
@!@!@STARTMSG 2221:0 @!@!@
  |line 1428, col 16 to line 1428, col 36 of module twoPhaseSingleShard: 26706
@!@!@ENDMSG 2221 @!@!@
@!@!@STARTMSG 2221:0 @!@!@
  |line 1428, col 46 to line 1428, col 70 of module twoPhaseSingleShard: 13353
@!@!@ENDMSG 2221 @!@!@
@!@!@STARTMSG 2221:0 @!@!@
  line 1430, col 3 to line 1438, col 44 of module twoPhaseSingleShard: 13353
@!@!@ENDMSG 2221 @!@!@
@!@!@STARTMSG 2221:0 @!@!@
  |line 1431, col 5 to line 1438, col 44 of module twoPhaseSingleShard: 120177
@!@!@ENDMSG 2221 @!@!@
@!@!@STARTMSG 2221:0 @!@!@
  ||line 1432, col 9 to line 1438, col 44 of module twoPhaseSingleShard: 480708
@!@!@ENDMSG 2221 @!@!@
@!@!@STARTMSG 2221:0 @!@!@
  |||line 1432, col 9 to line 1436, col 47 of module twoPhaseSingleShard: 480708
@!@!@ENDMSG 2221 @!@!@
@!@!@STARTMSG 2221:0 @!@!@
  ||||line 1432, col 12 to line 1432, col 51 of module twoPhaseSingleShard: 480708
@!@!@ENDMSG 2221 @!@!@
@!@!@STARTMSG 2221:0 @!@!@
  ||||line 1433, col 12 to line 1433, col 51 of module twoPhaseSingleShard: 288042
@!@!@ENDMSG 2221 @!@!@
@!@!@STARTMSG 2221:0 @!@!@
  ||||line 1434, col 12 to line 1434, col 51 of module twoPhaseSingleShard: 209133
@!@!@ENDMSG 2221 @!@!@
@!@!@STARTMSG 2221:0 @!@!@
  ||||line 1435, col 12 to line 1435, col 51 of module twoPhaseSingleShard: 156571
@!@!@ENDMSG 2221 @!@!@
@!@!@STARTMSG 2221:0 @!@!@
  ||||line 1436, col 12 to line 1436, col 47 of module twoPhaseSingleShard: 142039
@!@!@ENDMSG 2221 @!@!@
@!@!@STARTMSG 2221:0 @!@!@
  |||line 1438, col 9 to line 1438, col 44 of module twoPhaseSingleShard: 3857
@!@!@ENDMSG 2221 @!@!@
@!@!@STARTMSG 2221:0 @!@!@
  ||line 1431, col 17 to line 1431, col 23 of module twoPhaseSingleShard: 120177
@!@!@ENDMSG 2221 @!@!@
@!@!@STARTMSG 2221:0 @!@!@
  |line 1430, col 17 to line 1430, col 21 of module twoPhaseSingleShard: 13353
@!@!@ENDMSG 2221 @!@!@
@!@!@STARTMSG 2774:0 @!@!@
<DummyInvariant2 line 1411, col 2 to line 1411, col 16 of module twoPhaseSingleShard>
@!@!@ENDMSG 2774 @!@!@
@!@!@STARTMSG 2221:0 @!@!@
  line 1412, col 5 to line 1412, col 47 of module twoPhaseSingleShard: 13353
@!@!@ENDMSG 2221 @!@!@
@!@!@STARTMSG 2774:0 @!@!@
<CommitAbortInvariant line 1440, col 3 to line 1440, col 22 of module twoPhaseSingleShard>
@!@!@ENDMSG 2774 @!@!@
@!@!@STARTMSG 2221:0 @!@!@
  line 1441, col 4 to line 1446, col 22 of module twoPhaseSingleShard: 13353
@!@!@ENDMSG 2221 @!@!@
@!@!@STARTMSG 2221:0 @!@!@
  |line 1442, col 7 to line 1446, col 22 of module twoPhaseSingleShard: 1492035
@!@!@ENDMSG 2221 @!@!@
@!@!@STARTMSG 2221:0 @!@!@
  ||line 1442, col 7 to line 1445, col 30 of module twoPhaseSingleShard: 1492035
@!@!@ENDMSG 2221 @!@!@
@!@!@STARTMSG 2221:0 @!@!@
  |||line 1442, col 11 to line 1442, col 28 of module twoPhaseSingleShard: 1492035
@!@!@ENDMSG 2221 @!@!@
@!@!@STARTMSG 2221:0 @!@!@
  |||line 1443, col 11 to line 1443, col 27 of module twoPhaseSingleShard: 136891
@!@!@ENDMSG 2221 @!@!@
@!@!@STARTMSG 2221:0 @!@!@
  |||line 1444, col 11 to line 1444, col 29 of module twoPhaseSingleShard: 5579
@!@!@ENDMSG 2221 @!@!@
@!@!@STARTMSG 2221:0 @!@!@
  |||line 1445, col 11 to line 1445, col 29 of module twoPhaseSingleShard: 5579
@!@!@ENDMSG 2221 @!@!@
@!@!@STARTMSG 2221:0 @!@!@
  ||line 1446, col 10 to line 1446, col 22 of module twoPhaseSingleShard: 5579
@!@!@ENDMSG 2221 @!@!@
@!@!@STARTMSG 2221:0 @!@!@
  |line 1441, col 18 to line 1441, col 29 of module twoPhaseSingleShard: 13353
@!@!@ENDMSG 2221 @!@!@
@!@!@STARTMSG 2774:0 @!@!@
<ConflictingTxNodeCommit line 1448, col 3 to line 1448, col 25 of module twoPhaseSingleShard>
@!@!@ENDMSG 2774 @!@!@
@!@!@STARTMSG 2775:0 @!@!@
  line 1450, col 14 to line 1450, col 72 of module twoPhaseSingleShard: 13352:133520
@!@!@ENDMSG 2775 @!@!@
@!@!@STARTMSG 2221:0 @!@!@
  |line 1450, col 16 to line 1450, col 36 of module twoPhaseSingleShard: 26704
@!@!@ENDMSG 2221 @!@!@
@!@!@STARTMSG 2221:0 @!@!@
  |line 1450, col 46 to line 1450, col 70 of module twoPhaseSingleShard: 13352
@!@!@ENDMSG 2221 @!@!@
@!@!@STARTMSG 2221:0 @!@!@
  line 1452, col 3 to line 1463, col 52 of module twoPhaseSingleShard: 13352
@!@!@ENDMSG 2221 @!@!@
@!@!@STARTMSG 2221:0 @!@!@
  |line 1453, col 5 to line 1463, col 52 of module twoPhaseSingleShard: 53408
@!@!@ENDMSG 2221 @!@!@
@!@!@STARTMSG 2221:0 @!@!@
  ||line 1454, col 7 to line 1463, col 52 of module twoPhaseSingleShard: 480672
@!@!@ENDMSG 2221 @!@!@
@!@!@STARTMSG 2221:0 @!@!@
  |||line 1454, col 9 to line 1463, col 51 of module twoPhaseSingleShard: 480672
@!@!@ENDMSG 2221 @!@!@
@!@!@STARTMSG 2221:0 @!@!@
  ||||line 1454, col 9 to line 1462, col 51 of module twoPhaseSingleShard: 480672
@!@!@ENDMSG 2221 @!@!@
@!@!@STARTMSG 2221:0 @!@!@
  |||||line 1454, col 9 to line 1461, col 55 of module twoPhaseSingleShard: 480672
@!@!@ENDMSG 2221 @!@!@
@!@!@STARTMSG 2221:0 @!@!@
  ||||||line 1454, col 9 to line 1460, col 59 of module twoPhaseSingleShard: 480672
@!@!@ENDMSG 2221 @!@!@
@!@!@STARTMSG 2221:0 @!@!@
  |||||||line 1454, col 9 to line 1459, col 56 of module twoPhaseSingleShard: 480672
@!@!@ENDMSG 2221 @!@!@
@!@!@STARTMSG 2221:0 @!@!@
  ||||||||line 1454, col 9 to line 1457, col 55 of module twoPhaseSingleShard: 480672
@!@!@ENDMSG 2221 @!@!@
@!@!@STARTMSG 2221:0 @!@!@
  |||||||||line 1454, col 9 to line 1456, col 59 of module twoPhaseSingleShard: 480672
@!@!@ENDMSG 2221 @!@!@
@!@!@STARTMSG 2221:0 @!@!@
  ||||||||||line 1454, col 9 to line 1455, col 56 of module twoPhaseSingleShard: 480672
@!@!@ENDMSG 2221 @!@!@
@!@!@STARTMSG 2221:0 @!@!@
  |||||||||||line 1454, col 9 to line 1454, col 20 of module twoPhaseSingleShard: 480672
@!@!@ENDMSG 2221 @!@!@
@!@!@STARTMSG 2221:0 @!@!@
  |||||||||||line 1455, col 10 to line 1455, col 56 of module twoPhaseSingleShard: 240336
@!@!@ENDMSG 2221 @!@!@
@!@!@STARTMSG 2221:0 @!@!@
  ||||||||||line 1456, col 10 to line 1456, col 59 of module twoPhaseSingleShard: 67428
@!@!@ENDMSG 2221 @!@!@
@!@!@STARTMSG 2221:0 @!@!@
  |||||||||line 1457, col 10 to line 1457, col 55 of module twoPhaseSingleShard: 66240
@!@!@ENDMSG 2221 @!@!@
@!@!@STARTMSG 2221:0 @!@!@
  ||||||||line 1459, col 10 to line 1459, col 56 of module twoPhaseSingleShard: 15171
@!@!@ENDMSG 2221 @!@!@
@!@!@STARTMSG 2221:0 @!@!@
  |||||||line 1460, col 10 to line 1460, col 59 of module twoPhaseSingleShard: 140
@!@!@ENDMSG 2221 @!@!@
@!@!@STARTMSG 2221:0 @!@!@
  ||line 1453, col 17 to line 1453, col 21 of module twoPhaseSingleShard: 53408
@!@!@ENDMSG 2221 @!@!@
@!@!@STARTMSG 2221:0 @!@!@
  |line 1452, col 19 to line 1452, col 25 of module twoPhaseSingleShard: 13352
@!@!@ENDMSG 2221 @!@!@
@!@!@STARTMSG 2202:0 @!@!@
End of statistics.
@!@!@ENDMSG 2202 @!@!@
@!@!@STARTMSG 2200:0 @!@!@
Progress(12) at 2025-07-22 00:41:51: 31,312 states generated (243,578 s/min), 13,353 distinct states found (103,873 ds/min), 7,165 states left on queue.
@!@!@ENDMSG 2200 @!@!@
@!@!@STARTMSG 2199:0 @!@!@
31312 states generated, 13353 distinct states found, 7165 states left on queue.
@!@!@ENDMSG 2199 @!@!@
@!@!@STARTMSG 2194:0 @!@!@
The depth of the complete state graph search is 12.
@!@!@ENDMSG 2194 @!@!@
@!@!@STARTMSG 2268:0 @!@!@
The average outdegree of the complete state graph is 2 (minimum is 0, the maximum 9 and the 95th percentile is 5).
@!@!@ENDMSG 2268 @!@!@
@!@!@STARTMSG 2186:0 @!@!@
Finished in 7719ms at (2025-07-22 00:41:51)
@!@!@ENDMSG 2186 @!@!@
